
INSERT IGNORE INTO `t_amz_adv_report_metrics` (`id`, `campaigntype`, `reporttype`, `segment`, `activeType`, `metrics`, `level`, `reponsetype`, `nomarket`, `disablevendor`) VALUES
	(101, 'sp', 'campaigns', NULL, NULL, 'campaignId,campaignBudget,\r\nimpressions,clicks,cost,\r\nattributedConversions1d,attributedConversions7d,attributedConversions14d,attributedConversions30d,\r\nattributedUnitsOrdered1d,attributedUnitsOrdered7d,attributedUnitsOrdered14d,attributedUnitsOrdered30d,\r\nattributedSales1d,attributedSales7d,attributedSales14d,attributedSales30d,\r\nattributedUnitsOrdered1dSameSKU,attributedUnitsOrdered7dSameSKU,attributedUnitsOrdered14dSameSKU,attributedUnitsOrdered30dSameSKU,\r\nattributedConversions1dSameSKU,attributedConversions7dSameSKU,attributedConversions14dSameSKU,attributedConversions30dSameSKU,\r\nattributedSales1dSameSKU,attributedSales7dSameSKU,attributedSales14dSameSKU,attributedSales30dSameSKU', 1, 'campaign', NULL, b'0'),
	(102, 'sp', 'campaigns', 'placement', NULL, 'campaignId,campaignBudget,\r\nimpressions,clicks,cost,\r\nattributedConversions1d,attributedConversions7d,attributedConversions14d,attributedConversions30d,\r\nattributedUnitsOrdered1d,attributedUnitsOrdered7d,attributedUnitsOrdered14d,attributedUnitsOrdered30d,\r\nattributedSales1d,attributedSales7d,attributedSales14d,attributedSales30d,\r\nattributedUnitsOrdered1dSameSKU,attributedUnitsOrdered7dSameSKU,attributedUnitsOrdered14dSameSKU,attributedUnitsOrdered30dSameSKU,\r\nattributedConversions1dSameSKU,attributedConversions7dSameSKU,attributedConversions14dSameSKU,attributedConversions30dSameSKU,\r\nattributedSales1dSameSKU,attributedSales7dSameSKU,attributedSales14dSameSKU,attributedSales30dSameSKU', 5, 'campaign', NULL, b'0'),
	(103, 'sp', 'adGroups', NULL, NULL, 'adGroupId,campaignId,\r\nimpressions,clicks,cost,\r\nattributedConversions1d,attributedConversions7d,attributedConversions14d,attributedConversions30d,\r\nattributedUnitsOrdered1d,attributedUnitsOrdered7d,attributedUnitsOrdered14d,attributedUnitsOrdered30d,\r\nattributedSales1d,attributedSales7d,attributedSales14d,attributedSales30d,\r\nattributedUnitsOrdered1dSameSKU,attributedUnitsOrdered7dSameSKU,attributedUnitsOrdered14dSameSKU,attributedUnitsOrdered30dSameSKU,\r\nattributedConversions1dSameSKU,attributedConversions7dSameSKU,attributedConversions14dSameSKU,attributedConversions30dSameSKU,\r\nattributedSales1dSameSKU,attributedSales7dSameSKU,attributedSales14dSameSKU,attributedSales30dSameSKU', 1, 'adGroup', NULL, b'0'),
	(104, 'sp', 'productAds', NULL, NULL, 'campaignId,adGroupId,\r\nimpressions,clicks,cost,\r\nattributedConversions1d,attributedConversions7d,attributedConversions14d,attributedConversions30d,\r\nattributedUnitsOrdered1d,attributedUnitsOrdered7d,attributedUnitsOrdered14d,attributedUnitsOrdered30d,\r\nattributedSales1d,attributedSales7d,attributedSales14d,attributedSales30d,\r\nattributedUnitsOrdered1dSameSKU,attributedUnitsOrdered7dSameSKU,attributedUnitsOrdered14dSameSKU,attributedUnitsOrdered30dSameSKU,\r\nattributedConversions1dSameSKU,attributedConversions7dSameSKU,attributedConversions14dSameSKU,attributedConversions30dSameSKU,\r\nattributedSales1dSameSKU,attributedSales7dSameSKU,attributedSales14dSameSKU,attributedSales30dSameSKU', 1, 'productAd', NULL, b'0'),
	(105, 'sp', 'targets', NULL, NULL, 'targetId,campaignId,adGroupId,\r\nimpressions,clicks,cost,\r\nattributedConversions1d,attributedConversions7d,attributedConversions14d,attributedConversions30d,\r\nattributedUnitsOrdered1d,attributedUnitsOrdered7d,attributedUnitsOrdered14d,attributedUnitsOrdered30d,\r\nattributedSales1d,attributedSales7d,attributedSales14d,attributedSales30d,\r\nattributedUnitsOrdered1dSameSKU,attributedUnitsOrdered7dSameSKU,attributedUnitsOrdered14dSameSKU,attributedUnitsOrdered30dSameSKU,\r\nattributedConversions1dSameSKU,attributedConversions7dSameSKU,attributedConversions14dSameSKU,attributedConversions30dSameSKU,\r\nattributedSales1dSameSKU,attributedSales7dSameSKU,attributedSales14dSameSKU,attributedSales30dSameSKU', 4, 'targets', NULL, b'0'),
	(106, 'sp', 'keywords', NULL, NULL, 'keywordId,campaignId,adGroupId,\r\nimpressions,clicks,cost,\r\nattributedConversions1d,attributedConversions7d,attributedConversions14d,attributedConversions30d,\r\nattributedUnitsOrdered1d,attributedUnitsOrdered7d,attributedUnitsOrdered14d,attributedUnitsOrdered30d,\r\nattributedSales1d,attributedSales7d,attributedSales14d,attributedSales30d,\r\nattributedUnitsOrdered1dSameSKU,attributedUnitsOrdered7dSameSKU,attributedUnitsOrdered14dSameSKU,attributedUnitsOrdered30dSameSKU,\r\nattributedConversions1dSameSKU,attributedConversions7dSameSKU,attributedConversions14dSameSKU,attributedConversions30dSameSKU,\r\nattributedSales1dSameSKU,attributedSales7dSameSKU,attributedSales14dSameSKU,attributedSales30dSameSKU', 4, 'keyword', NULL, b'0'),
	(107, 'sp', 'keywords', 'query', NULL, 'keywordId,campaignId,adGroupId,\r\nimpressions,clicks,cost,\r\nattributedConversions1d,attributedConversions7d,attributedConversions14d,attributedConversions30d,\r\nattributedUnitsOrdered1d,attributedUnitsOrdered7d,attributedUnitsOrdered14d,attributedUnitsOrdered30d,\r\nattributedSales1d,attributedSales7d,attributedSales14d,attributedSales30d,\r\nattributedUnitsOrdered1dSameSKU,attributedUnitsOrdered7dSameSKU,attributedUnitsOrdered14dSameSKU,attributedUnitsOrdered30dSameSKU,\r\nattributedConversions1dSameSKU,attributedConversions7dSameSKU,attributedConversions14dSameSKU,attributedConversions30dSameSKU,\r\nattributedSales1dSameSKU,attributedSales7dSameSKU,attributedSales14dSameSKU,attributedSales30dSameSKU', 5, 'keyword', NULL, b'0'),
	(108, 'sp', 'asins', NULL, NULL, 'campaignId,adGroupId,keywordId,asin,otherAsin,\r\nattributedUnitsOrdered1dOtherSKU,attributedUnitsOrdered7dOtherSKU,attributedUnitsOrdered14dOtherSKU,attributedUnitsOrdered30dOtherSKU,\r\nattributedSales1dOtherSKU,attributedSales7dOtherSKU,attributedSales14dOtherSKU,attributedSales30dOtherSKU', 5, 'otherAsin', NULL, b'0'),
	(109, 'sp', 'targets', 'query', NULL, 'targetId,campaignId,adGroupId,\r\nimpressions,clicks,cost,\r\nattributedConversions1d,attributedConversions7d,attributedConversions14d,attributedConversions30d,\r\nattributedUnitsOrdered1d,attributedUnitsOrdered7d,attributedUnitsOrdered14d,attributedUnitsOrdered30d,\r\nattributedSales1d,attributedSales7d,attributedSales14d,attributedSales30d,\r\nattributedUnitsOrdered1dSameSKU,attributedUnitsOrdered7dSameSKU,attributedUnitsOrdered14dSameSKU,attributedUnitsOrdered30dSameSKU,\r\nattributedConversions1dSameSKU,attributedConversions7dSameSKU,attributedConversions14dSameSKU,attributedConversions30dSameSKU,\r\nattributedSales1dSameSKU,attributedSales7dSameSKU,attributedSales14dSameSKU,attributedSales30dSameSKU', 5, 'targets', NULL, b'0'),
	(221, 'hsa', 'campaigns', NULL, NULL, 'campaignBudget,\r\nimpressions,clicks,cost,\r\nattributedSales14d,attributedSales14dSameSKU,attributedConversions14d,attributedConversions14dSameSKU,\r\nattributedDetailPageViewsClicks14d,attributedOrdersNewToBrand14d,attributedOrdersNewToBrandPercentage14d,attributedOrderRateNewToBrand14d,\r\nattributedSalesNewToBrand14d,attributedSalesNewToBrandPercentage14d,attributedUnitsOrderedNewToBrand14d,attributedUnitsOrderedNewToBrandPercentage14d,\r\nunitsSold14d,dpv14d', 1, 'campaign', NULL, b'0'),
	(222, 'hsa', 'campaigns', NULL, 'video', 'campaignBudget,\r\nimpressions,clicks,cost,\r\nattributedSales14d,attributedSales14dSameSKU,attributedConversions14d,attributedConversions14dSameSKU,\r\nviewableImpressions,videoFirstQuartileViews,videoMidpointViews,videoThirdQuartileViews,	\r\nvideoCompleteViews,video5SecondViews,video5SecondViewRate,videoUnmutes,vtr,vctr', 1, 'campaign', NULL, b'0'),
	(223, 'hsa', 'campaigns', 'placement', NULL, 'campaignId,campaignBudget,\r\nimpressions,clicks,cost,\r\nattributedSales14d,attributedSales14dSameSKU,attributedConversions14d,attributedConversions14dSameSKU,\r\nattributedDetailPageViewsClicks14d,attributedOrdersNewToBrand14d,attributedOrdersNewToBrandPercentage14d,attributedOrderRateNewToBrand14d,\r\nattributedSalesNewToBrand14d,attributedSalesNewToBrandPercentage14d,attributedUnitsOrderedNewToBrand14d,attributedUnitsOrderedNewToBrandPercentage14d,\r\nunitsSold14d,dpv14d', 5, 'campaign', NULL, b'0'),
	(224, 'hsa', 'campaigns', 'placement', 'video', 'campaignId,campaignBudget,\r\nimpressions,clicks,cost,\r\nattributedSales14d,attributedSales14dSameSKU,attributedConversions14d,attributedConversions14dSameSKU,\r\nviewableImpressions,videoFirstQuartileViews,videoMidpointViews,videoThirdQuartileViews,	\r\nvideoCompleteViews,video5SecondViews,video5SecondViewRate,videoUnmutes,vtr,vctr', 5, 'campaign', NULL, b'0'),
	(225, 'hsa', 'targets', NULL, NULL, 'campaignId,adGroupId,targetId,\r\nimpressions,clicks,cost,\r\nattributedSales14d,attributedSales14dSameSKU,attributedConversions14d,attributedConversions14dSameSKU,\r\nattributedDetailPageViewsClicks14d,attributedOrdersNewToBrand14d,attributedOrdersNewToBrandPercentage14d,attributedOrderRateNewToBrand14d,\r\nattributedSalesNewToBrand14d,attributedSalesNewToBrandPercentage14d,attributedUnitsOrderedNewToBrand14d,attributedUnitsOrderedNewToBrandPercentage14d,\r\nunitsSold14d,dpv14d', 5, 'targets', NULL, b'0'),
	(226, 'hsa', 'keywords', NULL, NULL, 'campaignId,adGroupId,keywordId,keywordBid,\r\nimpressions,clicks,cost,\r\nattributedSales14d,attributedSales14dSameSKU,attributedConversions14d,attributedConversions14dSameSKU,\r\nattributedDetailPageViewsClicks14d,attributedOrdersNewToBrand14d,attributedOrdersNewToBrandPercentage14d,attributedOrderRateNewToBrand14d,\r\nattributedSalesNewToBrand14d,attributedSalesNewToBrandPercentage14d,attributedUnitsOrderedNewToBrand14d,attributedUnitsOrderedNewToBrandPercentage14d,\r\nunitsSold14d,dpv14d', 4, 'keyword', NULL, b'0'),
	(227, 'hsa', 'keywords', NULL, 'video', 'campaignId,adGroupId,keywordId,keywordBid,\r\nimpressions,clicks,cost,\r\nattributedSales14d,attributedSales14dSameSKU,attributedConversions14d,attributedConversions14dSameSKU,\r\nviewableImpressions,videoFirstQuartileViews,videoMidpointViews,videoThirdQuartileViews,	\r\nvideoCompleteViews,video5SecondViews,video5SecondViewRate,videoUnmutes,vtr,vctr', 5, 'keyword', NULL, b'0'),
	(228, 'hsa', 'keywords', 'query', NULL, 'keywordId,campaignId,adGroupId,impressions,clicks,cost,attributedSales14d,attributedConversions14d\r\n', 5, 'keyword', NULL, b'0'),
	(229, 'hsa', 'keywords', 'query', 'video', 'keywordId,campaignId,adGroupId,impressions,clicks,cost,attributedSales14d,attributedConversions14d\r\n', 5, 'keyword', NULL, b'0'),
	(321, 'sd', 'campaigns', 'T00001', NULL, 'campaignId,clicks,cost,impressions,attributedDPV14d,attributedUnitsSold14d,attributedSales14d', 2, 'campaigns', 'A1AM78C64UM0Y8,ATVPDKIKX0DER,A2EUQ1WTGCTBG2', b'1'),
	(322, 'sd', 'campaigns', 'T00020', NULL, 'campaignId,impressions,clicks,cost,\r\nattributedConversions1d,attributedConversions7d,attributedConversions14d,attributedConversions30d,\r\nattributedUnitsOrdered1d,attributedUnitsOrdered7d,attributedUnitsOrdered14d,attributedUnitsOrdered30d,\r\nattributedSales1d,attributedSales7d,attributedSales14d,attributedSales30d,\r\nattributedConversions1dSameSKU,attributedConversions7dSameSKU,attributedConversions14dSameSKU,attributedConversions30dSameSKU,\r\nattributedSales1dSameSKU,attributedSales7dSameSKU,attributedSales14dSameSKU,attributedSales30dSameSKU,\r\nattributedOrdersNewToBrand14d,attributedSalesNewToBrand14d,attributedUnitsOrderedNewToBrand14d,\r\nviewImpressions,viewAttributedConversions14d,viewAttributedSales14d,viewAttributedUnitsOrdered14d', 1, 'campaigns', 'A1C3SOZRARQ6R3', b'0'),
	(323, 'sd', 'campaigns', 'T00030', NULL, 'campaignId,impressions,clicks,cost,\r\nattributedConversions1d,attributedConversions7d,attributedConversions14d,attributedConversions30d,\r\nattributedUnitsOrdered1d,attributedUnitsOrdered7d,attributedUnitsOrdered14d,attributedUnitsOrdered30d,\r\nattributedSales1d,attributedSales7d,attributedSales14d,attributedSales30d,\r\nattributedConversions1dSameSKU,attributedConversions7dSameSKU,attributedConversions14dSameSKU,attributedConversions30dSameSKU,\r\nattributedSales1dSameSKU,attributedSales7dSameSKU,attributedSales14dSameSKU,attributedSales30dSameSKU,\r\nattributedOrdersNewToBrand14d,attributedSalesNewToBrand14d,attributedUnitsOrderedNewToBrand14d,\r\nviewImpressions,viewAttributedConversions14d,viewAttributedSales14d,viewAttributedUnitsOrdered14d', 2, 'campaigns', NULL, b'0'),
	(324, 'sd', 'campaigns', 'remarketing', NULL, 'campaignId,impressions,clicks,cost,\r\nattributedConversions1d,attributedConversions7d,attributedConversions14d,attributedConversions30d,\r\nattributedUnitsOrdered1d,attributedUnitsOrdered7d,attributedUnitsOrdered14d,attributedUnitsOrdered30d,\r\nattributedSales1d,attributedSales7d,attributedSales14d,attributedSales30d,\r\nattributedConversions1dSameSKU,attributedConversions7dSameSKU,attributedConversions14dSameSKU,attributedConversions30dSameSKU,\r\nattributedSales1dSameSKU,attributedSales7dSameSKU,attributedSales14dSameSKU,attributedSales30dSameSKU,\r\nattributedOrdersNewToBrand14d,attributedSalesNewToBrand14d,attributedUnitsOrderedNewToBrand14d,\r\nviewImpressions,viewAttributedConversions14d,viewAttributedSales14d,viewAttributedUnitsOrdered14d', 2, 'campaigns', 'ATVPDKIKX0DER', b'0'),
	(325, 'sd', 'adGroups', 'T00020', NULL, 'adGroupId,campaignId,impressions,clicks,cost,\r\nattributedConversions1d,attributedConversions7d,attributedConversions14d,attributedConversions30d,\r\nattributedUnitsOrdered1d,attributedUnitsOrdered7d,attributedUnitsOrdered14d,attributedUnitsOrdered30d,\r\nattributedSales1d,attributedSales7d,attributedSales14d,attributedSales30d,\r\nattributedConversions1dSameSKU,attributedConversions7dSameSKU,attributedConversions14dSameSKU,attributedConversions30dSameSKU,\r\nattributedSales1dSameSKU,attributedSales7dSameSKU,attributedSales14dSameSKU,attributedSales30dSameSKU,\r\nattributedOrdersNewToBrand14d,attributedSalesNewToBrand14d,attributedUnitsOrderedNewToBrand14d,\r\nviewImpressions,viewAttributedConversions14d,viewAttributedSales14d,viewAttributedUnitsOrdered14d', 3, 'adGroups', NULL, b'0'),
	(326, 'sd', 'adGroups', 'T00030', NULL, 'adGroupId,campaignId,impressions,clicks,cost,\r\nattributedConversions1d,attributedConversions7d,attributedConversions14d,attributedConversions30d,\r\nattributedUnitsOrdered1d,attributedUnitsOrdered7d,attributedUnitsOrdered14d,attributedUnitsOrdered30d,\r\nattributedSales1d,attributedSales7d,attributedSales14d,attributedSales30d,\r\nattributedConversions1dSameSKU,attributedConversions7dSameSKU,attributedConversions14dSameSKU,attributedConversions30dSameSKU,\r\nattributedSales1dSameSKU,attributedSales7dSameSKU,attributedSales14dSameSKU,attributedSales30dSameSKU,\r\nattributedOrdersNewToBrand14d,attributedSalesNewToBrand14d,attributedUnitsOrderedNewToBrand14d,\r\nviewImpressions,viewAttributedConversions14d,viewAttributedSales14d,viewAttributedUnitsOrdered14d', 3, 'adGroups', NULL, b'0'),
	(327, 'sd', 'adGroups', 'remarketing', NULL, 'adGroupId,campaignId,impressions,clicks,cost,\r\nattributedConversions1d,attributedConversions7d,attributedConversions14d,attributedConversions30d,\r\nattributedUnitsOrdered1d,attributedUnitsOrdered7d,attributedUnitsOrdered14d,attributedUnitsOrdered30d,\r\nattributedSales1d,attributedSales7d,attributedSales14d,attributedSales30d,\r\nattributedConversions1dSameSKU,attributedConversions7dSameSKU,attributedConversions14dSameSKU,attributedConversions30dSameSKU,\r\nattributedSales1dSameSKU,attributedSales7dSameSKU,attributedSales14dSameSKU,attributedSales30dSameSKU,\r\nattributedOrdersNewToBrand14d,attributedSalesNewToBrand14d,attributedUnitsOrderedNewToBrand14d,\r\nviewImpressions,viewAttributedConversions14d,viewAttributedSales14d,viewAttributedUnitsOrdered14d', 3, 'adGroups', 'ATVPDKIKX0DER', b'0'),
	(328, 'sd', 'productAds', 'T00020', NULL, 'campaignId,adGroupId,adId,impressions,clicks,cost,\r\nattributedConversions1d,attributedConversions7d,attributedConversions14d,attributedConversions30d,\r\nattributedUnitsOrdered1d,attributedUnitsOrdered7d,attributedUnitsOrdered14d,attributedUnitsOrdered30d,\r\nattributedSales1d,attributedSales7d,attributedSales14d,attributedSales30d,\r\nattributedConversions1dSameSKU,attributedConversions7dSameSKU,attributedConversions14dSameSKU,attributedConversions30dSameSKU,\r\nattributedSales1dSameSKU,attributedSales7dSameSKU,attributedSales14dSameSKU,attributedSales30dSameSKU,\r\nattributedOrdersNewToBrand14d,attributedSalesNewToBrand14d,attributedUnitsOrderedNewToBrand14d,\r\nviewImpressions,viewAttributedConversions14d,viewAttributedSales14d,viewAttributedUnitsOrdered14d', 3, 'productAds', 'A1C3SOZRARQ6R3', b'0'),
	(329, 'sd', 'productAds', 'T00030', NULL, 'campaignId,adGroupId,adId,impressions,clicks,cost,\r\nattributedConversions1d,attributedConversions7d,attributedConversions14d,attributedConversions30d,\r\nattributedUnitsOrdered1d,attributedUnitsOrdered7d,attributedUnitsOrdered14d,attributedUnitsOrdered30d,\r\nattributedSales1d,attributedSales7d,attributedSales14d,attributedSales30d,\r\nattributedConversions1dSameSKU,attributedConversions7dSameSKU,attributedConversions14dSameSKU,attributedConversions30dSameSKU,\r\nattributedSales1dSameSKU,attributedSales7dSameSKU,attributedSales14dSameSKU,attributedSales30dSameSKU,\r\nattributedOrdersNewToBrand14d,attributedSalesNewToBrand14d,attributedUnitsOrderedNewToBrand14d,\r\nviewImpressions,viewAttributedConversions14d,viewAttributedSales14d,viewAttributedUnitsOrdered14d', 3, 'productAds', NULL, b'0'),
	(330, 'sd', 'productAds', 'remarketing', NULL, 'campaignId,adGroupId,adId,impressions,clicks,cost,\r\nattributedConversions1d,attributedConversions7d,attributedConversions14d,attributedConversions30d,\r\nattributedUnitsOrdered1d,attributedUnitsOrdered7d,attributedUnitsOrdered14d,attributedUnitsOrdered30d,\r\nattributedSales1d,attributedSales7d,attributedSales14d,attributedSales30d,\r\nattributedConversions1dSameSKU,attributedConversions7dSameSKU,attributedConversions14dSameSKU,attributedConversions30dSameSKU,\r\nattributedSales1dSameSKU,attributedSales7dSameSKU,attributedSales14dSameSKU,attributedSales30dSameSKU,\r\nattributedOrdersNewToBrand14d,attributedSalesNewToBrand14d,attributedUnitsOrderedNewToBrand14d,\r\nviewImpressions,viewAttributedConversions14d,viewAttributedSales14d,viewAttributedUnitsOrdered14d', 3, 'productAds', 'ATVPDKIKX0DER', b'0'),
	(331, 'sd', 'targets', 'T00020', NULL, 'targetId,adGroupId,campaignId,impressions,clicks,cost,\r\nattributedConversions1d,attributedConversions7d,attributedConversions14d,attributedConversions30d,\r\nattributedUnitsOrdered1d,attributedUnitsOrdered7d,attributedUnitsOrdered14d,attributedUnitsOrdered30d,\r\nattributedSales1d,attributedSales7d,attributedSales14d,attributedSales30d,\r\nattributedConversions1dSameSKU,attributedConversions7dSameSKU,attributedConversions14dSameSKU,attributedConversions30dSameSKU,\r\nattributedSales1dSameSKU,attributedSales7dSameSKU,attributedSales14dSameSKU,attributedSales30dSameSKU,\r\nattributedOrdersNewToBrand14d,attributedSalesNewToBrand14d,attributedUnitsOrderedNewToBrand14d,\r\nviewImpressions,viewAttributedConversions14d,viewAttributedSales14d,viewAttributedUnitsOrdered14d', 4, 'targets', 'A1C3SOZRARQ6R3', b'0'),
	(332, 'sd', 'targets', 'T00030', NULL, 'targetId,adGroupId,campaignId,impressions,clicks,cost,\r\nattributedConversions1d,attributedConversions7d,attributedConversions14d,attributedConversions30d,\r\nattributedUnitsOrdered1d,attributedUnitsOrdered7d,attributedUnitsOrdered14d,attributedUnitsOrdered30d,\r\nattributedSales1d,attributedSales7d,attributedSales14d,attributedSales30d,\r\nattributedConversions1dSameSKU,attributedConversions7dSameSKU,attributedConversions14dSameSKU,attributedConversions30dSameSKU,\r\nattributedSales1dSameSKU,attributedSales7dSameSKU,attributedSales14dSameSKU,attributedSales30dSameSKU,\r\nattributedOrdersNewToBrand14d,attributedSalesNewToBrand14d,attributedUnitsOrderedNewToBrand14d,\r\nviewImpressions,viewAttributedConversions14d,viewAttributedSales14d,viewAttributedUnitsOrdered14d', 4, 'targets', NULL, b'0');

INSERT IGNORE INTO `t_amz_auth_api_timelimit` (`id`, `amazonauthid`, `apiname`, `nexttoken`, `start_time`, `end_time`, `pages`, `restore`, `lastuptime`, `log`) VALUES
	(1682304513034014721, 1681964203112263682, 'createReport', '', NULL, NULL, 278, 0.01, '2023-07-26 08:23:42', '{\n  "errors": [\n    {\n      "code": "Unauthorized",\n      "message": "Access to the resource is forbidden",\n      "details": ""\n    }\n  ]\n}'),
	(1684111798026268673, 1681964203112263682, 'getCatalogItem', '', NULL, NULL, 1, 2, '2023-07-26 08:01:57', NULL),
	(1682354952932806657, 1681964203112263682, 'getListingsItem', '', NULL, NULL, 2691, 5, '2023-07-25 15:51:12', ''),
	(1682339831888072706, 1681964203112263682, 'getMarketplaceParticipations', '', NULL, NULL, 5, 0.016, '2023-07-25 10:40:47', ''),
	(1682766034746830849, 1681964203112263682, 'getOrderItems', NULL, NULL, NULL, 29, 0.5, '2023-07-26 00:00:23', ''),
	(1682284289312280578, 1681964203112263682, 'getOrders', '', '2023-07-26 08:23:03', '2023-07-26 08:30:05', 1212, 0.0167, '2023-07-26 08:30:05', 'success'),
	(1682355001536401409, 1681964203112263682, 'getPricing', '', NULL, NULL, 190, 0.5, '2023-07-25 13:44:03', ''),
	(1682315229925330946, 1681964203112263682, 'getReport', '', NULL, NULL, 189, 2, '2023-07-26 04:37:02', ''),
	(1682344907063021570, 1681964203112263682, 'getShipmentItems', NULL, NULL, NULL, 21, 2, '2023-07-25 11:01:06', ''),
	(1682344926704947201, 1681964203112263682, 'getShipments', NULL, NULL, NULL, 9, 2, '2023-07-25 11:01:00', ''),
	(1682429484846665729, 1681964203112263682, 'listFinancialEventGroups', '', NULL, NULL, 5, 0.5, '2023-07-25 16:37:03', '');


-- 正在导出表  db_wimoor.t_amz_notifications 的数据：~16 rows (大约)
INSERT IGNORE INTO `t_amz_notifications` (`id`, `notifications`, `description`, `isrun`) VALUES
	(101, 'ACCOUNT_STATUS_CHANGED', '每当开发人员订阅的商家/市场对的帐户状态发生变化时发送。每当商家的帐户状态在 NORMAL、AT_RISK 和 DEACTIVATED 之间变化时，都会发布通知。', b'0'),
	(102, 'ANY_OFFER_CHANGED', '每当前 20 个报价中的任何一个发生变化时发送，按条件（新的或旧的），或者如果卖家列出的商品的外部价格（来自其他零售商的价格）发生变化。', b'1'),
	(103, 'B2B_ANY_OFFER_CHANGED', '每当前 20 名 B2B 报价发生变化时发送，以卖方列出的商品的任何价格变化（单件或数量折扣等级价格）的形式发送。', b'0'),
	(104, 'BRANDED_ITEM_CONTENT_CHANGE', '每当与销售合作伙伴有品牌关系的任何 ASIN 的标题、描述、项目符号或图像发生更改时发送。', b'0'),
	(105, 'FBA_OUTBOUND_SHIPMENT_STATUS', '每当我们为卖家创建或取消亚马逊物流货件时发送。', b'0'),
	(106, 'FEE_PROMOTION', '当促销活动开始时发送', b'0'),
	(107, 'FEED_PROCESSING_FINISHED', '每当使用 Selling Partner API for Feeds 提交的任何 Feed 达到 DONE、CANCELLED 或 FATAL 的 Feed 处理状态时发送', b'1'),
	(108, 'FULFILLMENT_ORDER_STATUS', '多渠道配送订单状态发生变化时发送', b'0'),
	(109, 'ITEM_PRODUCT_TYPE_CHANGE', '每当与销售合作伙伴有品牌关系的任何 ASIN 的产品类型名称发生更改时发送。', b'0'),
	(110, 'PRODUCT_TYPE_DEFINITIONS_CHANGE', '每当与销售合作伙伴有品牌关系的任何 ASIN 的产品类型名称发生更改时发送。', b'0'),
	(111, 'LISTINGS_ITEM_STATUS_CHANGE', '每当销售伙伴拥有的商品状态发生变化时发送。', b'0'),
	(112, 'LISTINGS_ITEM_ISSUES_CHANGE', '每当与销售伙伴拥有的商品相关的问题发生变化时发送。', b'0'),
	(113, 'MFN_ORDER_STATUS_CHANGE', 'MFN 订单可用性状态发生变化时发送', b'0'),
	(114, 'ORDER_STATUS_CHANGE', '每当订单可用性状态发生变化时发送。', b'1'),
	(115, 'PRICING_HEALTH', '每当卖家报价因为没有竞争力的价格而没有资格成为特色报价（Buy Box 报价）时发送', b'0'),
	(116, 'REPORT_PROCESSING_FINISHED', '每当您使用 Selling Partner API for Reports 请求的任何报告达到 DONE、CANCELLED 或 FATAL 的报告处理状态时发送。', b'1');
     

-- 正在导出表  db_wimoor.t_amz_region 的数据：~4 rows (大约)
INSERT IGNORE INTO `t_amz_region` (`code`, `name`, `advname`, `advpoint`, `client_id`, `client_secret`) VALUES
	('EU', '欧洲', 'Europe (EU). Covers UK, FR, IT, ES, DE, and AE marketplaces', 'advertising-api-eu.amazon.com', 'amzn1.application-oa2-client.b1cdd2f11e5677893w3xv1345ab123a1', '43ab21cd9876e543f32109gh87i65d4jk321huv112c123456ef789da23wxy432z'),
	('FE', '远东', 'Far East (FE). Covers JP and AU marketplaces.', 'advertising-api-fe.amazon.com', 'amzn1.application-oa2-client.b1cdd2f11e5677893w3xv1345ab123a1', '43ab21cd9876e543f32109gh87i65d4jk321huv112c123456ef789da23wxy432z'),
	('NA', '北美', 'North America (NA). Covers US and CA marketplaces', 'advertising-api.amazon.com', 'amzn1.application-oa2-client.b1cdd2f11e5677893w3xv1345ab123a1', '43ab21cd9876e543f32109gh87i65d4jk321huv112c123456ef789da23wxy432z'),
	('TT', '测试', 'All Marketplace', 'advertising-api-test.amazon.com', 'amzn1.application-oa2-client.b1cdd2f11e5677893w3xv1345ab123a1', '43ab21cd9876e543f32109gh87i65d4jk321huv112c123456ef789da23wxy432z');

-- 正在导出表  db_wimoor.t_amz_report_request_type 的数据：~24 rows (大约)
INSERT IGNORE INTO `t_amz_report_request_type` (`id`, `cname`, `ename`, `code`, `description`, `bean`, `day`, `disabled`, `reportOptions`) VALUES
	(1, '所有产品报表', 'ProductListings', 'GET_MERCHANT_LISTINGS_ALL_DATA', '用于获取所有产品里列表', 'reportAmzProductAllListService', 10, b'0', ''),
	(2, '可售品报表', 'ProductOpenListings', 'GET_FLAT_FILE_OPEN_LISTINGS_DATA', '用于排除掉不可售产品', 'reportAmzProductOpenListService', 0, b'0', ''),
	(3, '在售品报表', 'ProductActiveListings', 'GET_MERCHANT_LISTINGS_DATA', '用于计算在售产品的广告比例', 'reportAmzProductActiveListService', 0, b'0', ''),
	(4, '产品推荐报表', 'ProductRecommendedListings', 'MBOP_RECOMMENDED_PRODUCTS_REPORT', '推荐给卖家并给出利润分析', 'reportAmzProductRecommendedListService', 0, b'0', ''),
	(5, '订单购买报表', 'OrdersByOrderDateReport', 'GET_FLAT_FILE_ALL_ORDERS_DATA_BY_ORDER_DATE_GENERAL', '销售订单统计', 'reportAmzOrderByOrderDateService', 2, b'0', ''),
	(6, '订单更新报表', 'OrdersByLastUpdateReport', 'GET_FLAT_FILE_ALL_ORDERS_DATA_BY_LAST_UPDATE_GENERAL', '销售订单统计', 'reportAmzOrderByLastUpdateService', 1, b'0', ''),
	(7, '库存报表', 'InventoryReport', 'GET_FBA_MYI_UNSUPPRESSED_INVENTORY_DATA', 'FBA库存', 'reportAmzInventoryService', 0, b'0', ''),
	(8, '预留库存报表', 'ReservedInventoryReport', 'GET_RESERVED_INVENTORY_DATA', 'FBA库存预留情况', 'reportAmzReservedInventoryService', 0, b'0', ''),
	(9, '轻小产品库存报表', 'FBAUNOInventoryReport', 'GET_FBA_UNO_INVENTORY_DATA', '轻小产品标记', 'reportFBAUNOInventoryService', 0, b'0', ''),
	(10, '预估FBA费用报表', 'FbaFeeReport', 'GET_FBA_ESTIMATED_FBA_FEES_TXT_DATA', 'FBA费用与本地计算比对', 'reportAmzFBAFeeService', 7, b'0', ''),
	(11, '仓储费报表', 'FbaStorageFeeReport', 'GET_FBA_STORAGE_FEE_CHARGES_DATA', '仓储费用报表', 'reportAmzFBAStorageFeeService', 30, b'0', ''),
	(12, '长期仓储费报表', 'FbaLongTermStorageFeeReport', 'GET_FBA_FULFILLMENT_LONGTERM_STORAGE_FEE_CHARGES_DATA', '长期仓储费用报表', 'reportAmzfBALongTermStorageFeeService', 30, b'0', ''),
	(14, '账期报表', 'SettlementReport', 'GET_V2_SETTLEMENT_REPORT_DATA_FLAT_FILE_V2', '账期报告', 'reportAmzSettlementListService', 30, b'0', ''),
	(15, '库存滞销报表', 'FBAInventoryHealthReport', 'GET_FBA_FULFILLMENT_INVENTORY_HEALTH_DATA', '库存滞销情况', 'reportInventoryHealthListService', 5, b'0', ''),
	(16, '退货单报表', 'FBAReturnsReport', 'GET_FBA_FULFILLMENT_CUSTOMER_RETURNS_DATA', '退货单用于订单管理', 'reportAmzReturnsService', 10, b'0', ''),
	(17, '产品分类报表', 'BrowseTreeReport', 'GET_XML_BROWSE_TREE_DATA', '产品分类下载用于广告模块', 'reportBrowseTreeService', 0, b'0', ''),
	(18, '店铺绩效报表', 'PerformanceReport', 'GET_V2_SELLER_PERFORMANCE_REPORT', '店铺绩效情况', 'reportAmzPerformanceService', 1, b'0', ''),
	(19, '发货报表', 'FulfilledShipmentsReport', 'GET_AMAZON_FULFILLED_SHIPMENTS_DATA_GENERAL', '发货报表获取发货地址与对于情况', 'reportAmzFulFilledShipmentsService', 2, b'0', ''),
	(20, '货物移除报表', 'FbaShipmentDetailRemoveReport', 'GET_FBA_FULFILLMENT_REMOVAL_ORDER_DETAIL_DATA', '获取移除库存的订单报表', 'reportAmzFBAShipmentRemoveService', 5, b'0', ''),
	(21, '流量报表', 'SalesAndTrafficBusinessReport', 'GET_SALES_AND_TRAFFIC_REPORT', '流量报表', 'reportAmzSalesAndTrafficBusinessService', 2, b'0', '{"dateGranularity":"DAY", "asinGranularity":"CHILD'),
	(22, '订单发票报表', 'OrdersInvoicingReport', 'GET_FLAT_FILE_ORDER_REPORT_DATA_INVOICING', '订单发票报表', 'reportAmzOrderInvoiceService', 3, b'0', ''),
	(23, '欧洲库存报表', 'InventoryByCountry', 'GET_AFN_INVENTORY_DATA_BY_COUNTRY', '欧洲库存报表', 'reportAmzInventoryCountryService', 3, b'0', ''),
	(24, '库龄报表', 'InventoryAge', 'GET_FBA_INVENTORY_AGED_DATA', '库龄报表', 'reportAmzInventoryAgeService', 0, b'0', ''),
	(25, '库龄报表2', 'InventoryPlanning', 'GET_FBA_INVENTORY_PLANNING_DATA', '库龄报表2', 'reportAmzInventoryPlanningService', 0, b'0', '');
  
-- 正在导出表  db_wimoor.t_amz_settlement_acc_statement 的数据：~0 rows (大约)

-- 正在导出表  db_wimoor.t_amz_settlement_amount_description 的数据：~109 rows (大约)
INSERT IGNORE INTO `t_amz_settlement_amount_description` (`id`, `cname`, `ename`, `cdescription`, `edescription`) VALUES
	(1, '佣金', 'Commission', '针对所售商品价值收取的费用', 'Fee charged against the value of the item sold.'),
	(2, 'FBA每件处理费', 'FBAPerUnitFulfilmentFee', '为了补偿亚马逊的配送成本而对每件商品收取的费用', 'Per-unit fee charged to compensate Amazon for the cost of fulfilling.'),
	(3, 'FBA基于重量的处理费', 'FBAWeightBasedFee', '为了补偿亚马逊的配送成本而对每个订单向亚马逊物流卖家收取的费用', 'Fee assessed for FBA sellers on a per-item basis to compensate Amazon for the cost of shipping per order.'),
	(4, '信用卡拒付(礼品包装)', 'GiftwrapChargeback', '针对亚马逊物流商品收取的礼品包装费是您总销售收益的一部分。我们将其作为收益（参见礼品', 'Giftwrap charges for Amazon Fulfilled units are part of your gross sales proceeds. We report them to you as revenue (see Giftwrap) and charge you a GiftwrapChargeback fee equal to the amounts charged to the customer.'),
	(5, '退款佣金', 'RefundCommission', '当发放退款时，针对退还的原始费用金额所收取的费用', 'When a refund is issued, the fee charged against the original fee amount being refunded.'),
	(6, '信用卡拒付(配送费)', 'DeliveryChargeback', '针对亚马逊物流商品收取的运费是您总销售收益的一部分。我们将其作为收益（参见运费）向您', 'Shipping charges for Amazon Fulfilled units are part of your gross sales proceeds. We report them to you as revenue (see Shipping) and charge you a ShippingChargeback fee equal to the amounts charged to the customer.'),
	(7, '变动结算费', 'VariableClosingFee', '针对商品销售收取的非固定交易手续费。有关详细信息，请参见 我要开店 费用价目表 。', 'Variable closing fee charge for the sale of an item. Refer to the Selling on Amazon Fee Schedule for more details.'),
	(8, '礼品包装费', 'GiftWrap', '针对亚马逊物流商品收取的礼品包装费是您总销售收益的一部分。我们将其作为礼品包装收益向', 'Giftwrap charges for Amazon Fulfilled units are part of your gross sales proceeds. We report them to you as Giftwrap revenue and charge you a fee (see GiftwrapChargeback) equal to the amounts charged to the customer.'),
	(9, '商誉费', 'Goodwill', '买家退款，不适用于特定费用', 'Customer refund, not applied against a specific charge.'),
	(10, '本金', 'Principal', '向买家收取（或退还）的商品金额', 'Amount charged (or refunded) to customer for item.'),
	(11, '重新入库费', 'RestockingFee', '对于不符合全额退款条件的退货，可能向买家收取重新入库费。将买家退款的盘点报告为卖家存', 'Customers may be charged a RestockingFee for returns that are not eligible for a full refund. This adjustment to the customer\'s refund is reported as a seller credit.'),
	(12, '配送费', 'Delivery', '针对亚马逊物流商品收取的运费是您总销售收益的一部分。我们将其作为运费收益向您报告并向', 'Shipping charges for Amazon Fulfilled units are part of your gross sales proceeds. We report them to you as Shipping revenue and charge you a fee (see ShippingChargeback) equal to the amounts charged to the customer.'),
	(13, '当前预留金额', 'Current Reserve Amount', '预留金额是结算周期内保留的金额，以支付预期费用，例如退货和退款', 'The reserve amount is the amount held back in a settlement period to cover potential expenses such as returns and refunds.'),
	(14, '上一期预留金', 'Previous Reserve Amount Balance', '以前结算报告上的预留金额', 'The reserve amount from the previous settlement report.'),
	(15, '退款补偿', 'Refund Reimbursal', '针对买家退款向卖家收取的偿还金额', 'Reimbursal of amount charged to seller for customer refund.'),
	(16, '仓储费', 'Storage Fee', '针对存储在亚马逊库房的卖家商品收取的仓储费用', 'Storage fee for seller\'s items stored in Amazon\'s warehouse.'),
	(17, 'FBA订单处理费', 'FBAPerOrderFulfilmentFee', '为了补偿亚马逊的配送成本而对每个订单收取的费用', 'Per-order fee charged to compensate Amazon for the cost of fulfilling per order.'),
	(18, 'FBA运输费(FBA MCF)', 'FBATransportationFee', '为了补偿亚马逊的配送成本而对每个订单收取的亚马逊物流多渠道配送费', 'Fee assessed for FBA Multi-Channel Fulfillment to compensate Amazon for the cost of shipping per order.'),
	(19, '配送', 'Shipping', '应用于合格订单的运费促销折扣。', 'Shipping promotion applied to qualifying orders.'),
	(20, '税费', 'Tax', '', ''),
	(21, '平台服务税(订单总额)', 'MarketplaceFacilitatorTax-Principal', '', ''),
	(22, '平台服务税(运费)', 'MarketplaceFacilitatorTax-Shipping', '', ''),
	(23, '低值品本金', 'LowValueGoods-Principal', '', ''),
	(24, '低值品配送费', 'LowValueGoods-Shipping', '', ''),
	(25, '运费税额', 'ShippingTax', '', ''),
	(26, '礼品包装费税', 'Gift Wrap Tax', '', ''),
	(28, '信用卡拒付(礼品包装-CGST)', 'Gift Wrap Chargeback CGST', '', ''),
	(29, '信用卡拒付(礼品包装-SGST)', 'Gift Wrap Chargeback SGST', '', ''),
	(30, '信用卡拒付(礼品包装)', 'Gift Wrap Chargeback', '', ''),
	(32, '秒杀费', 'LightningDealFee', '', ''),
	(33, '固定结算费', 'Fixed closing fee', '', ''),
	(34, '移除库存费', 'RemovalComplete', '', ''),
	(35, '退款佣金IGST', 'Refund commission IGST', '', ''),
	(36, '交易总额', 'TransactionTotalAmount', '', ''),
	(37, '税务折扣', 'TaxDiscount', '', ''),
	(38, '信用卡拒付(运费)', 'Shipping Chargeback', '', ''),
	(41, '秒杀费', 'LightningDealFee Special', '', ''),
	(42, '货到付款费用', 'CODFee', '', ''),
	(43, '货到付款税', 'COD Tax', '', ''),
	(44, '货到付款', 'COD', '', ''),
	(45, '弃置库存费', 'DisposalComplete', '', ''),
	(46, 'FBA重量处理费SGST', 'FBA Weight Handling Fee SGST', '', ''),
	(47, '产品税', 'Product Tax', '', ''),
	(49, '订阅费', 'Subscription Fee', '', ''),
	(51, '信用卡拒付(运费-CGST)', 'Shipping Chargeback CGST', '', ''),
	(52, '信用卡拒付(运费-SGST)', 'Shipping Chargeback SGST', '', ''),
	(53, '运费折扣', 'Shipping discount', '', ''),
	(54, '运输税', 'Shipping tax', '', ''),
	(55, '运输税折扣', 'Shipping tax discount', '', ''),
	(56, '信用卡拒付(运费)', 'ShippingChargeback', '', ''),
	(59, '入库丢失', 'MISSING_FROM_INBOUND', '', ''),
	(60, '授予的点', 'PointsGranted', '', ''),
	(64, '余额调整', 'BalanceAdjustment', '亚马逊因某项计算错误而对卖家的余额进行调整(增加或扣减)', ''),
	(65, 'FBA 顾客退货管理费', 'FBACustomerReturn', '', ''),
	(66, '亚马逊资金服务费', 'Amazon Capital Services', '', ''),
	(67, '邮资调整费', 'PostageAdjustment', '', ''),
	(68, 'FBA 入仓\r\n缺陷费', 'FBAInboundDefectFee', '', ''),
	(69, '标签问题', 'LABEL_ISSUE', '', ''),
	(70, '库存更新费用', 'StorageRenewalBilling', '', ''),
	(71, 'FBA 处理费', 'FBADisposalFee', '', ''),
	(72, 'FBA 移除费', 'FBARemovalFee', '', ''),
	(73, '检货及包货费用', 'Pick Pack Fees', '', ''),
	(74, 'FBA重量处理费', 'Weight Handling Fees', '', ''),
	(75, '固定结算费', 'FixedClosingFee', '', ''),
	(76, '多袋包装费', 'PolybaggingFee ', '', ''),
	(80, '一般费用', 'Recurring Fees', '所有未归类到订单类的，支付给亚马逊的费用', ''),
	(81, '标签费', 'LabelingFee', '', ''),
	(82, '单件超期仓储费', 'SSOFFFulfillmentFee', '', 'There is a minimum charge of $0.50 per unit per month for items that have been in a fulfillment center for more than 365 days. Either the long-term storage fee or the minimum fee will apply, whichever is greater. For more information, see FBA long-term storage fees '),
	(83, '礼品包装费用税额', 'GiftWrapTax', '', ''),
	(84, '平台服务税(其他)', 'MarketplaceFacilitatorTax-Other', '', ''),
	(85, '库存配置费', 'Inventory Placement Service Fee', '', ''),
	(86, '额外的退货费', 'FBACustomerReturnPerUnitFee', '', ''),
	(87, '逆向偿付', 'REVERSAL_REIMBURSEMENT', '', ''),
	(88, '退款管理费用', 'RefundAdministration Fee', '', ''),
	(89, '大批量商品费用', 'HighVolume Listing Fee', '', ''),
	(90, '长期储存费用', 'FBA Long-Term Storage', '', ''),
	(91, '移除订单费用', 'FBA removal order fees', '', ''),
	(92, '多渠道配送订单的配送费用', 'FulfillmentFees for Multi-Channel Fulfillment Orders', '', ''),
	(93, '促销', 'Promotion', '', ''),
	(94, '运费', 'DispatchFees', '', ''),
	(95, '其他交易', 'other-transaction', '', ''),
	(96, '商品价格', 'ItemPrice', '', ''),
	(97, '商品费用', 'ItemFees', '', ''),
	(99, '广告费用', 'Cost of Advertising', '', ''),
	(100, '折扣劵兑换费', 'CouponRedemptionFee', '当买家使用卖家设置的折扣券购物时,亚马逊对卖家使用平台的折扣券促销方式收取的费用', ''),
	(101, '订单', 'Order', '', ''),
	(103, '退款', 'Refund', '', ''),
	(104, '服务费', 'ServiceFee', '', ''),
	(105, '秒杀费', 'Lightning Deal Fee', '', ''),
	(106, '\r\n退款回收', 'Refund_Retrocharge', '', ''),
	(107, '订单退回款', 'Order_Retrocharge', '', ''),
	(108, '信用卡拒付(退款)', 'Chargeback Refund', '', ''),
	(109, '卖家重审付款', 'SellerReviewEnrollmentPayment', '', ''),
	(115, '低价值商品税(运费)', 'LowValueGoodsTax-Shipping', '', ''),
	(116, '仓储损毁赔偿', 'WAREHOUSE_DAMAGE', '', ''),
	(117, '仓储丢失赔偿', 'WAREHOUSE_LOST', '', ''),
	(118, '平台服务税(重新入库)', 'MarketplaceFacilitatorTax-RestockingFee', '', ''),
	(119, 'FBA订单处理费', 'FBAPerOrderFulfillmentFee', '', ''),
	(120, '赔偿撤回', 'COMPENSATED_CLAWBACK', '', ''),
	(121, '低价值商品税(订单)', 'LowValueGoodsTax-Principal', '', ''),
	(122, 'FBA每件处理费', 'FBAPerUnitFulfillmentFee', '', ''),
	(123, '早期评论者计划费用', 'Early Reviewer Program fee', '', ''),
	(124, '运费折扣', 'ShippingCharge', '', ''),
	(125, '促销折扣金额', 'PromotionMetaDataDefinitionValue', '', ''),
	(126, '亚马逊物流国际货运费（头程运费）', 'FBA International Freight Shipping Charge', '', ''),
	(127, '上期转账失败入账金额', 'Transfer of funds unsuccessful: Amazon has cancelled your transfer of funds.', '', ''),
	(128, '成功收费交易', 'Successful charge', '本次账期中对于亚马逊的欠款（即您欠亚马逊50元，亚马逊说我先给你垫付）', ''),
	(129, '应付亚马逊金额', 'Payable to Amazon', '上次亚马逊给你垫了钱，这次要从账期里面扣掉', ''),
	(130, '错误赔付', 'INCORRECT_FEES_ITEMS', '即亚马逊因为错误的长宽高等原有多收取了您的费用，进行赔付', '');

-- 正在导出表  db_wimoor.t_amz_settlement_amount_type_nonsku 的数据：~58 rows (大约)
INSERT IGNORE INTO `t_amz_settlement_amount_type_nonsku` (`transaction_type`, `amount_type`, `amount_description`) VALUES
	('CouponRedemptionFee', 'CouponRedemptionFee', '*'),
	('Fee Adjustment', 'Item Fee Adjustment', 'FBA Pick & Pack Fee'),
	('Income Tax Charged', 'other-transaction', 'MiscAdjustment'),
	('Lightning Deal Fee', 'LightningDealFee', 'LightningDealFee'),
	('Lightning Deal Fee', 'LightningDealFee', 'LightningDealFee Special'),
	('Order', 'DirectPayment', 'CollectOnDeliveryRevenue'),
	('Order', 'ShipmentFees', 'FBA transportation fee'),
	('Order_Retrocharge', 'ItemPrice', 'ShippingTax'),
	('Order_Retrocharge', 'ItemPrice', 'Tax'),
	('other-transaction', 'FBA Inventory Reimbursement', 'CS_ERROR_NON_ITEMIZED'),
	('other-transaction', 'FBA Inventory Reimbursement', 'INCORRECT_FEES_NON_ITEMIZED'),
	('other-transaction', 'ItemFees', 'FBACustomerReturnPerOrderFee'),
	('other-transaction', 'ItemFees', 'FBACustomerReturnPerUnitFee'),
	('other-transaction', 'ItemFees', 'FBACustomerReturnWeightBasedFee'),
	('other-transaction', 'Manual Processing Fee Reimbursement', 'Manual Processing Fee Reimbursement'),
	('other-transaction', 'other-transaction', 'A2ZGuaranteeRecovery'),
	('other-transaction', 'other-transaction', 'BuyerRecharge'),
	('other-transaction', 'other-transaction', 'ChargeBackRecovery'),
	('other-transaction', 'other-transaction', 'CommissionCorrection'),
	('other-transaction', 'other-transaction', 'Current Reserve Amount'),
	('other-transaction', 'other-transaction', 'DisposalComplete'),
	('other-transaction', 'other-transaction', 'FBA International Freight Duties and Taxes Charge'),
	('other-transaction', 'other-transaction', 'FBA International Freight Shipping Charge'),
	('other-transaction', 'other-transaction', 'FBAInboundTransportationFee'),
	('other-transaction', 'other-transaction', 'FBAInboundTransportationProgramFee'),
	('other-transaction', 'other-transaction', 'HighVolumeListing'),
	('other-transaction', 'other-transaction', 'Inventory Placement Service Fee'),
	('other-transaction', 'other-transaction', 'Inventory Storage Overage Fee'),
	('other-transaction', 'other-transaction', 'Manual Processing Fee'),
	('other-transaction', 'other-transaction', 'MiscAdjustment'),
	('other-transaction', 'other-transaction', 'NonSubscriptionFeeAdj'),
	('other-transaction', 'other-transaction', 'Paid Services Fee'),
	('other-transaction', 'other-transaction', 'Payable to Amazon'),
	('other-transaction', 'other-transaction', 'Previous Reserve Amount Balance'),
	('other-transaction', 'other-transaction', 'RemovalComplete'),
	('other-transaction', 'other-transaction', 'RemovalCompleteCGST'),
	('other-transaction', 'other-transaction', 'RemovalCompleteSGST'),
	('other-transaction', 'other-transaction', 'Shipping label purchase for return'),
	('other-transaction', 'other-transaction', 'Storage Fee'),
	('other-transaction', 'other-transaction', 'StorageBillingCGST'),
	('other-transaction', 'other-transaction', 'StorageBillingSGST'),
	('other-transaction', 'other-transaction', 'StorageRenewalBilling'),
	('other-transaction', 'other-transaction', 'StorageRenewalBillingCGST'),
	('other-transaction', 'other-transaction', 'StorageRenewalBillingSGST'),
	('other-transaction', 'other-transaction', 'Subscription Fee'),
	('other-transaction', 'other-transaction', 'SubscriptionFeeCorrection'),
	('other-transaction', 'other-transaction', 'Successful charge'),
	('other-transaction', 'other-transaction', 'Transfer of funds unsuccessful: A transfer could not be initiated because the transfer amount does n'),
	('other-transaction', 'other-transaction', 'Transfer of funds unsuccessful: Amazon has cancelled your transfer of funds.'),
	('other-transaction', 'other-transaction', 'Transfer of funds unsuccessful: An unexpected issue occurred. Please contact Seller Support for more'),
	('other-transaction', 'other-transaction', 'Transfer of funds unsuccessful: We could not transfer funds to your bank account because the account'),
	('other-transaction', 'other-transaction', 'Unplanned Service Fee - Barcode label missing'),
	('other-transaction', 'other-transaction', 'WarehousePrep'),
	('Refund_Retrocharge', 'ItemPrice', 'ShippingTax'),
	('Refund_Retrocharge', 'ItemPrice', 'Tax'),
	('SellerReviewEnrollmentPayment', 'Review Enrollment Fee', 'Early Reviewer Program fee'),
	('ServiceFee', 'Cost of Advertising', 'TransactionTotalAmount'),
	('Tax', 'Tax Withheld', '*');

-- 正在导出表  db_wimoor.t_amz_ship_state_province_code 的数据：~0 rows (大约)
 

-- 正在导出表  db_wimoor.t_erp_amazon_feedstatus 的数据：~9 rows (大约)
INSERT IGNORE INTO `t_erp_amazon_feedstatus` (`status`, `name`, `remark`) VALUES
	('AWAITING_ASYNCHRONOUS_REPLY', '正在处理该请求', '正在处理该请求，但需要等待外部信息才能完成。'),
	('CANCELLED', '请求因严重错误而中止', '请求因严重错误而中止。'),
	('DONE', '请求已处理', '请求已处理。您可以调用 GetFeedSubmissionResult 操作来接收处理报告，该报告列出了上传数据中成功处理的记录以及产生错误的记录。'),
	('Error', '请求失败', '请求失败'),
	('IN_PROGRESS', '请求正在处理。', ' 	请求正在处理。'),
	('IN_SAFETY_NET', '请求正在处理，但系统发现上传数据可能包含潜在错误', '请求正在处理，但系统发现上传数据可能包含潜在错误（例如，请求将删除卖家账户中的所有库存）。亚马逊卖家支持团队将联系卖家，以确认是否应处理该上传数据。'),
	('SUBMITTED', '已收到请求，但尚未开始处理。', '已收到请求，但尚未开始处理。'),
	('UNCONFIRMED', '请求等待中', '请求等待中'),
	('waiting', '排队中', '排队中');

-- 正在导出表  db_wimoor.t_erp_assembly 的数据：~0 rows (大约)
  
-- 正在导出表  db_wimoor.t_erp_ship_status 的数据：~11 rows (大约)
INSERT IGNORE INTO `t_erp_ship_status` (`status`, `content`, `name`) VALUES
	('CANCELLED', '卖家在货件发送至亚马逊配送中心后取消了货件', '已取消'),
	('CHECKED_IN', '货件已在亚马逊配送中心的收货装卸地点登记', '已登记'),
	('CLOSED', '货件已到达亚马逊配送中心，但有部分商品尚未标记为已收到', '已完成'),
	('DELETED', '卖家在将货件发送到亚马逊配送中心之前取消了货件', '已删除'),
	('DELIVERED', '承运人已将货件配送至亚马逊配送中心', '已接受'),
	('ERROR', '货件出错，但不是由亚马逊处理的', '货件出错'),
	('IN_TRANSIT', '承运人已通知亚马逊配送中心其已知晓货件的存在', '在途'),
	('READY_TO_SHIP', '货件准备发货', '准备发货'),
	('RECEIVING', '货件已到达亚马逊配送中心，但有部分商品尚未标记为已收到', '正在接受'),
	('SHIPPED', '承运人已取件', '已发货'),
	('WORKING', '卖家已创建货件，但未发货', '正在配货装箱');
  
INSERT IGNORE INTO `t_exchangeinfo` (`currency`, `name`, `type`) VALUES
	('AED', '阿联酋迪拉姆', 'CNY(100)/AED'),
	('AUD', '澳大利亚元', 'CNY(100)/AUD'),
	('BRL', '巴西里亚尔', 'CNY(100)/BRL'),
	('CAD', '加拿大元', 'CNY(100)/CAD'),
	('CHF', '瑞士法郎', 'CNY(100)/CHF'),
	('CNY', '人民币', 'CNY(100)/CNY'),
	('DKK', '丹麦克朗', 'CNY(100)/DKK'),
	('EUR', '欧元', 'CNY(100)/EUR'),
	('GBP', '英镑', 'CNY(100)/GBP'),
	('HKD', '港币', 'CNY(100)/HKD'),
	('IDR', '印尼卢比', 'CNY(100)/IDR'),
	('INR', '印度卢比', 'CNY(100)/INR'),
	('JPY', '日元', 'CNY(100)/JPY'),
	('KRW', '韩国元', 'CNY(100)/KRW'),
	('MOP', '澳门元', 'CNY(100)/MOP'),
	('MXN', '墨西哥比索', 'CNY(100)/MXN'),
	('MYR', '林吉特', 'CNY(100)/MYR'),
	('NOK', '挪威克朗', 'CNY(100)/NOK'),
	('NZD', '新西兰元', 'CNY(100)/NZD'),
	('PHP', '菲律宾比索', 'CNY(100)/PHP'),
	('PLN', '波兰兹罗提', 'CNY(100)/PLN'),
	('RUB', '卢布', 'CNY(100)/RUB'),
	('SAR', '沙特里亚尔', 'CNY(100)/SAR'),
	('SEK', '瑞典克朗', 'CNY(100)/SEK'),
	('SGD', '新加坡元', 'CNY(100)/SGD'),
	('THB', '泰国铢', 'CNY(100)/THB'),
	('TRY', '土耳其里拉', 'CNY(100)/TRY'),
	('TWD', '新台币', 'CNY(100)/TWD'),
	('USD', '美元', 'CNY(100)/USD'),
	('ZAR', '南非兰特', 'CNY(100)/ZAR');

-- 正在导出表  db_wimoor.t_exchangerate 的数据：~31 rows (大约)
INSERT IGNORE INTO `t_exchangerate` (`id`, `name`, `price`, `symbol`, `type`, `utctime`, `volume`) VALUES
	(444914, 'JPY', 5.139900, '日元', 'CNY(100)/JPY', '2023-07-22 00:00:00', NULL),
	(444915, 'SGD', 541.960000, '新加坡元', 'CNY(100)/SGD', '2023-07-22 00:00:00', NULL),
	(444916, 'HKD', 91.450000, '港币', 'CNY(100)/HKD', '2023-07-22 00:00:00', NULL),
	(444917, 'MOP', 89.180000, '澳门元', 'CNY(100)/MOP', '2023-07-22 00:00:00', NULL),
	(444918, 'CAD', 546.080000, '加拿大元', 'CNY(100)/CAD', '2023-07-22 00:00:00', NULL),
	(444919, 'ZAR', 40.140000, '南非兰特', 'CNY(100)/ZAR', '2023-07-22 00:00:00', NULL),
	(444920, 'NZD', 448.050000, '新西兰元', 'CNY(100)/NZD', '2023-07-22 00:00:00', NULL),
	(444921, 'AUD', 487.500000, '澳大利亚元', 'CNY(100)/AUD', '2023-07-22 00:00:00', NULL),
	(444922, 'GBP', 925.560000, '英镑', 'CNY(100)/GBP', '2023-07-22 00:00:00', NULL),
	(444923, 'DKK', 107.500000, '丹麦克朗', 'CNY(100)/DKK', '2023-07-22 00:00:00', NULL),
	(444924, 'NOK', 71.480000, '挪威克朗', 'CNY(100)/NOK', '2023-07-22 00:00:00', NULL),
	(444925, 'SEK', 69.570000, '瑞典克朗', 'CNY(100)/SEK', '2023-07-22 00:00:00', NULL),
	(444926, 'MYR', 157.850000, '林吉特', 'CNY(100)/MYR', '2023-07-22 00:00:00', NULL),
	(444927, 'BRL', 149.530000, '巴西里亚尔', 'CNY(100)/BRL', '2023-07-22 00:00:00', NULL),
	(444928, 'CHF', 830.000000, '瑞士法郎', 'CNY(100)/CHF', '2023-07-22 00:00:00', NULL),
	(444929, 'EUR', 800.410000, '欧元', 'CNY(100)/EUR', '2023-07-22 00:00:00', NULL),
	(444930, 'RUB', 7.950000, '卢布', 'CNY(100)/RUB', '2023-07-22 00:00:00', NULL),
	(444931, 'PHP', 13.160000, '菲律宾比索', 'CNY(100)/PHP', '2023-07-22 00:00:00', NULL),
	(444932, 'THB', 21.030000, '泰国铢', 'CNY(100)/THB', '2023-07-22 00:00:00', NULL),
	(444933, 'RMB', 100.000000, '人民币', 'CNY(100)/RMB', '2018-09-20 09:31:18', NULL),
	(444934, 'KRW', 0.563000, '韩国元', 'CNY(100)/KRW', '2023-07-22 00:00:00', NULL),
	(444935, 'TWD', 23.010000, '新台币', 'CNY(100)/TWD', '2023-07-22 00:00:00', NULL),
	(444936, 'USD', 714.560000, '美元', 'CNY(100)/USD', '2023-07-22 00:00:00', NULL),
	(444937, 'AED', 195.840000, '阿联酋迪拉姆', 'CNY(100)/AED', '2023-07-22 00:00:00', NULL),
	(444938, 'IDR', 0.047900, '印尼卢比', 'CNY(100)/IDR', '2023-07-22 00:00:00', NULL),
	(444939, 'INR', 8.741200, '印度卢比', 'CNY(100)/INR', '2023-07-22 00:00:00', NULL),
	(444940, 'SAR', 191.760000, '沙特里亚尔', 'CNY(100)/SAR', '2023-07-22 00:00:00', NULL),
	(444941, 'TRY', 26.780000, '土耳其里拉', 'CNY(100)/TRY', '2023-07-22 00:00:00', NULL),
	(444942, 'CNY', 100.000000, '人民币', 'CNY(100)/CNY', '2021-05-20 01:10:01', NULL),
	(444943, 'MXN', 37.300000, '墨西哥比索', 'CNY(100)/MXN', '2020-09-25 01:10:01', NULL),
	(444944, 'PLN', 157.820000, '波兰兹罗提', 'CNY(100)/PLN', '2023-03-27 09:05:34', NULL);

-- 正在导出表  db_wimoor.t_exchangerate_customer 的数据：~0 rows (大约)

-- 正在导出表  db_wimoor.t_exchangerate_his 的数据：~0 rows (大约)

-- 正在导出表  db_wimoor.t_fbaformat 的数据：~1,000 rows (大约)
INSERT IGNORE INTO `t_fbaformat` (`id`, `country`, `ismedia`, `producttierId`, `fba_format`, `month`, `weight`, `effective_date`, `expiry_date`, `dispatch_type`, `isclothing`) VALUES
	('01e53cb0-63d9-11e8-a076-00e04c023f0e', 'AU', NULL, 'std_parcel_au', '9.61', NULL, 7.0000, NULL, NULL, NULL, NULL),
	('0573d63e-73de-11ea-b1ed-00e04c023f0e', 'JP', NULL, 'supersize4_jp', '5625', NULL, NULL, NULL, NULL, NULL, NULL),
	('08202087-63da-11e8-a076-00e04c023f0e', 'AU', NULL, 'std_oversize_au', '9.59', NULL, 5.0000, NULL, NULL, NULL, NULL),
	('0b5a6890-63d9-11e8-a076-00e04c023f0e', 'AU', NULL, 'std_parcel_au', '10.04', NULL, 8.0000, NULL, NULL, NULL, NULL),
	('0fec0d85-63da-11e8-a076-00e04c023f0e', 'AU', NULL, 'std_oversize_au', '10.08', NULL, 6.0000, NULL, NULL, NULL, NULL),
	('100', 'UK', NULL, 'sml_light_env_sml', '0.86', NULL, 80.0000, NULL, NULL, 'PAN_EU', NULL),
	('101', 'UK', NULL, 'sml_light_env_std', '1.03', NULL, 60.0000, NULL, NULL, 'PAN_EU', NULL),
	('102', 'UK', NULL, 'sml_light_env_std', '1.21', NULL, 210.0000, NULL, NULL, 'PAN_EU', NULL),
	('105', 'UK', NULL, 'sml_light_pl_sml', '2.38', NULL, 150.0000, NULL, NULL, 'PAN_EU', NULL),
	('1100', 'SE', NULL, 'sml_light_env_sml', '46.16', NULL, 80.0000, NULL, NULL, 'EFN', NULL),
	('1101', 'SE', NULL, 'sml_light_env_std', '48.62', NULL, 60.0000, NULL, NULL, 'EFN', NULL),
	('1106', 'SE', NULL, 'sml_light_pl_sml', '56.17', NULL, 150.0000, NULL, NULL, 'EFN', NULL),
	('11988530289519194317', 'FR', NULL, 'std_smpkg', '5.06', NULL, 0.0800, NULL, NULL, 'EFN', NULL),
	('11988530289519194318', 'FR', NULL, 'std_stdpkg_box', '5.22', NULL, 0.0600, NULL, NULL, 'EFN', NULL),
	('11988530289519194319', 'FR', NULL, 'std_stdpkg_box', '5.57', NULL, 0.2100, NULL, NULL, 'EFN', NULL),
	('11988530289519194320', 'FR', NULL, 'std_stdpkg_box', '5.61', NULL, 0.4600, NULL, NULL, 'EFN', NULL),
	('11988530289519194321', 'FR', NULL, 'std_lgpkg', '6.17', NULL, 0.9600, NULL, NULL, 'EFN', NULL),
	('11988530289519194322', 'FR', NULL, 'std_stdpkg', '6.83', NULL, 0.1500, NULL, NULL, 'EFN', NULL),
	('11988530289519194323', 'FR', NULL, 'std_stdpkg', '7.96', NULL, 0.4000, NULL, NULL, 'EFN', NULL),
	('11988530289519194324', 'FR', NULL, 'std_stdpkg', '9.47', NULL, 0.9000, NULL, NULL, 'EFN', NULL),
	('11988530289519194325', 'FR', NULL, 'std_stdpkg', '10.74', NULL, 1.4000, NULL, NULL, 'EFN', NULL),
	('11988530289519194326', 'FR', NULL, 'std_stdpkg', '12.33', NULL, 1.9000, NULL, NULL, 'EFN', NULL),
	('11988530289519194327', 'FR', NULL, 'std_stdpkg', '13.82', NULL, 2.9000, NULL, NULL, 'EFN', NULL),
	('11988530289519194328', 'FR', NULL, 'std_stdpkg', '16.27', NULL, 3.9000, NULL, NULL, 'EFN', NULL),
	('11988530289519194330', 'FR', NULL, 'std_stdpkg', '17.17', NULL, 5.9000, NULL, NULL, 'EFN', NULL),
	('11988530289519194333', 'FR', NULL, 'std_stdpkg', '18.60', NULL, 8.9000, NULL, NULL, 'EFN', NULL),
	('11988530289519194336', 'FR', NULL, 'std_stdpkg', '21.88', NULL, 11.9000, NULL, NULL, 'EFN', NULL),
	('11988530289519194337', 'FR', NULL, 'oversize_smoverpkg', '14.33', NULL, 0.7600, NULL, NULL, 'EFN', NULL),
	('11988530289519194338', 'FR', NULL, 'oversize_smoverpkg', '14.81', NULL, 1.2600, NULL, NULL, 'EFN', NULL),
	('11988530289519194339', 'FR', NULL, 'oversize_smoverpkg', '14.92', NULL, 1.7600, NULL, NULL, 'EFN', NULL),
	('11988530289519194340', 'FR', NULL, 'oversize_smoverpkg', '(weight<=1.76? "14.92" : "14.92+({0}-1.76)*0.01")', NULL, NULL, NULL, NULL, 'EFN', NULL),
	('11988530289519194342', 'FR', NULL, 'oversize_stdoverpkg', '17.94', NULL, 0.7600, NULL, NULL, 'EFN', NULL),
	('11988530289519194343', 'FR', NULL, 'oversize_stdoverpkg', '18.47', NULL, 1.7600, NULL, NULL, 'EFN', NULL),
	('11988530289519194344', 'FR', NULL, 'oversize_stdoverpkg', '19.71', NULL, 2.7600, NULL, NULL, 'EFN', NULL),
	('11988530289519194345', 'FR', NULL, 'oversize_stdoverpkg', '19.82', NULL, 3.7600, NULL, NULL, 'EFN', NULL),
	('11988530289519194346', 'FR', NULL, 'oversize_stdoverpkg', '19.97', NULL, 4.7600, NULL, NULL, 'EFN', NULL),
	('11988530289519194347', 'FR', NULL, 'oversize_stdoverpkg', '22.80', NULL, 9.7600, NULL, NULL, 'EFN', NULL),
	('11988530289519194348', 'FR', NULL, 'oversize_stdoverpkg', '23.95', NULL, 14.7600, NULL, NULL, 'EFN', NULL),
	('11988530289519194349', 'FR', NULL, 'oversize_stdoverpkg', '26.07', NULL, 19.7600, NULL, NULL, 'EFN', NULL),
	('11988530289519194350', 'FR', NULL, 'oversize_stdoverpkg', '27.96', NULL, 24.7600, NULL, NULL, 'EFN', NULL),
	('11988530289519194351', 'FR', NULL, 'oversize_stdoverpkg', '28.37', NULL, 29.7600, NULL, NULL, 'EFN', NULL),
	('11988530289519194352', 'FR', NULL, 'oversize_stdoverpkg', '(weight<=29.76? "28.37" : "28.37+({0}-29.76)*0.01")', NULL, NULL, NULL, NULL, 'EFN', NULL),
	('11988530289519194356', 'FR', NULL, 'oversize_lgoverpkg', '26.72', NULL, 4.7600, NULL, NULL, 'EFN', NULL),
	('11988530289519194357', 'FR', NULL, 'oversize_lgoverpkg', '31.99', NULL, 9.7600, NULL, NULL, 'EFN', NULL),
	('11988530289519194358', 'FR', NULL, 'oversize_lgoverpkg', '34.00', NULL, 14.7600, NULL, NULL, 'EFN', NULL),
	('11988530289519194359', 'FR', NULL, 'oversize_lgoverpkg', '37.49', NULL, 19.7600, NULL, NULL, 'EFN', NULL),
	('11988530289519194360', 'FR', NULL, 'oversize_lgoverpkg', '40.68', NULL, 24.7600, NULL, NULL, 'EFN', NULL),
	('11988530289519194361', 'FR', NULL, 'oversize_lgoverpkg', '40.68', NULL, 31.5000, NULL, NULL, 'EFN', NULL),
	('11988530289519194362', 'FR', NULL, 'oversize_lgoverpkg', '(weight<=31.5? "40.68" : "40.68+({0}-31.5)*0.01")', NULL, NULL, NULL, NULL, 'EFN', NULL),
	('11988530289519194421', 'FR', NULL, 'std_overlgpkg', '6.81', NULL, 0.9600, NULL, NULL, 'EFN', NULL),
	('11988530289519196421', 'FR', NULL, 'std_smpl', '6.81', NULL, 0.1500, NULL, NULL, 'EFN', NULL),
	('11988530289519196422', 'FR', NULL, 'std_smpl', '7.26', NULL, 0.4000, NULL, NULL, 'EFN', NULL),
	('11988530289519196423', 'FR', NULL, 'std_smpl', '8.70', NULL, 0.9000, NULL, NULL, 'EFN', NULL),
	('11988530289519196424', 'FR', NULL, 'std_smpl', '9.56', NULL, 1.4000, NULL, NULL, 'EFN', NULL),
	('11988530289519196425', 'FR', NULL, 'std_smpl', '10.90', NULL, 1.9000, NULL, NULL, 'EFN', NULL),
	('11988530289519196426', 'FR', NULL, 'std_smpl', '13.82', NULL, 3.9000, NULL, NULL, 'EFN', NULL),
	('11988530289816735142', 'UK', NULL, 'oversize_spoverpkg', '15.43', NULL, 20.0000, NULL, NULL, 'PAN_EU', NULL),
	('11988530289816735143', 'UK', NULL, 'oversize_spoverpkg', '19.16', NULL, 40.0000, NULL, NULL, 'PAN_EU', NULL),
	('11988530289816735144', 'UK', NULL, 'oversize_spoverpkg', '(weight<=60.00? "44.25" : "44.25+({0}-60.00)*0.37")', NULL, NULL, NULL, NULL, 'PAN_EU', NULL),
	('11988530289816778680', 'SE', NULL, 'std_smpkg', '47.08', NULL, 0.0800, NULL, NULL, 'EFN', NULL),
	('11988530289816778681', 'SE', NULL, 'std_stdpkg_box', '49.59', NULL, 0.0600, NULL, NULL, 'EFN', NULL),
	('11988530289816778682', 'SE', NULL, 'std_stdpkg_box', '52.91', NULL, 0.2100, NULL, NULL, 'EFN', NULL),
	('11988530289816778683', 'SE', NULL, 'std_stdpkg_box', '53.22', NULL, 0.4600, NULL, NULL, 'EFN', NULL),
	('11988530289816778684', 'SE', NULL, 'std_lgpkg', '57.38', NULL, 0.9600, NULL, NULL, 'EFN', NULL),
	('11988530289816778685', 'SE', NULL, 'std_stdpkg', '62.79', NULL, 0.1500, NULL, NULL, 'EFN', NULL),
	('11988530289816778686', 'SE', NULL, 'std_stdpkg', '74.45', NULL, 0.4000, NULL, NULL, 'EFN', NULL),
	('11988530289816778687', 'SE', NULL, 'std_stdpkg', '88.56', NULL, 0.9000, NULL, NULL, 'EFN', NULL),
	('11988530289816778688', 'SE', NULL, 'std_stdpkg', '100.5', NULL, 1.4000, NULL, NULL, 'EFN', NULL),
	('11988530289816778689', 'SE', NULL, 'std_stdpkg', '115.35', NULL, 1.9000, NULL, NULL, 'EFN', NULL),
	('11988530289816778690', 'SE', NULL, 'std_stdpkg', '129.32', NULL, 2.9000, NULL, NULL, 'EFN', NULL),
	('11988530289816778691', 'SE', NULL, 'std_stdpkg', '152.29', NULL, 3.9000, NULL, NULL, 'EFN', NULL),
	('11988530289816778692', 'SE', NULL, 'std_stdpkg', '160.60', NULL, 5.9000, NULL, NULL, 'EFN', NULL),
	('11988530289816778693', 'SE', NULL, 'std_stdpkg', '174.03', NULL, 8.9000, NULL, NULL, 'EFN', NULL),
	('11988530289816778694', 'SE', NULL, 'std_stdpkg', '204.58', NULL, 11.9000, NULL, NULL, 'EFN', NULL),
	('11988530289816778695', 'SE', NULL, 'oversize_smoverpkg', '139.29', NULL, 0.7600, NULL, NULL, 'EFN', NULL),
	('11988530289816778696', 'SE', NULL, 'oversize_smoverpkg', '144.83', NULL, 1.2600, NULL, NULL, 'EFN', NULL),
	('11988530289816778697', 'SE', NULL, 'oversize_smoverpkg', '145.92', NULL, 1.7600, NULL, NULL, 'EFN', NULL),
	('11988530289816778698', 'SE', NULL, 'oversize_smoverpkg', '(weight<=1.76? "145.92" : "145.92+({0}-1.76)*0.1")', NULL, NULL, NULL, NULL, 'EFN', NULL),
	('11988530289816778699', 'SE', NULL, 'oversize_stdoverpkg', '167.89', NULL, 0.7600, NULL, NULL, 'EFN', NULL),
	('11988530289816778700', 'SE', NULL, 'oversize_stdoverpkg', '172.80', NULL, 1.7600, NULL, NULL, 'EFN', NULL),
	('11988530289816778701', 'SE', NULL, 'oversize_stdoverpkg', '184.35', NULL, 2.7600, NULL, NULL, 'EFN', NULL),
	('11988530289816778702', 'SE', NULL, 'oversize_stdoverpkg', '185.39', NULL, 3.7600, NULL, NULL, 'EFN', NULL),
	('11988530289816778703', 'SE', NULL, 'oversize_stdoverpkg', '186.81', NULL, 4.7600, NULL, NULL, 'EFN', NULL),
	('11988530289816778704', 'SE', NULL, 'oversize_stdoverpkg', '213.26', NULL, 9.7600, NULL, NULL, 'EFN', NULL),
	('11988530289816778705', 'SE', NULL, 'oversize_stdoverpkg', '224.14', NULL, 14.7600, NULL, NULL, 'EFN', NULL),
	('11988530289816778706', 'SE', NULL, 'oversize_stdoverpkg', '243.91', NULL, 19.7600, NULL, NULL, 'EFN', NULL),
	('11988530289816778707', 'SE', NULL, 'oversize_stdoverpkg', '261.48', NULL, 24.7600, NULL, NULL, 'EFN', NULL),
	('11988530289816778708', 'SE', NULL, 'oversize_stdoverpkg', '265.36', NULL, 29.7600, NULL, NULL, 'EFN', NULL),
	('11988530289816778709', 'SE', NULL, 'oversize_stdoverpkg', '(weight<=29.76? "265.36" : "265.36+({0}-29.76)*0.1")', NULL, NULL, NULL, NULL, 'EFN', NULL),
	('11988530289816778710', 'SE', NULL, 'oversize_lgoverpkg', '254.05', NULL, 4.7600, NULL, NULL, 'EFN', NULL),
	('11988530289816778711', 'SE', NULL, 'oversize_lgoverpkg', '303.43', NULL, 9.7600, NULL, NULL, 'EFN', NULL),
	('11988530289816778712', 'SE', NULL, 'oversize_lgoverpkg', '322.21', NULL, 14.7600, NULL, NULL, 'EFN', NULL),
	('11988530289816778713', 'SE', NULL, 'oversize_lgoverpkg', '354.92', NULL, 19.7600, NULL, NULL, 'EFN', NULL),
	('11988530289816778714', 'SE', NULL, 'oversize_lgoverpkg', '384.77', NULL, 24.7600, NULL, NULL, 'EFN', NULL),
	('11988530289816778715', 'SE', NULL, 'oversize_lgoverpkg', '384.77', NULL, 31.5000, NULL, NULL, 'EFN', NULL),
	('11988530289816778716', 'SE', NULL, 'oversize_lgoverpkg', '(weight<=31.5? "384.77" : "384.77+({0}-31.5)*0.1")', NULL, NULL, NULL, NULL, 'EFN', NULL),
	('11988530289816778717', 'SE', NULL, 'std_overlgpkg', '62.1', NULL, 0.9600, NULL, NULL, 'EFN', NULL),
	('11988530289816778718', 'SE', NULL, 'std_smpl', '62.34', NULL, 0.1500, NULL, NULL, 'EFN', NULL),
	('11988530289816778719', 'SE', NULL, 'std_smpl', '67.95', NULL, 0.4000, NULL, NULL, 'EFN', NULL),
	('11988530289816778720', 'SE', NULL, 'std_smpl', '81.39', NULL, 0.9000, NULL, NULL, 'EFN', NULL),
	('11988530289816778721', 'SE', NULL, 'std_smpl', '89.49', NULL, 1.4000, NULL, NULL, 'EFN', NULL),
	('11988530289816778722', 'SE', NULL, 'std_smpl', '101.9', NULL, 1.9000, NULL, NULL, 'EFN', NULL),
	('11988530289816778723', 'SE', NULL, 'std_smpl', '129.32', NULL, 3.9000, NULL, NULL, 'EFN', NULL),
	('11988530289816784273', 'PL', NULL, 'std_smpkg', '20.25', NULL, 0.0800, NULL, NULL, 'EFN', NULL),
	('11988530289816784274', 'PL', NULL, 'std_stdpkg_box', '21.12', NULL, 0.0600, NULL, NULL, 'EFN', NULL),
	('11988530289816784275', 'PL', NULL, 'std_stdpkg_box', '22.61', NULL, 0.2100, NULL, NULL, 'EFN', NULL),
	('11988530289816784276', 'PL', NULL, 'std_stdpkg_box', '22.95', NULL, 0.4600, NULL, NULL, 'EFN', NULL),
	('11988530289816784277', 'PL', NULL, 'std_lgpkg', '24.57', NULL, 0.9600, NULL, NULL, 'EFN', NULL),
	('11988530289816784278', 'PL', NULL, 'std_stdpkg', '29.85', NULL, 0.1500, NULL, NULL, 'EFN', NULL),
	('11988530289816784279', 'PL', NULL, 'std_stdpkg', '33.08', NULL, 0.4000, NULL, NULL, 'EFN', NULL),
	('11988530289816784280', 'PL', NULL, 'std_stdpkg', '38.98', NULL, 0.9000, NULL, NULL, 'EFN', NULL),
	('11988530289816784281', 'PL', NULL, 'std_stdpkg', '42.80', NULL, 1.4000, NULL, NULL, 'EFN', NULL),
	('11988530289816784282', 'PL', NULL, 'std_stdpkg', '49.14', NULL, 1.9000, NULL, NULL, 'EFN', NULL),
	('11988530289816784283', 'PL', NULL, 'std_stdpkg', '60.43', NULL, 2.9000, NULL, NULL, 'EFN', NULL),
	('11988530289816784284', 'PL', NULL, 'std_stdpkg', '64.60', NULL, 3.9000, NULL, NULL, 'EFN', NULL),
	('11988530289816784285', 'PL', NULL, 'std_stdpkg', '67.88', NULL, 5.9000, NULL, NULL, 'EFN', NULL),
	('11988530289816784286', 'PL', NULL, 'std_stdpkg', '73.47', NULL, 8.9000, NULL, NULL, 'EFN', NULL),
	('11988530289816784287', 'PL', NULL, 'std_stdpkg', '88.03', NULL, 11.9000, NULL, NULL, 'EFN', NULL),
	('11988530289816784288', 'PL', NULL, 'oversize_smoverpkg', '61.72', NULL, 0.7600, NULL, NULL, 'EFN', NULL),
	('11988530289816784289', 'PL', NULL, 'oversize_smoverpkg', '64.23', NULL, 1.2600, NULL, NULL, 'EFN', NULL),
	('11988530289816784290', 'PL', NULL, 'oversize_smoverpkg', '64.72', NULL, 1.7600, NULL, NULL, 'EFN', NULL),
	('11988530289816784291', 'PL', NULL, 'oversize_smoverpkg', '(weight<=1.76? "64.72" : "64.72+({0}-1.76)*0.05")', NULL, NULL, NULL, NULL, 'EFN', NULL),
	('11988530289816784292', 'PL', NULL, 'oversize_stdoverpkg', '72.72', NULL, 0.7600, NULL, NULL, 'EFN', NULL),
	('11988530289816784293', 'PL', NULL, 'oversize_stdoverpkg', '76.91', NULL, 1.7600, NULL, NULL, 'EFN', NULL),
	('11988530289816784294', 'PL', NULL, 'oversize_stdoverpkg', '82.05', NULL, 2.7600, NULL, NULL, 'EFN', NULL),
	('11988530289816784295', 'PL', NULL, 'oversize_stdoverpkg', '82.51', NULL, 3.7600, NULL, NULL, 'EFN', NULL),
	('11988530289816784296', 'PL', NULL, 'oversize_stdoverpkg', '83.14', NULL, 4.7600, NULL, NULL, 'EFN', NULL),
	('11988530289816784297', 'PL', NULL, 'oversize_stdoverpkg', '94.91', NULL, 9.7600, NULL, NULL, 'EFN', NULL),
	('11988530289816784298', 'PL', NULL, 'oversize_stdoverpkg', '99.76', NULL, 14.7600, NULL, NULL, 'EFN', NULL),
	('11988530289816784299', 'PL', NULL, 'oversize_stdoverpkg', '108.55', NULL, 19.7600, NULL, NULL, 'EFN', NULL),
	('11988530289816784300', 'PL', NULL, 'oversize_stdoverpkg', '116.37', NULL, 24.7600, NULL, NULL, 'EFN', NULL),
	('11988530289816784301', 'PL', NULL, 'oversize_stdoverpkg', '118.10', NULL, 29.7600, NULL, NULL, 'EFN', NULL),
	('11988530289816784302', 'PL', NULL, 'oversize_stdoverpkg', '(weight<=29.76? "115.78" : "115.78+({0}-29.76)*0.05")', NULL, NULL, NULL, NULL, 'EFN', NULL),
	('11988530289816784303', 'PL', NULL, 'oversize_lgoverpkg', '112.23', NULL, 4.7600, NULL, NULL, 'EFN', NULL),
	('11988530289816784304', 'PL', NULL, 'oversize_lgoverpkg', '134.21', NULL, 9.7600, NULL, NULL, 'EFN', NULL),
	('11988530289816784305', 'PL', NULL, 'oversize_lgoverpkg', '142.57', NULL, 14.7600, NULL, NULL, 'EFN', NULL),
	('11988530289816784306', 'PL', NULL, 'oversize_lgoverpkg', '157.13', NULL, 19.7600, NULL, NULL, 'EFN', NULL),
	('11988530289816784307', 'PL', NULL, 'oversize_lgoverpkg', '170.41', NULL, 24.7600, NULL, NULL, 'EFN', NULL),
	('11988530289816784308', 'PL', NULL, 'oversize_lgoverpkg', '170.41', NULL, 31.5000, NULL, NULL, 'EFN', NULL),
	('11988530289816784309', 'PL', NULL, 'oversize_lgoverpkg', '(weight<=31.5? "170.41" : "170.41+({0}-31.5)*0.05")', NULL, NULL, NULL, NULL, 'EFN', NULL),
	('11988530289816784310', 'PL', NULL, 'std_overlgpkg', '29.68', NULL, 0.9600, NULL, NULL, 'EFN', NULL),
	('11988530289816784311', 'PL', NULL, 'std_smpl', '29.68', NULL, 0.1500, NULL, NULL, 'EFN', NULL),
	('11988530289816784312', 'PL', NULL, 'std_smpl', '32.33', NULL, 0.4000, NULL, NULL, 'EFN', NULL),
	('11988530289816784313', 'PL', NULL, 'std_smpl', '38.43', NULL, 0.9000, NULL, NULL, 'EFN', NULL),
	('11988530289816784314', 'PL', NULL, 'std_smpl', '42.11', NULL, 1.4000, NULL, NULL, 'EFN', NULL),
	('11988530289816784315', 'PL', NULL, 'std_smpl', '47.74', NULL, 1.9000, NULL, NULL, 'EFN', NULL),
	('11988530289816784316', 'PL', NULL, 'std_smpl', '60.18', NULL, 3.9000, NULL, NULL, 'EFN', NULL),
	('11988530289816787876', 'DE,IT,ES', NULL, 'std_smpkg', '4.91', NULL, 0.0800, NULL, NULL, 'EFN', NULL),
	('11988530289816787877', 'DE,IT,ES', NULL, 'std_stdpkg_box', '5.06', NULL, 0.0600, NULL, NULL, 'EFN', NULL),
	('11988530289816787878', 'DE,IT,ES', NULL, 'std_stdpkg_box', '5.41', NULL, 0.2100, NULL, NULL, 'EFN', NULL),
	('11988530289816787879', 'DE,IT,ES', NULL, 'std_stdpkg_box', '5.44', NULL, 0.4600, NULL, NULL, 'EFN', NULL),
	('11988530289816787880', 'DE,IT,ES', NULL, 'std_lgpkg', '5.99', NULL, 0.9600, NULL, NULL, 'EFN', NULL),
	('11988530289816787881', 'DE,IT,ES', NULL, 'std_stdpkg', '6.63', NULL, 0.1500, NULL, NULL, 'EFN', NULL),
	('11988530289816787882', 'DE,IT,ES', NULL, 'std_stdpkg', '7.73', NULL, 0.4000, NULL, NULL, 'EFN', NULL),
	('11988530289816787883', 'DE,IT,ES', NULL, 'std_stdpkg', '9.19', NULL, 0.9000, NULL, NULL, 'EFN', NULL),
	('11988530289816787884', 'DE,IT,ES', NULL, 'std_stdpkg', '10.43', NULL, 1.4000, NULL, NULL, 'EFN', NULL),
	('11988530289816787885', 'DE,IT,ES', NULL, 'std_stdpkg', '11.97', NULL, 1.9000, NULL, NULL, 'EFN', NULL),
	('11988530289816787886', 'DE,IT,ES', NULL, 'std_stdpkg', '13.42', NULL, 2.9000, NULL, NULL, 'EFN', NULL),
	('11988530289816787887', 'DE,IT,ES', NULL, 'std_stdpkg', '15.80', NULL, 3.9000, NULL, NULL, 'EFN', NULL),
	('11988530289816787888', 'DE,IT,ES', NULL, 'std_stdpkg', '16.67', NULL, 5.9000, NULL, NULL, 'EFN', NULL),
	('11988530289816787889', 'DE,IT,ES', NULL, 'std_stdpkg', '18.06', NULL, 8.9000, NULL, NULL, 'EFN', NULL),
	('11988530289816787890', 'DE,IT,ES', NULL, 'std_stdpkg', '21.24', NULL, 11.9000, NULL, NULL, 'EFN', NULL),
	('11988530289816787891', 'DE,IT,ES', NULL, 'oversize_smoverpkg', '13.92', NULL, 0.7600, NULL, NULL, 'EFN', NULL),
	('11988530289816787892', 'DE,IT,ES', NULL, 'oversize_smoverpkg', '14.38', NULL, 1.2600, NULL, NULL, 'EFN', NULL),
	('11988530289816787893', 'DE,IT,ES', NULL, 'oversize_smoverpkg', '14.49', NULL, 1.7600, NULL, NULL, 'EFN', NULL),
	('11988530289816787894', 'DE,IT,ES', NULL, 'oversize_smoverpkg', '(weight<=1.76? "14.49" : "14.49+({0}-1.76)*0.01")', NULL, NULL, NULL, NULL, 'EFN', NULL),
	('11988530289816787895', 'DE,IT,ES', NULL, 'oversize_stdoverpkg', '17.42', NULL, 0.7600, NULL, NULL, 'EFN', NULL),
	('11988530289816787896', 'DE,IT,ES', NULL, 'oversize_stdoverpkg', '1.93', NULL, 1.7600, NULL, NULL, 'EFN', NULL),
	('11988530289816787897', 'DE,IT,ES', NULL, 'oversize_stdoverpkg', '19.14', NULL, 2.7600, NULL, NULL, 'EFN', NULL),
	('11988530289816787898', 'DE,IT,ES', NULL, 'oversize_stdoverpkg', '19.24', NULL, 3.7600, NULL, NULL, 'EFN', NULL),
	('11988530289816787899', 'DE,IT,ES', NULL, 'oversize_stdoverpkg', '19.39', NULL, 4.7600, NULL, NULL, 'EFN', NULL),
	('11988530289816787900', 'DE,IT,ES', NULL, 'oversize_stdoverpkg', '22.13', NULL, 9.7600, NULL, NULL, 'EFN', NULL),
	('11988530289816787901', 'DE,IT,ES', NULL, 'oversize_stdoverpkg', '23.25', NULL, 14.7600, NULL, NULL, 'EFN', NULL),
	('11988530289816787902', 'DE,IT,ES', NULL, 'oversize_stdoverpkg', '25.31', NULL, 19.7600, NULL, NULL, 'EFN', NULL),
	('11988530289816787903', 'DE,IT,ES', NULL, 'oversize_stdoverpkg', '27.14', NULL, 24.7600, NULL, NULL, 'EFN', NULL),
	('11988530289816787904', 'DE,IT,ES', NULL, 'oversize_stdoverpkg', '27.54', NULL, 29.7600, NULL, NULL, 'EFN', NULL),
	('11988530289816787905', 'DE,IT,ES', NULL, 'oversize_stdoverpkg', '(weight<=29.76? "27.54" : "27.54+({0}-29.76)*0.01")', NULL, NULL, NULL, NULL, 'EFN', NULL),
	('11988530289816787906', 'DE,IT,ES', NULL, 'oversize_lgoverpkg', '25.94', NULL, 4.7600, NULL, NULL, 'EFN', NULL),
	('11988530289816787907', 'DE,IT,ES', NULL, 'oversize_lgoverpkg', '31.05', NULL, 9.7600, NULL, NULL, 'EFN', NULL),
	('11988530289816787908', 'DE,IT,ES', NULL, 'oversize_lgoverpkg', '33.01', NULL, 14.7600, NULL, NULL, 'EFN', NULL),
	('11988530289816787909', 'DE,IT,ES', NULL, 'oversize_lgoverpkg', '36.40', NULL, 19.7600, NULL, NULL, 'EFN', NULL),
	('11988530289816787910', 'DE,IT,ES', NULL, 'oversize_lgoverpkg', '39.50', NULL, 24.7600, NULL, NULL, 'EFN', NULL),
	('11988530289816787911', 'DE,IT,ES', NULL, 'oversize_lgoverpkg', '39.50', NULL, 31.5000, NULL, NULL, 'EFN', NULL),
	('11988530289816787912', 'DE,IT,ES', NULL, 'oversize_lgoverpkg', '(weight<=31.5? "39.50" : "39.50+({0}-31.5)*0.01")', NULL, NULL, NULL, NULL, 'EFN', NULL),
	('11988530289816787913', 'DE,IT,ES', NULL, 'std_overlgpkg', '6.61', NULL, 0.9600, NULL, NULL, 'EFN', NULL),
	('11988530289816787914', 'DE,IT,ES', NULL, 'std_smpl', '6.61', NULL, 0.1500, NULL, NULL, 'EFN', NULL),
	('11988530289816787915', 'DE,IT,ES', NULL, 'std_smpl', '7.05', NULL, 0.4000, NULL, NULL, 'EFN', NULL),
	('11988530289816787916', 'DE,IT,ES', NULL, 'std_smpl', '8.45', NULL, 0.9000, NULL, NULL, 'EFN', NULL),
	('11988530289816787917', 'DE,IT,ES', NULL, 'std_smpl', '9.28', NULL, 1.4000, NULL, NULL, 'EFN', NULL),
	('11988530289816787918', 'DE,IT,ES', NULL, 'std_smpl', '10.58', NULL, 1.9000, NULL, NULL, 'EFN', NULL),
	('11988530289816787919', 'DE,IT,ES', NULL, 'std_smpl', '13.42', NULL, 3.9000, NULL, NULL, 'EFN', NULL),
	('11988530289816795525', 'UK', NULL, 'std_smpkg', '3.66', NULL, 0.0800, NULL, NULL, 'EFN', NULL),
	('11988530289816795526', 'UK', NULL, 'std_stdpkg_box', '3.79', NULL, 0.0600, NULL, NULL, 'EFN', NULL),
	('11988530289816795527', 'UK', NULL, 'std_stdpkg_box', '4.05', NULL, 0.2100, NULL, NULL, 'EFN', NULL),
	('11988530289816795528', 'UK', NULL, 'std_stdpkg_box', '4.07', NULL, 0.4600, NULL, NULL, 'EFN', NULL),
	('11988530289816795529', 'UK', NULL, 'std_lgpkg', '4.47', NULL, 0.9600, NULL, NULL, 'EFN', NULL),
	('11988530289816795530', 'UK', NULL, 'std_stdpkg', '4.89', NULL, 0.1500, NULL, NULL, 'EFN', NULL),
	('11988530289816795531', 'UK', NULL, 'std_stdpkg', '6.08', NULL, 0.4000, NULL, NULL, 'EFN', NULL),
	('11988530289816795532', 'UK', NULL, 'std_stdpkg', '6.78', NULL, 0.9000, NULL, NULL, 'EFN', NULL),
	('11988530289816795533', 'UK', NULL, 'std_stdpkg', '7.69', NULL, 1.4000, NULL, NULL, 'EFN', NULL),
	('11988530289816795534', 'UK', NULL, 'std_stdpkg', '8.82', NULL, 1.9000, NULL, NULL, 'EFN', NULL),
	('11988530289816795535', 'UK', NULL, 'std_stdpkg', '9.89', NULL, 2.9000, NULL, NULL, 'EFN', NULL),
	('11988530289816795536', 'UK', NULL, 'std_stdpkg', '11.66', NULL, 3.9000, NULL, NULL, 'EFN', NULL),
	('11988530289816795537', 'UK', NULL, 'std_stdpkg', '12.28', NULL, 5.9000, NULL, NULL, 'EFN', NULL),
	('11988530289816795538', 'UK', NULL, 'std_stdpkg', '13.30', NULL, 8.9000, NULL, NULL, 'EFN', NULL),
	('11988530289816795539', 'UK', NULL, 'std_stdpkg', '15.56', NULL, 11.9000, NULL, NULL, 'EFN', NULL),
	('11988530289816795540', 'UK', NULL, 'oversize_smoverpkg', '10.89', NULL, 0.7600, NULL, NULL, 'EFN', NULL),
	('11988530289816795541', 'UK', NULL, 'oversize_smoverpkg', '11.26', NULL, 1.2600, NULL, NULL, 'EFN', NULL),
	('11988530289816795542', 'UK', NULL, 'oversize_smoverpkg', '11.35', NULL, 1.7600, NULL, NULL, 'EFN', NULL),
	('11988530289816795543', 'UK', NULL, 'oversize_smoverpkg', '(weight<=1.76? "11.35" : "11.35+({0}-1.76)*0.01")', NULL, NULL, NULL, NULL, 'EFN', NULL),
	('11988530289816795544', 'UK', NULL, 'oversize_stdoverpkg', '13.62', NULL, 0.7600, NULL, NULL, 'EFN', NULL),
	('11988530289816795545', 'UK', NULL, 'oversize_stdoverpkg', '14.02', NULL, 1.7600, NULL, NULL, 'EFN', NULL),
	('11988530289816795546', 'UK', NULL, 'oversize_stdoverpkg', '14.97', NULL, 2.7600, NULL, NULL, 'EFN', NULL),
	('11988530289816795547', 'UK', NULL, 'oversize_stdoverpkg', '15.05', NULL, 3.7600, NULL, NULL, 'EFN', NULL),
	('11988530289816795548', 'UK', NULL, 'oversize_stdoverpkg', '15.18', NULL, 4.7600, NULL, NULL, 'EFN', NULL),
	('11988530289816795549', 'UK', NULL, 'oversize_stdoverpkg', '17.30', NULL, 9.7600, NULL, NULL, 'EFN', NULL),
	('11988530289816795550', 'UK', NULL, 'oversize_stdoverpkg', '18.20', NULL, 14.7600, NULL, NULL, 'EFN', NULL),
	('11988530289816795551', 'UK', NULL, 'oversize_stdoverpkg', '19.80', NULL, 19.7600, NULL, NULL, 'EFN', NULL),
	('11988530289816795552', 'UK', NULL, 'oversize_stdoverpkg', '21.22', NULL, 24.7600, NULL, NULL, 'EFN', NULL),
	('11988530289816795553', 'UK', NULL, 'oversize_stdoverpkg', '21.54', NULL, 29.7600, NULL, NULL, 'EFN', NULL),
	('11988530289816795554', 'UK', NULL, 'oversize_stdoverpkg', '(weight<=29.76? "21.54" : "21.54+({0}-29.76)*0.01")', NULL, NULL, NULL, NULL, 'EFN', NULL),
	('11988530289816795555', 'UK', NULL, 'oversize_lgoverpkg', '20.29', NULL, 4.7600, NULL, NULL, 'EFN', NULL),
	('11988530289816795556', 'UK', NULL, 'oversize_lgoverpkg', '24.29', NULL, 9.7600, NULL, NULL, 'EFN', NULL),
	('11988530289816795557', 'UK', NULL, 'oversize_lgoverpkg', '25.83', NULL, 14.7600, NULL, NULL, 'EFN', NULL),
	('11988530289816795558', 'UK', NULL, 'oversize_lgoverpkg', '28.48', NULL, 19.7600, NULL, NULL, 'EFN', NULL),
	('11988530289816795559', 'UK', NULL, 'oversize_lgoverpkg', '30.90', NULL, 24.7600, NULL, NULL, 'EFN', NULL),
	('11988530289816795560', 'UK', NULL, 'oversize_lgoverpkg', '30.90', NULL, 31.5000, NULL, NULL, 'EFN', NULL),
	('11988530289816795561', 'UK', NULL, 'oversize_lgoverpkg', '(weight<=31.5? "30.90" : "30.90+({0}-31.5)*0.01")', NULL, NULL, NULL, NULL, 'EFN', NULL),
	('11988530289816795562', 'UK', NULL, 'std_overlgpkg', '4.84', NULL, 0.9600, NULL, NULL, 'EFN', NULL),
	('11988530289816795563', 'UK', NULL, 'std_smpl', '4.84', NULL, 0.1500, NULL, NULL, 'EFN', NULL),
	('11988530289816795564', 'UK', NULL, 'std_smpl', '5.19', NULL, 0.4000, NULL, NULL, 'EFN', NULL),
	('11988530289816795565', 'UK', NULL, 'std_smpl', '6.22', NULL, 0.9000, NULL, NULL, 'EFN', NULL),
	('11988530289816795566', 'UK', NULL, 'std_smpl', '6.85', NULL, 1.4000, NULL, NULL, 'EFN', NULL),
	('11988530289816795567', 'UK', NULL, 'std_smpl', '7.80', NULL, 1.9000, NULL, NULL, 'EFN', NULL),
	('11988530289816795568', 'UK', NULL, 'std_smpl', '9.89', NULL, 3.9000, NULL, NULL, 'EFN', NULL),
	('11988530289816796981', 'DE', NULL, 'oversize_spoverpkg', '19.98', NULL, 20.0000, NULL, NULL, 'PAN_EU', NULL),
	('11988530289816796982', 'DE', NULL, 'oversize_spoverpkg', '28.46', NULL, 40.0000, NULL, NULL, 'PAN_EU', NULL),
	('11988530289816796983', 'DE', NULL, 'oversize_spoverpkg', '(weight<=60.00? "61.17" : "61.17+({0}-60.00)*0.37")', NULL, NULL, NULL, NULL, 'PAN_EU', NULL),
	('11988530289816796984', 'DE', NULL, 'std_smpkg', '1.90', NULL, 0.0800, NULL, NULL, 'PAN_EU', NULL),
	('11988530289816796985', 'DE', NULL, 'std_stdpkg_box', '2.09', NULL, 0.0600, NULL, NULL, 'PAN_EU', NULL),
	('11988530289816796986', 'DE', NULL, 'std_stdpkg_box', '2.23', NULL, 0.2100, NULL, NULL, 'PAN_EU', NULL),
	('11988530289816796987', 'DE', NULL, 'std_stdpkg_box', '2.39', NULL, 0.4600, NULL, NULL, 'PAN_EU', NULL),
	('11988530289816796988', 'DE', NULL, 'std_lgpkg', '2.74', NULL, 0.9600, NULL, NULL, 'PAN_EU', NULL),
	('11988530289816796990', 'DE', NULL, 'std_overlgpkg', '3.12', NULL, 0.9600, NULL, NULL, 'PAN_EU', NULL),
	('11988530289816796993', 'DE', NULL, 'std_smpl', '3.12', NULL, 0.1500, NULL, NULL, 'PAN_EU', NULL),
	('11988530289816796994', 'DE', NULL, 'std_smpl', '3.32', NULL, 0.4000, NULL, NULL, 'PAN_EU', NULL),
	('11988530289816796997', 'DE', NULL, 'std_smpl', '3.70', NULL, 0.9000, NULL, NULL, 'PAN_EU', NULL),
	('11988530289816797001', 'DE', NULL, 'std_smpl', '4.37', NULL, 1.4000, NULL, NULL, 'PAN_EU', NULL),
	('11988530289816797005', 'DE', NULL, 'std_smpl', '4.76', NULL, 1.9000, NULL, NULL, 'PAN_EU', NULL),
	('11988530289816797008', 'DE', NULL, 'std_smpl', '5.97', NULL, 3.9000, NULL, NULL, 'PAN_EU', NULL),
	('11988530289816797009', 'DE', NULL, 'std_stdpkg', '3.22', NULL, 0.1500, NULL, NULL, 'PAN_EU', NULL),
	('11988530289816797010', 'DE', NULL, 'std_stdpkg', '3.63', NULL, 0.4000, NULL, NULL, 'PAN_EU', NULL),
	('11988530289816797011', 'DE', NULL, 'std_stdpkg', '4.11', NULL, 0.9000, NULL, NULL, 'PAN_EU', NULL),
	('11988530289816797012', 'DE', NULL, 'std_stdpkg', '4.84', NULL, 1.4000, NULL, NULL, 'PAN_EU', NULL),
	('11988530289816797013', 'DE', NULL, 'std_stdpkg', '5.32', NULL, 1.9000, NULL, NULL, 'PAN_EU', NULL),
	('11988530289816797014', 'DE', NULL, 'std_stdpkg', '5.98', NULL, 2.9000, NULL, NULL, 'PAN_EU', NULL),
	('11988530289816797015', 'DE', NULL, 'std_stdpkg', '6.55', NULL, 3.9000, NULL, NULL, 'PAN_EU', NULL),
	('11988530289816797016', 'DE', NULL, 'std_stdpkg', '6.89', NULL, 5.9000, NULL, NULL, 'PAN_EU', NULL),
	('11988530289816797017', 'DE', NULL, 'std_stdpkg', '7.44', NULL, 8.9000, NULL, NULL, 'PAN_EU', NULL),
	('11988530289816797018', 'DE', NULL, 'std_stdpkg', '7.73', NULL, 11.9000, NULL, NULL, 'PAN_EU', NULL),
	('11988530289816797019', 'DE', NULL, 'oversize_smoverpkg', '6.39', NULL, 0.7600, NULL, NULL, 'PAN_EU', NULL),
	('11988530289816797020', 'DE', NULL, 'oversize_smoverpkg', '6.41', NULL, 1.2600, NULL, NULL, 'PAN_EU', NULL),
	('11988530289816797021', 'DE', NULL, 'oversize_smoverpkg', '(weight<=1.76? "6.43" : "6.43+({0}-1.76)*0.01")', NULL, NULL, NULL, NULL, 'PAN_EU', NULL),
	('11988530289816797025', 'DE', NULL, 'oversize_stdoverpkg', '6.46', NULL, 0.7600, NULL, NULL, 'PAN_EU', NULL),
	('11988530289816797029', 'DE', NULL, 'oversize_stdoverpkg', '6.77', NULL, 1.7600, NULL, NULL, 'PAN_EU', NULL),
	('11988530289816797033', 'DE', NULL, 'oversize_stdoverpkg', '7.59', NULL, 2.7600, NULL, NULL, 'PAN_EU', NULL),
	('11988530289816797036', 'DE', NULL, 'oversize_stdoverpkg', '7.65', NULL, 3.7600, NULL, NULL, 'PAN_EU', NULL),
	('11988530289816797040', 'DE', NULL, 'oversize_stdoverpkg', '7.68', NULL, 4.7600, NULL, NULL, 'PAN_EU', NULL),
	('11988530289816797044', 'DE', NULL, 'oversize_stdoverpkg', '8.07', NULL, 9.7600, NULL, NULL, 'PAN_EU', NULL),
	('11988530289816797047', 'DE', NULL, 'oversize_stdoverpkg', '8.79', NULL, 14.7600, NULL, NULL, 'PAN_EU', NULL),
	('11988530289816797048', 'DE', NULL, 'oversize_stdoverpkg', '9.34', NULL, 19.7600, NULL, NULL, 'PAN_EU', NULL),
	('11988530289816797049', 'DE', NULL, 'oversize_stdoverpkg', '10.58', NULL, 24.7600, NULL, NULL, 'PAN_EU', NULL),
	('11988530289816797051', 'DE', NULL, 'oversize_stdoverpkg', '(weight<=29.76? "10.59" : "10.59+({0}-29.76)*0.01")', NULL, NULL, NULL, NULL, 'PAN_EU', NULL),
	('11988530289816797056', 'DE', NULL, 'oversize_lgoverpkg', '9.26', NULL, 4.7600, NULL, NULL, 'PAN_EU', NULL),
	('11988530289816797057', 'DE', NULL, 'oversize_lgoverpkg', '10.66', NULL, 9.7600, NULL, NULL, 'PAN_EU', NULL),
	('11988530289816797058', 'DE', NULL, 'oversize_lgoverpkg', '11.00', NULL, 14.7600, NULL, NULL, 'PAN_EU', NULL),
	('11988530289816797059', 'DE', NULL, 'oversize_lgoverpkg', '11.63', NULL, 19.7600, NULL, NULL, 'PAN_EU', NULL),
	('11988530289816797060', 'DE', NULL, 'oversize_lgoverpkg', '12.86', NULL, 24.7600, NULL, NULL, 'PAN_EU', NULL),
	('11988530289816797061', 'DE', NULL, 'oversize_lgoverpkg', '(weight<=31.50? "12.90" : "12.90+({0}-31.50)*0.01")', NULL, NULL, NULL, NULL, 'PAN_EU', NULL),
	('11988530289816798081', 'FR', NULL, 'oversize_spoverpkg', '23.95', NULL, 20.0000, NULL, NULL, 'PAN_EU', NULL),
	('11988530289816798082', 'FR', NULL, 'oversize_spoverpkg', '31.76', NULL, 40.0000, NULL, NULL, 'PAN_EU', NULL),
	('11988530289816798083', 'FR', NULL, 'oversize_spoverpkg', '(weight<=60.00? "55.63" : "55.63+({0}-60.00)*0.41")', NULL, NULL, NULL, NULL, 'PAN_EU', NULL),
	('11988530289816798084', 'FR', NULL, 'std_smpkg', '2.70', NULL, 0.0800, NULL, NULL, 'PAN_EU', NULL),
	('11988530289816798085', 'FR', NULL, 'std_stdpkg_box', '2.80', NULL, 0.0600, NULL, NULL, 'PAN_EU', NULL),
	('11988530289816798086', 'FR', NULL, 'std_stdpkg_box', '3.34', NULL, 0.2100, NULL, NULL, 'PAN_EU', NULL),
	('11988530289816798087', 'FR', NULL, 'std_stdpkg_box', '3.82', NULL, 0.4600, NULL, NULL, 'PAN_EU', NULL),
	('11988530289816798088', 'FR', NULL, 'std_lgpkg', '4.45', NULL, 0.9600, NULL, NULL, 'PAN_EU', NULL),
	('11988530289816798089', 'FR', NULL, 'std_overlgpkg', '4.79', NULL, 0.9600, NULL, NULL, 'PAN_EU', NULL),
	('11988530289816798090', 'FR', NULL, 'std_smpl', '4.79', NULL, 0.1500, NULL, NULL, 'PAN_EU', NULL),
	('11988530289816798091', 'FR', NULL, 'std_smpl', '5.18', NULL, 0.4000, NULL, NULL, 'PAN_EU', NULL),
	('11988530289816798092', 'FR', NULL, 'std_smpl', '5.92', NULL, 0.9000, NULL, NULL, 'PAN_EU', NULL),
	('11988530289816798093', 'FR', NULL, 'std_smpl', '6.16', NULL, 1.4000, NULL, NULL, 'PAN_EU', NULL),
	('11988530289816798094', 'FR', NULL, 'std_smpl', '6.24', NULL, 1.9000, NULL, NULL, 'PAN_EU', NULL),
	('11988530289816798095', 'FR', NULL, 'std_smpl', '9.55', NULL, 3.9000, NULL, NULL, 'PAN_EU', NULL),
	('11988530289816798096', 'FR', NULL, 'std_stdpkg', '4.84', NULL, 0.1500, NULL, NULL, 'PAN_EU', NULL),
	('11988530289816798097', 'FR', NULL, 'std_stdpkg', '5.50', NULL, 0.4000, NULL, NULL, 'PAN_EU', NULL),
	('11988530289816798098', 'FR', NULL, 'std_stdpkg', '6.40', NULL, 0.9000, NULL, NULL, 'PAN_EU', NULL),
	('11988530289816798099', 'FR', NULL, 'std_stdpkg', '6.77', NULL, 1.4000, NULL, NULL, 'PAN_EU', NULL),
	('11988530289816798100', 'FR', NULL, 'std_stdpkg', '6.97', NULL, 1.9000, NULL, NULL, 'PAN_EU', NULL),
	('11988530289816798101', 'FR', NULL, 'std_stdpkg', '9.55', NULL, 2.9000, NULL, NULL, 'PAN_EU', NULL),
	('11988530289816798102', 'FR', NULL, 'std_stdpkg', '9.74', NULL, 3.9000, NULL, NULL, 'PAN_EU', NULL),
	('11988530289816798103', 'FR', NULL, 'std_stdpkg', '10.22', NULL, 5.9000, NULL, NULL, 'PAN_EU', NULL),
	('11988530289816798104', 'FR', NULL, 'std_stdpkg', '11.12', NULL, 8.9000, NULL, NULL, 'PAN_EU', NULL),
	('11988530289816798105', 'FR', NULL, 'std_stdpkg', '11.65', NULL, 11.9000, NULL, NULL, 'PAN_EU', NULL),
	('11988530289816798106', 'FR', NULL, 'oversize_smoverpkg', '9.36', NULL, 0.7600, NULL, NULL, 'PAN_EU', NULL),
	('11988530289816798107', 'FR', NULL, 'oversize_smoverpkg', '9.75', NULL, 1.2600, NULL, NULL, 'PAN_EU', NULL),
	('11988530289816798108', 'FR', NULL, 'oversize_smoverpkg', '(weight<=1.76? "10.39" : "10.39+({0}-1.76)*0.01")', NULL, NULL, NULL, NULL, 'PAN_EU', NULL),
	('11988530289816798109', 'FR', NULL, 'oversize_stdoverpkg', '9.37', NULL, 0.7600, NULL, NULL, 'PAN_EU', NULL),
	('11988530289816798110', 'FR', NULL, 'oversize_stdoverpkg', '10.57', NULL, 1.7600, NULL, NULL, 'PAN_EU', NULL),
	('11988530289816798111', 'FR', NULL, 'oversize_stdoverpkg', '11.10', NULL, 2.7600, NULL, NULL, 'PAN_EU', NULL),
	('11988530289816798112', 'FR', NULL, 'oversize_stdoverpkg', '11.56', NULL, 3.7600, NULL, NULL, 'PAN_EU', NULL),
	('11988530289816798113', 'FR', NULL, 'oversize_stdoverpkg', '11.64', NULL, 4.7600, NULL, NULL, 'PAN_EU', NULL),
	('11988530289816798114', 'FR', NULL, 'oversize_stdoverpkg', '12.54', NULL, 9.7600, NULL, NULL, 'PAN_EU', NULL),
	('11988530289816798115', 'FR', NULL, 'oversize_stdoverpkg', '13.46', NULL, 14.7600, NULL, NULL, 'PAN_EU', NULL),
	('11988530289816798116', 'FR', NULL, 'oversize_stdoverpkg', '14.14', NULL, 19.7600, NULL, NULL, 'PAN_EU', NULL),
	('11988530289816798117', 'FR', NULL, 'oversize_stdoverpkg', '14.14', NULL, 24.7600, NULL, NULL, 'PAN_EU', NULL),
	('11988530289816798118', 'FR', NULL, 'oversize_stdoverpkg', '(weight<=29.76? "15.75" : "15.75+({0}-29.76)*0.01")', NULL, NULL, NULL, NULL, 'PAN_EU', NULL),
	('11988530289816798119', 'FR', NULL, 'oversize_lgoverpkg', '16.91', NULL, 4.7600, NULL, NULL, 'PAN_EU', NULL),
	('11988530289816798120', 'FR', NULL, 'oversize_lgoverpkg', '20.60', NULL, 9.7600, NULL, NULL, 'PAN_EU', NULL),
	('11988530289816798121', 'FR', NULL, 'oversize_lgoverpkg', '21.69', NULL, 14.7600, NULL, NULL, 'PAN_EU', NULL),
	('11988530289816798122', 'FR', NULL, 'oversize_lgoverpkg', '22.76', NULL, 19.7600, NULL, NULL, 'PAN_EU', NULL),
	('11988530289816798123', 'FR', NULL, 'oversize_lgoverpkg', '24.88', NULL, 24.7600, NULL, NULL, 'PAN_EU', NULL),
	('11988530289816798124', 'FR', NULL, 'oversize_lgoverpkg', '(weight<=31.50? "25.45" : "25.45+({0}-30.50)*0.01")', NULL, NULL, NULL, NULL, 'PAN_EU', NULL),
	('11988530289816798756', 'IT', NULL, 'oversize_spoverpkg', '17.41', NULL, 20.0000, NULL, NULL, 'PAN_EU', NULL),
	('11988530289816798757', 'IT', NULL, 'oversize_spoverpkg', '20.91', NULL, 40.0000, NULL, NULL, 'PAN_EU', NULL),
	('11988530289816798758', 'IT', NULL, 'oversize_spoverpkg', '(weight<=60.00? "28.48" : "28.48+({0}-60.00)*0.57")', NULL, NULL, NULL, NULL, 'PAN_EU', NULL),
	('11988530289816798759', 'IT', NULL, 'std_smpkg', '3.11', NULL, 0.0800, NULL, NULL, 'PAN_EU', NULL),
	('11988530289816798760', 'IT', NULL, 'std_stdpkg_box', '3.24', NULL, 0.0600, NULL, NULL, 'PAN_EU', NULL),
	('11988530289816798761', 'IT', NULL, 'std_stdpkg_box', '3.37', NULL, 0.2100, NULL, NULL, 'PAN_EU', NULL),
	('11988530289816798762', 'IT', NULL, 'std_stdpkg_box', '3.60', NULL, 0.4600, NULL, NULL, 'PAN_EU', NULL),
	('11988530289816798763', 'IT', NULL, 'std_lgpkg', '3.90', NULL, 0.9600, NULL, NULL, 'PAN_EU', NULL),
	('11988530289816798764', 'IT', NULL, 'std_overlgpkg', '4.13', NULL, 0.9600, NULL, NULL, 'PAN_EU', NULL),
	('11988530289816798765', 'IT', NULL, 'std_smpl', '4.13', NULL, 0.1500, NULL, NULL, 'PAN_EU', NULL),
	('11988530289816798766', 'IT', NULL, 'std_smpl', '4.44', NULL, 0.4000, NULL, NULL, 'PAN_EU', NULL),
	('11988530289816798767', 'IT', NULL, 'std_smpl', '4.97', NULL, 0.9000, NULL, NULL, 'PAN_EU', NULL),
	('11988530289816798768', 'IT', NULL, 'std_smpl', '5.59', NULL, 1.4000, NULL, NULL, 'PAN_EU', NULL),
	('11988530289816798769', 'IT', NULL, 'std_smpl', '5.84', NULL, 1.9000, NULL, NULL, 'PAN_EU', NULL),
	('11988530289816798770', 'IT', NULL, 'std_smpl', '7.70', NULL, 3.9000, NULL, NULL, 'PAN_EU', NULL),
	('11988530289816798771', 'IT', NULL, 'std_stdpkg', '4.50', NULL, 0.1500, NULL, NULL, 'PAN_EU', NULL),
	('11988530289816798772', 'IT', NULL, 'std_stdpkg', '5.08', NULL, 0.4000, NULL, NULL, 'PAN_EU', NULL),
	('11988530289816798773', 'IT', NULL, 'std_stdpkg', '5.78', NULL, 0.9000, NULL, NULL, 'PAN_EU', NULL),
	('11988530289816798774', 'IT', NULL, 'std_stdpkg', '6.52', NULL, 1.4000, NULL, NULL, 'PAN_EU', NULL),
	('11988530289816798775', 'IT', NULL, 'std_stdpkg', '6.78', NULL, 1.9000, NULL, NULL, 'PAN_EU', NULL),
	('11988530289816798776', 'IT', NULL, 'std_stdpkg', '7.72', NULL, 2.9000, NULL, NULL, 'PAN_EU', NULL),
	('11988530289816798777', 'IT', NULL, 'std_stdpkg', '8.01', NULL, 3.9000, NULL, NULL, 'PAN_EU', NULL),
	('11988530289816798778', 'IT', NULL, 'std_stdpkg', '9.14', NULL, 5.9000, NULL, NULL, 'PAN_EU', NULL),
	('11988530289816798779', 'IT', NULL, 'std_stdpkg', '10.13', NULL, 8.9000, NULL, NULL, 'PAN_EU', NULL),
	('11988530289816798780', 'IT', NULL, 'std_stdpkg', '10.87', NULL, 11.9000, NULL, NULL, 'PAN_EU', NULL),
	('11988530289816798781', 'IT', NULL, 'oversize_smoverpkg', '9.24', NULL, 0.7600, NULL, NULL, 'PAN_EU', NULL),
	('11988530289816798782', 'IT', NULL, 'oversize_smoverpkg', '9.72', NULL, 1.2600, NULL, NULL, 'PAN_EU', NULL),
	('11988530289816798783', 'IT', NULL, 'oversize_smoverpkg', '(weight<=1.76? "9.86" : "9.86+({0}-1.76)*0.01")', NULL, NULL, NULL, NULL, 'PAN_EU', NULL),
	('11988530289816798784', 'IT', NULL, 'oversize_stdoverpkg', '9.79', NULL, 0.7600, NULL, NULL, 'PAN_EU', NULL),
	('11988530289816798785', 'IT', NULL, 'oversize_stdoverpkg', '9.94', NULL, 1.7600, NULL, NULL, 'PAN_EU', NULL),
	('11988530289816798786', 'IT', NULL, 'oversize_stdoverpkg', '9.96', NULL, 2.7600, NULL, NULL, 'PAN_EU', NULL),
	('11988530289816798787', 'IT', NULL, 'oversize_stdoverpkg', '10.64', NULL, 3.7600, NULL, NULL, 'PAN_EU', NULL),
	('11988530289816798788', 'IT', NULL, 'oversize_stdoverpkg', '10.68', NULL, 4.7600, NULL, NULL, 'PAN_EU', NULL),
	('11988530289816798789', 'IT', NULL, 'oversize_stdoverpkg', '12.11', NULL, 9.7600, NULL, NULL, 'PAN_EU', NULL),
	('11988530289816798790', 'IT', NULL, 'oversize_stdoverpkg', '13.45', NULL, 14.7600, NULL, NULL, 'PAN_EU', NULL),
	('11988530289816798791', 'IT', NULL, 'oversize_stdoverpkg', '13.87', NULL, 19.7600, NULL, NULL, 'PAN_EU', NULL),
	('11988530289816798792', 'IT', NULL, 'oversize_stdoverpkg', '14.76', NULL, 24.7600, NULL, NULL, 'PAN_EU', NULL),
	('11988530289816798793', 'IT', NULL, 'oversize_stdoverpkg', '(weight<=29.76? "15.50" : "15.50+({0}-29.76)*0.01")', NULL, NULL, NULL, NULL, 'PAN_EU', NULL),
	('11988530289816798794', 'IT', NULL, 'oversize_lgoverpkg', '10.84', NULL, 4.7600, NULL, NULL, 'PAN_EU', NULL),
	('11988530289816798795', 'IT', NULL, 'oversize_lgoverpkg', '12.33', NULL, 9.7600, NULL, NULL, 'PAN_EU', NULL),
	('11988530289816798796', 'IT', NULL, 'oversize_lgoverpkg', '13.57', NULL, 14.7600, NULL, NULL, 'PAN_EU', NULL),
	('11988530289816798797', 'IT', NULL, 'oversize_lgoverpkg', '14.01', NULL, 19.7600, NULL, NULL, 'PAN_EU', NULL),
	('11988530289816798798', 'IT', NULL, 'oversize_lgoverpkg', '15.71', NULL, 24.7600, NULL, NULL, 'PAN_EU', NULL),
	('11988530289816798799', 'IT', NULL, 'oversize_lgoverpkg', '(weight<=31.50? "15.80" : "15.80+({0}-30.50)*0.01")', NULL, NULL, NULL, NULL, 'PAN_EU', NULL),
	('11988530289816799300', 'ES', NULL, 'oversize_spoverpkg', '17.75', NULL, 20.0000, NULL, NULL, 'PAN_EU', NULL),
	('11988530289816799301', 'ES', NULL, 'oversize_spoverpkg', '25.23', NULL, 40.0000, NULL, NULL, 'PAN_EU', NULL),
	('11988530289816799302', 'ES', NULL, 'oversize_spoverpkg', '(weight<=60.00? "40.08" : "40.08+({0}-60.00)*0.49")', NULL, NULL, NULL, NULL, 'PAN_EU', NULL),
	('11988530289816799303', 'ES', NULL, 'std_smpkg', '2.53', NULL, 0.0800, NULL, NULL, 'PAN_EU', NULL),
	('11988530289816799305', 'ES', NULL, 'std_stdpkg_box', '2.84', NULL, 0.0600, NULL, NULL, 'PAN_EU', NULL),
	('11988530289816799306', 'ES', NULL, 'std_stdpkg_box', '3.18', NULL, 0.2100, NULL, NULL, 'PAN_EU', NULL),
	('11988530289816799308', 'ES', NULL, 'std_stdpkg_box', '3.42', NULL, 0.4600, NULL, NULL, 'PAN_EU', NULL),
	('11988530289816799309', 'ES', NULL, 'std_lgpkg', '3.57', NULL, 0.9600, NULL, NULL, 'PAN_EU', NULL),
	('11988530289816799310', 'ES', NULL, 'std_overlgpkg', '3.80', NULL, 0.9600, NULL, NULL, 'PAN_EU', NULL),
	('11988530289816799311', 'ES', NULL, 'std_smpl', '3.80', NULL, 0.1500, NULL, NULL, 'PAN_EU', NULL),
	('11988530289816799312', 'ES', NULL, 'std_smpl', '4.01', NULL, 0.4000, NULL, NULL, 'PAN_EU', NULL),
	('11988530289816799313', 'ES', NULL, 'std_smpl', '4.26', NULL, 0.9000, NULL, NULL, 'PAN_EU', NULL),
	('11988530289816799314', 'ES', NULL, 'std_smpl', '4.75', NULL, 1.4000, NULL, NULL, 'PAN_EU', NULL),
	('11988530289816799315', 'ES', NULL, 'std_smpl', '4.82', NULL, 1.9000, NULL, NULL, 'PAN_EU', NULL),
	('11988530289816799316', 'ES', NULL, 'std_smpl', '6.27', NULL, 3.9000, NULL, NULL, 'PAN_EU', NULL),
	('11988530289816799317', 'ES', NULL, 'std_stdpkg', '3.82', NULL, 0.1500, NULL, NULL, 'PAN_EU', NULL),
	('11988530289816799318', 'ES', NULL, 'std_stdpkg', '4.39', NULL, 0.4000, NULL, NULL, 'PAN_EU', NULL),
	('11988530289816799319', 'ES', NULL, 'std_stdpkg', '4.73', NULL, 0.9000, NULL, NULL, 'PAN_EU', NULL),
	('11988530289816799320', 'ES', NULL, 'std_stdpkg', '5.44', NULL, 1.4000, NULL, NULL, 'PAN_EU', NULL),
	('11988530289816799321', 'ES', NULL, 'std_stdpkg', '5.54', NULL, 1.9000, NULL, NULL, 'PAN_EU', NULL),
	('11988530289816799322', 'ES', NULL, 'std_stdpkg', '6.29', NULL, 2.9000, NULL, NULL, 'PAN_EU', NULL),
	('11988530289816799323', 'ES', NULL, 'std_stdpkg', '7.70', NULL, 3.9000, NULL, NULL, 'PAN_EU', NULL),
	('11988530289816799324', 'ES', NULL, 'std_stdpkg', '7.95', NULL, 5.9000, NULL, NULL, 'PAN_EU', NULL),
	('11988530289816799325', 'ES', NULL, 'std_stdpkg', '7.97', NULL, 8.9000, NULL, NULL, 'PAN_EU', NULL),
	('11988530289816799326', 'ES', NULL, 'std_stdpkg', '7.98', NULL, 11.9000, NULL, NULL, 'PAN_EU', NULL),
	('11988530289816799327', 'ES', NULL, 'oversize_smoverpkg', '7.32', NULL, 0.7600, NULL, NULL, 'PAN_EU', NULL),
	('11988530289816799328', 'ES', NULL, 'oversize_smoverpkg', '8.03', NULL, 1.2600, NULL, NULL, 'PAN_EU', NULL),
	('11988530289816799329', 'ES', NULL, 'oversize_smoverpkg', '(weight<=1.76? "8.13" : "8.13+({0}-1.76)*0.01")', NULL, NULL, NULL, NULL, 'PAN_EU', NULL),
	('11988530289816799330', 'ES', NULL, 'oversize_stdoverpkg', '7.37', NULL, 0.7600, NULL, NULL, 'PAN_EU', NULL),
	('11988530289816799331', 'ES', NULL, 'oversize_stdoverpkg', '8.16', NULL, 1.7600, NULL, NULL, 'PAN_EU', NULL),
	('11988530289816799332', 'ES', NULL, 'oversize_stdoverpkg', '8.95', NULL, 2.7600, NULL, NULL, 'PAN_EU', NULL),
	('11988530289816799333', 'ES', NULL, 'oversize_stdoverpkg', '9.02', NULL, 3.7600, NULL, NULL, 'PAN_EU', NULL),
	('11988530289816799334', 'ES', NULL, 'oversize_stdoverpkg', '9.31', NULL, 4.7600, NULL, NULL, 'PAN_EU', NULL),
	('11988530289816799335', 'ES', NULL, 'oversize_stdoverpkg', '13.62', NULL, 9.7600, NULL, NULL, 'PAN_EU', NULL),
	('11988530289816799336', 'ES', NULL, 'oversize_stdoverpkg', '14.71', NULL, 14.7600, NULL, NULL, 'PAN_EU', NULL),
	('11988530289816799337', 'ES', NULL, 'oversize_stdoverpkg', '15.95', NULL, 19.7600, NULL, NULL, 'PAN_EU', NULL),
	('11988530289816799338', 'ES', NULL, 'oversize_stdoverpkg', '15.96', NULL, 24.7600, NULL, NULL, 'PAN_EU', NULL),
	('11988530289816799339', 'ES', NULL, 'oversize_stdoverpkg', '(weight<=29.76? "17.72" : "17.72+({0}-29.76)*0.01")', NULL, NULL, NULL, NULL, 'PAN_EU', NULL),
	('11988530289816799340', 'ES', NULL, 'oversize_lgoverpkg', '11.19', NULL, 4.7600, NULL, NULL, 'PAN_EU', NULL),
	('11988530289816799341', 'ES', NULL, 'oversize_lgoverpkg', '15.01', NULL, 9.7600, NULL, NULL, 'PAN_EU', NULL),
	('11988530289816799342', 'ES', NULL, 'oversize_lgoverpkg', '16.21', NULL, 14.7600, NULL, NULL, 'PAN_EU', NULL),
	('11988530289816799343', 'ES', NULL, 'oversize_lgoverpkg', '17.36', NULL, 19.7600, NULL, NULL, 'PAN_EU', NULL),
	('11988530289816799344', 'ES', NULL, 'oversize_lgoverpkg', '18.82', NULL, 24.7600, NULL, NULL, 'PAN_EU', NULL),
	('11988530289816799345', 'ES', NULL, 'oversize_lgoverpkg', '(weight<=31.50? "21.57" : "21.57+({0}-30.50)*0.01")', NULL, NULL, NULL, NULL, 'PAN_EU', NULL),
	('11988530289816799531', 'PL', NULL, 'std_smpkg', '4.75', NULL, 0.0800, NULL, NULL, 'PAN_EU', NULL),
	('11988530289816799532', 'PL', NULL, 'std_stdpkg_box', '4.80', NULL, 0.0600, NULL, NULL, 'PAN_EU', NULL),
	('11988530289816799533', 'PL', NULL, 'std_stdpkg_box', '4.94', NULL, 0.2100, NULL, NULL, 'PAN_EU', NULL),
	('11988530289816799534', 'PL', NULL, 'std_stdpkg_box', '5.20', NULL, 0.4600, NULL, NULL, 'PAN_EU', NULL),
	('11988530289816799535', 'PL', NULL, 'std_lgpkg', '5.64', NULL, 0.9600, NULL, NULL, 'PAN_EU', NULL),
	('11988530289816799536', 'PL', NULL, 'std_overlgpkg', '5.70', NULL, 0.9600, NULL, NULL, 'PAN_EU', NULL),
	('11988530289816799537', 'PL', NULL, 'std_smpl', '5.70', NULL, 0.1500, NULL, NULL, 'PAN_EU', NULL),
	('11988530289816799538', 'PL', NULL, 'std_smpl', '5.77', NULL, 0.4000, NULL, NULL, 'PAN_EU', NULL),
	('11988530289816799539', 'PL', NULL, 'std_smpl', '6.55', NULL, 0.9000, NULL, NULL, 'PAN_EU', NULL),
	('11988530289816799540', 'PL', NULL, 'std_smpl', '6.81', NULL, 1.4000, NULL, NULL, 'PAN_EU', NULL),
	('11988530289816799541', 'PL', NULL, 'std_smpl', '6.82', NULL, 1.9000, NULL, NULL, 'PAN_EU', NULL),
	('11988530289816799542', 'PL', NULL, 'std_smpl', '6.86', NULL, 3.9000, NULL, NULL, 'PAN_EU', NULL),
	('11988530289816799543', 'PL', NULL, 'std_stdpkg', '5.79', NULL, 0.1500, NULL, NULL, 'PAN_EU', NULL),
	('11988530289816799544', 'PL', NULL, 'std_stdpkg', '5.83', NULL, 0.4000, NULL, NULL, 'PAN_EU', NULL),
	('11988530289816799545', 'PL', NULL, 'std_stdpkg', '6.61', NULL, 0.9000, NULL, NULL, 'PAN_EU', NULL),
	('11988530289816799546', 'PL', NULL, 'std_stdpkg', '6.88', NULL, 1.4000, NULL, NULL, 'PAN_EU', NULL),
	('11988530289816799547', 'PL', NULL, 'std_stdpkg', '6.89', NULL, 1.9000, NULL, NULL, 'PAN_EU', NULL),
	('11988530289816799548', 'PL', NULL, 'std_stdpkg', '6.95', NULL, 2.9000, NULL, NULL, 'PAN_EU', NULL),
	('11988530289816799549', 'PL', NULL, 'std_stdpkg', '7', NULL, 3.9000, NULL, NULL, 'PAN_EU', NULL),
	('11988530289816799550', 'PL', NULL, 'std_stdpkg', '7.08', NULL, 5.9000, NULL, NULL, 'PAN_EU', NULL),
	('11988530289816799551', 'PL', NULL, 'std_stdpkg', '7.46', NULL, 8.9000, NULL, NULL, 'PAN_EU', NULL),
	('11988530289816799552', 'PL', NULL, 'std_stdpkg', '9.21', NULL, 11.9000, NULL, NULL, 'PAN_EU', NULL),
	('11988530289816799553', 'PL', NULL, 'oversize_smoverpkg', '8.05', NULL, 0.7600, NULL, NULL, 'PAN_EU', NULL),
	('11988530289816799554', 'PL', NULL, 'oversize_smoverpkg', '8.29', NULL, 1.2600, NULL, NULL, 'PAN_EU', NULL),
	('11988530289816799555', 'PL', NULL, 'oversize_smoverpkg', '(weight<=1.76? "8.40" : "8.40+({0}-1.76)*0.05")', NULL, NULL, NULL, NULL, 'PAN_EU', NULL),
	('11988530289816799556', 'PL', NULL, 'oversize_stdoverpkg', '8.05', NULL, 0.7600, NULL, NULL, 'PAN_EU', NULL),
	('11988530289816799557', 'PL', NULL, 'oversize_stdoverpkg', '8.40', NULL, 1.7600, NULL, NULL, 'PAN_EU', NULL),
	('11988530289816799558', 'PL', NULL, 'oversize_stdoverpkg', '9.81', NULL, 2.7600, NULL, NULL, 'PAN_EU', NULL),
	('11988530289816799559', 'PL', NULL, 'oversize_stdoverpkg', '9.89', NULL, 3.7600, NULL, NULL, 'PAN_EU', NULL),
	('11988530289816799560', 'PL', NULL, 'oversize_stdoverpkg', '9.89', NULL, 4.7600, NULL, NULL, 'PAN_EU', NULL),
	('11988530289816799561', 'PL', NULL, 'oversize_stdoverpkg', '10.48', NULL, 9.7600, NULL, NULL, 'PAN_EU', NULL),
	('11988530289816799562', 'PL', NULL, 'oversize_stdoverpkg', '11.36', NULL, 14.7600, NULL, NULL, 'PAN_EU', NULL),
	('11988530289816799563', 'PL', NULL, 'oversize_stdoverpkg', '12.08', NULL, 19.7600, NULL, NULL, 'PAN_EU', NULL),
	('11988530289816799564', 'PL', NULL, 'oversize_stdoverpkg', '13.68', NULL, 24.7600, NULL, NULL, 'PAN_EU', NULL),
	('11988530289816799565', 'PL', NULL, 'oversize_stdoverpkg', '(weight<=29.76? "13.68" : "13.68+({0}-29.76)*0.05")', NULL, NULL, NULL, NULL, 'PAN_EU', NULL),
	('11988530289816799566', 'PL', NULL, 'oversize_lgoverpkg', '10.74', NULL, 4.7600, NULL, NULL, 'PAN_EU', NULL),
	('11988530289816799567', 'PL', NULL, 'oversize_lgoverpkg', '12.39', NULL, 9.7600, NULL, NULL, 'PAN_EU', NULL),
	('11988530289816799568', 'PL', NULL, 'oversize_lgoverpkg', '13.25', NULL, 14.7600, NULL, NULL, 'PAN_EU', NULL),
	('11988530289816799569', 'PL', NULL, 'oversize_lgoverpkg', '14', NULL, 19.7600, NULL, NULL, 'PAN_EU', NULL),
	('11988530289816799570', 'PL', NULL, 'oversize_lgoverpkg', '15.51', NULL, 24.7600, NULL, NULL, 'PAN_EU', NULL),
	('11988530289816799571', 'PL', NULL, 'oversize_lgoverpkg', '(weight<=31.50? "15.54" : "15.54+({0}-30.50)*0.05")', NULL, NULL, NULL, NULL, 'PAN_EU', NULL),
	('11988530289816800123', 'SE', NULL, 'std_smpkg', '27.61', NULL, 0.0800, NULL, NULL, 'PAN_EU', NULL),
	('11988530289816800124', 'SE', NULL, 'std_stdpkg_box', '28.36', NULL, 0.0600, NULL, NULL, 'PAN_EU', NULL),
	('11988530289816800125', 'SE', NULL, 'std_stdpkg_box', '29.60', NULL, 0.2100, NULL, NULL, 'PAN_EU', NULL),
	('11988530289816800126', 'SE', NULL, 'std_stdpkg_box', '34.09', NULL, 0.4600, NULL, NULL, 'PAN_EU', NULL),
	('11988530289816800127', 'SE', NULL, 'std_lgpkg', '35.43', NULL, 0.9600, NULL, NULL, 'PAN_EU', NULL),
	('11988530289816800128', 'SE', NULL, 'std_overlgpkg', '38.83', NULL, 0.9600, NULL, NULL, 'PAN_EU', NULL),
	('11988530289816800129', 'SE', NULL, 'std_smpl', '40.14', NULL, 0.1500, NULL, NULL, 'PAN_EU', NULL),
	('11988530289816800130', 'SE', NULL, 'std_smpl', '42.05', NULL, 0.4000, NULL, NULL, 'PAN_EU', NULL),
	('11988530289816800131', 'SE', NULL, 'std_smpl', '42.63', NULL, 0.9000, NULL, NULL, 'PAN_EU', NULL),
	('11988530289816800132', 'SE', NULL, 'std_smpl', '43.90', NULL, 1.4000, NULL, NULL, 'PAN_EU', NULL),
	('11988530289816800133', 'SE', NULL, 'std_smpl', '45.38', NULL, 1.9000, NULL, NULL, 'PAN_EU', NULL),
	('11988530289816800134', 'SE', NULL, 'std_smpl', '54.03', NULL, 3.9000, NULL, NULL, 'PAN_EU', NULL),
	('11988530289816800135', 'SE', NULL, 'std_stdpkg', '43.28', NULL, 0.1500, NULL, NULL, 'PAN_EU', NULL),
	('11988530289816800136', 'SE', NULL, 'std_stdpkg', '45.91', NULL, 0.4000, NULL, NULL, 'PAN_EU', NULL),
	('11988530289816800137', 'SE', NULL, 'std_stdpkg', '46.02', NULL, 0.9000, NULL, NULL, 'PAN_EU', NULL),
	('11988530289816800138', 'SE', NULL, 'std_stdpkg', '48.10', NULL, 1.4000, NULL, NULL, 'PAN_EU', NULL),
	('11988530289816800139', 'SE', NULL, 'std_stdpkg', '50.77', NULL, 1.9000, NULL, NULL, 'PAN_EU', NULL),
	('11988530289816800140', 'SE', NULL, 'std_stdpkg', '54.17', NULL, 2.9000, NULL, NULL, 'PAN_EU', NULL),
	('11988530289816800141', 'SE', NULL, 'std_stdpkg', '54.33', NULL, 3.9000, NULL, NULL, 'PAN_EU', NULL),
	('11988530289816800142', 'SE', NULL, 'std_stdpkg', '58.31', NULL, 5.9000, NULL, NULL, 'PAN_EU', NULL),
	('11988530289816800143', 'SE', NULL, 'std_stdpkg', '59.90', NULL, 8.9000, NULL, NULL, 'PAN_EU', NULL),
	('11988530289816800144', 'SE', NULL, 'std_stdpkg', '78.41', NULL, 11.9000, NULL, NULL, 'PAN_EU', NULL),
	('11988530289816800145', 'SE', NULL, 'oversize_smoverpkg', '75.66', NULL, 0.7600, NULL, NULL, 'PAN_EU', NULL),
	('11988530289816800146', 'SE', NULL, 'oversize_smoverpkg', '77.58', NULL, 1.2600, NULL, NULL, 'PAN_EU', NULL),
	('11988530289816800147', 'SE', NULL, 'oversize_smoverpkg', '(weight<=1.76? "78.36" : "78.36+({0}-1.76)*0.01")', NULL, NULL, NULL, NULL, 'PAN_EU', NULL),
	('11988530289816800148', 'SE', NULL, 'oversize_stdoverpkg', '76.37', NULL, 0.7600, NULL, NULL, 'PAN_EU', NULL),
	('11988530289816800149', 'SE', NULL, 'oversize_stdoverpkg', '79.71', NULL, 1.7600, NULL, NULL, 'PAN_EU', NULL),
	('11988530289816800150', 'SE', NULL, 'oversize_stdoverpkg', '93.07', NULL, 2.7600, NULL, NULL, 'PAN_EU', NULL),
	('11988530289816800151', 'SE', NULL, 'oversize_stdoverpkg', '93.83', NULL, 3.7600, NULL, NULL, 'PAN_EU', NULL),
	('11988530289816800152', 'SE', NULL, 'oversize_stdoverpkg', '93.83', NULL, 4.7600, NULL, NULL, 'PAN_EU', NULL),
	('11988530289816800153', 'SE', NULL, 'oversize_stdoverpkg', '98.08', NULL, 9.7600, NULL, NULL, 'PAN_EU', NULL),
	('11988530289816800154', 'SE', NULL, 'oversize_stdoverpkg', '107.80', NULL, 14.7600, NULL, NULL, 'PAN_EU', NULL),
	('11988530289816800155', 'SE', NULL, 'oversize_stdoverpkg', '114.63', NULL, 19.7600, NULL, NULL, 'PAN_EU', NULL),
	('11988530289816800156', 'SE', NULL, 'oversize_stdoverpkg', '128.54', NULL, 24.7600, NULL, NULL, 'PAN_EU', NULL),
	('11988530289816800157', 'SE', NULL, 'oversize_stdoverpkg', '(weight<=29.76? "128.60" : "128.60+({0}-29.76)*0.01")', NULL, NULL, NULL, NULL, 'PAN_EU', NULL),
	('11988530289816800158', 'SE', NULL, 'oversize_lgoverpkg', '108.47', NULL, 4.7600, NULL, NULL, 'PAN_EU', NULL),
	('11988530289816800159', 'SE', NULL, 'oversize_lgoverpkg', '125.13', NULL, 9.7600, NULL, NULL, 'PAN_EU', NULL),
	('11988530289816800160', 'SE', NULL, 'oversize_lgoverpkg', '133.85', NULL, 14.7600, NULL, NULL, 'PAN_EU', NULL),
	('11988530289816800161', 'SE', NULL, 'oversize_lgoverpkg', '141.45', NULL, 19.7600, NULL, NULL, 'PAN_EU', NULL),
	('11988530289816800162', 'SE', NULL, 'oversize_lgoverpkg', '156.65', NULL, 24.7600, NULL, NULL, 'PAN_EU', NULL),
	('11988530289816800163', 'SE', NULL, 'oversize_lgoverpkg', '(weight<=31.50? "156.97" : "156.97+({0}-30.50)*0.01")', NULL, NULL, NULL, NULL, 'PAN_EU', NULL),
	('11988530289816800554', 'NL', NULL, 'std_smpkg', '1.77', NULL, 0.0800, NULL, NULL, 'PAN_EU', NULL),
	('11988530289816800555', 'NL', NULL, 'std_stdpkg_box', '1.92', NULL, 0.0600, NULL, NULL, 'PAN_EU', NULL),
	('11988530289816800556', 'NL', NULL, 'std_stdpkg_box', '2.11', NULL, 0.2100, NULL, NULL, 'PAN_EU', NULL),
	('11988530289816800557', 'NL', NULL, 'std_stdpkg_box', '2.24', NULL, 0.4600, NULL, NULL, 'PAN_EU', NULL),
	('11988530289816800558', 'NL', NULL, 'std_lgpkg', '2.97', NULL, 0.9600, NULL, NULL, 'PAN_EU', NULL),
	('11988530289816800559', 'NL', NULL, 'std_overlgpkg', '2.80', NULL, 0.9600, NULL, NULL, 'PAN_EU', NULL),
	('11988530289816800560', 'NL', NULL, 'std_smpl', '2.97', NULL, 0.1500, NULL, NULL, 'PAN_EU', NULL),
	('11988530289816800561', 'NL', NULL, 'std_smpl', '2.99', NULL, 0.4000, NULL, NULL, 'PAN_EU', NULL),
	('11988530289816800562', 'NL', NULL, 'std_smpl', '3.48', NULL, 0.9000, NULL, NULL, 'PAN_EU', NULL),
	('11988530289816800563', 'NL', NULL, 'std_smpl', '4.09', NULL, 1.4000, NULL, NULL, 'PAN_EU', NULL),
	('11988530289816800564', 'NL', NULL, 'std_smpl', '4.38', NULL, 1.9000, NULL, NULL, 'PAN_EU', NULL),
	('11988530289816800565', 'NL', NULL, 'std_smpl', '5.68', NULL, 3.9000, NULL, NULL, 'PAN_EU', NULL),
	('11988530289816800566', 'NL', NULL, 'std_stdpkg', '2.98', NULL, 0.1500, NULL, NULL, 'PAN_EU', NULL),
	('11988530289816800567', 'NL', NULL, 'std_stdpkg', '3.27', NULL, 0.4000, NULL, NULL, 'PAN_EU', NULL),
	('11988530289816800568', 'NL', NULL, 'std_stdpkg', '3.76', NULL, 0.9000, NULL, NULL, 'PAN_EU', NULL),
	('11988530289816800569', 'NL', NULL, 'std_stdpkg', '4.48', NULL, 1.4000, NULL, NULL, 'PAN_EU', NULL),
	('11988530289816800570', 'NL', NULL, 'std_stdpkg', '4.91', NULL, 1.9000, NULL, NULL, 'PAN_EU', NULL),
	('11988530289816800571', 'NL', NULL, 'std_stdpkg', '5.69', NULL, 2.9000, NULL, NULL, 'PAN_EU', NULL),
	('11988530289816800572', 'NL', NULL, 'std_stdpkg', '5.72', NULL, 3.9000, NULL, NULL, 'PAN_EU', NULL),
	('11988530289816800573', 'NL', NULL, 'std_stdpkg', '5.94', NULL, 5.9000, NULL, NULL, 'PAN_EU', NULL),
	('11988530289816800574', 'NL', NULL, 'std_stdpkg', '6.26', NULL, 8.9000, NULL, NULL, 'PAN_EU', NULL),
	('11988530289816800575', 'NL', NULL, 'std_stdpkg', '6.67', NULL, 11.9000, NULL, NULL, 'PAN_EU', NULL),
	('11988530289816800576', 'NL', NULL, 'oversize_smoverpkg', '6.68', NULL, 0.7600, NULL, NULL, 'PAN_EU', NULL),
	('11988530289816800577', 'NL', NULL, 'oversize_smoverpkg', '6.85', NULL, 1.2600, NULL, NULL, 'PAN_EU', NULL),
	('11988530289816800578', 'NL', NULL, 'oversize_smoverpkg', '(weight<=1.76? "6.92" : "6.92+({0}-1.76)*0.01")', NULL, NULL, NULL, NULL, 'PAN_EU', NULL),
	('11988530289816800579', 'NL', NULL, 'oversize_stdoverpkg', '6.74', NULL, 0.7600, NULL, NULL, 'PAN_EU', NULL),
	('11988530289816800580', 'NL', NULL, 'oversize_stdoverpkg', '7.01', NULL, 1.7600, NULL, NULL, 'PAN_EU', NULL),
	('11988530289816800581', 'NL', NULL, 'oversize_stdoverpkg', '8.22', NULL, 2.7600, NULL, NULL, 'PAN_EU', NULL),
	('11988530289816800582', 'NL', NULL, 'oversize_stdoverpkg', '8.29', NULL, 3.7600, NULL, NULL, 'PAN_EU', NULL),
	('11988530289816800583', 'NL', NULL, 'oversize_stdoverpkg', '8.33', NULL, 4.7600, NULL, NULL, 'PAN_EU', NULL),
	('11988530289816800584', 'NL', NULL, 'oversize_stdoverpkg', '8.66', NULL, 9.7600, NULL, NULL, 'PAN_EU', NULL),
	('11988530289816800585', 'NL', NULL, 'oversize_stdoverpkg', '9.52', NULL, 14.7600, NULL, NULL, 'PAN_EU', NULL),
	('11988530289816800586', 'NL', NULL, 'oversize_stdoverpkg', '9.64', NULL, 19.7600, NULL, NULL, 'PAN_EU', NULL),
	('11988530289816800587', 'NL', NULL, 'oversize_stdoverpkg', '9.72', NULL, 24.7600, NULL, NULL, 'PAN_EU', NULL),
	('11988530289816800588', 'NL', NULL, 'oversize_stdoverpkg', '(weight<=29.76? "9.73" : "9.73+({0}-29.76)*0.01")', NULL, NULL, NULL, NULL, 'PAN_EU', NULL),
	('11988530289816800589', 'NL', NULL, 'oversize_lgoverpkg', '9.58', NULL, 4.7600, NULL, NULL, 'PAN_EU', NULL),
	('11988530289816800590', 'NL', NULL, 'oversize_lgoverpkg', '11.05', NULL, 9.7600, NULL, NULL, 'PAN_EU', NULL),
	('11988530289816800591', 'NL', NULL, 'oversize_lgoverpkg', '11.82', NULL, 14.7600, NULL, NULL, 'PAN_EU', NULL),
	('11988530289816800592', 'NL', NULL, 'oversize_lgoverpkg', '12.49', NULL, 19.7600, NULL, NULL, 'PAN_EU', NULL),
	('11988530289816800593', 'NL', NULL, 'oversize_lgoverpkg', '13.83', NULL, 24.7600, NULL, NULL, 'PAN_EU', NULL),
	('11988530289816800594', 'NL', NULL, 'oversize_lgoverpkg', '(weight<=31.50? "12.05" : "12.05+({0}-30.50)*0.01")', NULL, NULL, NULL, NULL, 'PAN_EU', NULL),
	('11988530289818105931', 'UK-(DE,IT,ES)', NULL, 'std_smpkg', '4.05', NULL, 0.0800, NULL, NULL, 'EFN', NULL),
	('11988530289818105932', 'UK-(DE,IT,ES)', NULL, 'std_stdpkg_box', '4.18', NULL, 0.0600, NULL, NULL, 'EFN', NULL),
	('11988530289818105933', 'UK-(DE,IT,ES)', NULL, 'std_stdpkg_box', '4.46', NULL, 0.2100, NULL, NULL, 'EFN', NULL),
	('11988530289818105934', 'UK-(DE,IT,ES)', NULL, 'std_stdpkg_box', '4.49', NULL, 0.4600, NULL, NULL, 'EFN', NULL),
	('11988530289818105935', 'UK-(DE,IT,ES)', NULL, 'std_lgpkg', '4.94', NULL, 0.9600, NULL, NULL, 'EFN', NULL),
	('11988530289818105936', 'UK-(DE,IT,ES)', NULL, 'std_stdpkg', '5.47', NULL, 0.1500, NULL, NULL, 'EFN', NULL),
	('11988530289818105937', 'UK-(DE,IT,ES)', NULL, 'std_stdpkg', '6.38', NULL, 0.4000, NULL, NULL, 'EFN', NULL),
	('11988530289818105938', 'UK-(DE,IT,ES)', NULL, 'std_stdpkg', '7.58', NULL, 0.9000, NULL, NULL, 'EFN', NULL),
	('11988530289818105939', 'UK-(DE,IT,ES)', NULL, 'std_stdpkg', '8.60', NULL, 1.4000, NULL, NULL, 'EFN', NULL),
	('11988530289818105940', 'UK-(DE,IT,ES)', NULL, 'std_stdpkg', '9.88', NULL, 1.9000, NULL, NULL, 'EFN', NULL),
	('11988530289818105941', 'UK-(DE,IT,ES)', NULL, 'std_stdpkg', '11.07', NULL, 2.9000, NULL, NULL, 'EFN', NULL),
	('11988530289818105942', 'UK-(DE,IT,ES)', NULL, 'std_stdpkg', '13.04', NULL, 3.9000, NULL, NULL, 'EFN', NULL),
	('11988530289818105943', 'UK-(DE,IT,ES)', NULL, 'std_stdpkg', '13.75', NULL, 5.9000, NULL, NULL, 'EFN', NULL),
	('11988530289818105944', 'UK-(DE,IT,ES)', NULL, 'std_stdpkg', '14.90', NULL, 8.9000, NULL, NULL, 'EFN', NULL),
	('11988530289818105945', 'UK-(DE,IT,ES)', NULL, 'std_stdpkg', '17.52', NULL, 11.9000, NULL, NULL, 'EFN', NULL),
	('11988530289818105946', 'UK-(DE,IT,ES)', NULL, 'oversize_smoverpkg', '11.48', NULL, 0.7600, NULL, NULL, 'EFN', NULL),
	('11988530289818105947', 'UK-(DE,IT,ES)', NULL, 'oversize_smoverpkg', '11.87', NULL, 1.2600, NULL, NULL, 'EFN', NULL),
	('11988530289818105948', 'UK-(DE,IT,ES)', NULL, 'oversize_smoverpkg', '11.95', NULL, 1.7600, NULL, NULL, 'EFN', NULL),
	('11988530289818105949', 'UK-(DE,IT,ES)', NULL, 'oversize_smoverpkg', '(weight<=1.76? "11.95" : "11.95+({0}-1.76)*0.01")', NULL, NULL, NULL, NULL, 'EFN', NULL),
	('11988530289818105950', 'UK-(DE,IT,ES)', NULL, 'oversize_stdoverpkg', '14.37', NULL, 0.7600, NULL, NULL, 'EFN', NULL),
	('11988530289818105951', 'UK-(DE,IT,ES)', NULL, 'oversize_stdoverpkg', '14.79', NULL, 1.7600, NULL, NULL, 'EFN', NULL),
	('11988530289818105952', 'UK-(DE,IT,ES)', NULL, 'oversize_stdoverpkg', '15.79', NULL, 2.7600, NULL, NULL, 'EFN', NULL),
	('11988530289818105953', 'UK-(DE,IT,ES)', NULL, 'oversize_stdoverpkg', '15.87', NULL, 3.7600, NULL, NULL, 'EFN', NULL),
	('11988530289818105954', 'UK-(DE,IT,ES)', NULL, 'oversize_stdoverpkg', '15.99', NULL, 4.7600, NULL, NULL, 'EFN', NULL),
	('11988530289818105955', 'UK-(DE,IT,ES)', NULL, 'oversize_stdoverpkg', '18.26', NULL, 9.7600, NULL, NULL, 'EFN', NULL),
	('11988530289818105956', 'UK-(DE,IT,ES)', NULL, 'oversize_stdoverpkg', '19.18', NULL, 14.7600, NULL, NULL, 'EFN', NULL),
	('11988530289818105957', 'UK-(DE,IT,ES)', NULL, 'oversize_stdoverpkg', '20.88', NULL, 19.7600, NULL, NULL, 'EFN', NULL),
	('11988530289818105958', 'UK-(DE,IT,ES)', NULL, 'oversize_stdoverpkg', '22.39', NULL, 24.7600, NULL, NULL, 'EFN', NULL),
	('11988530289818105959', 'UK-(DE,IT,ES)', NULL, 'oversize_stdoverpkg', '22.72', NULL, 29.7600, NULL, NULL, 'EFN', NULL),
	('11988530289818105960', 'UK-(DE,IT,ES)', NULL, 'oversize_stdoverpkg', '(weight<=29.76? "22.72" : "22.72+({0}-29.76)*0.01")', NULL, NULL, NULL, NULL, 'EFN', NULL),
	('11988530289818105961', 'UK-(DE,IT,ES)', NULL, 'oversize_lgoverpkg', '21.40', NULL, 4.7600, NULL, NULL, 'EFN', NULL),
	('11988530289818105962', 'UK-(DE,IT,ES)', NULL, 'oversize_lgoverpkg', '25.62', NULL, 9.7600, NULL, NULL, 'EFN', NULL),
	('11988530289818105963', 'UK-(DE,IT,ES)', NULL, 'oversize_lgoverpkg', '27.23', NULL, 14.7600, NULL, NULL, 'EFN', NULL),
	('11988530289818105964', 'UK-(DE,IT,ES)', NULL, 'oversize_lgoverpkg', '30.03', NULL, 19.7600, NULL, NULL, 'EFN', NULL),
	('11988530289818105965', 'UK-(DE,IT,ES)', NULL, 'oversize_lgoverpkg', '32.59', NULL, 24.7600, NULL, NULL, 'EFN', NULL),
	('11988530289818105966', 'UK-(DE,IT,ES)', NULL, 'oversize_lgoverpkg', '32.59', NULL, 31.5000, NULL, NULL, 'EFN', NULL),
	('11988530289818105967', 'UK-(DE,IT,ES)', NULL, 'oversize_lgoverpkg', '(weight<=31.5? "32.59" : "32.59+({0}-31.5)*0.01")', NULL, NULL, NULL, NULL, 'EFN', NULL),
	('11988530289818105968', 'UK-(DE,IT,ES)', NULL, 'std_overlgpkg', '5.45', NULL, 0.9600, NULL, NULL, 'EFN', NULL),
	('11988530289818105969', 'UK-(DE,IT,ES)', NULL, 'std_smpl', '5.45', NULL, 0.1500, NULL, NULL, 'EFN', NULL),
	('11988530289818105970', 'UK-(DE,IT,ES)', NULL, 'std_smpl', '5.82', NULL, 0.4000, NULL, NULL, 'EFN', NULL),
	('11988530289818105971', 'UK-(DE,IT,ES)', NULL, 'std_smpl', '6.97', NULL, 0.9000, NULL, NULL, 'EFN', NULL),
	('11988530289818105972', 'UK-(DE,IT,ES)', NULL, 'std_smpl', '7.66', NULL, 1.4000, NULL, NULL, 'EFN', NULL),
	('11988530289818105973', 'UK-(DE,IT,ES)', NULL, 'std_smpl', '8.73', NULL, 1.9000, NULL, NULL, 'EFN', NULL),
	('11988530289818105974', 'UK-(DE,IT,ES)', NULL, 'std_smpl', '11.07', NULL, 3.9000, NULL, NULL, 'EFN', NULL),
	('11988530289818114259', 'UK-(FR)', NULL, 'std_smpkg', '4.17', NULL, 0.0800, NULL, NULL, 'EFN', NULL),
	('11988530289818114262', 'UK-(FR)', NULL, 'std_stdpkg_box', '4.30', NULL, 0.0600, NULL, NULL, 'EFN', NULL),
	('11988530289818114264', 'UK-(FR)', NULL, 'std_stdpkg_box', '4.60', NULL, 0.2100, NULL, NULL, 'EFN', NULL),
	('11988530289818114265', 'UK-(FR)', NULL, 'std_stdpkg_box', '4.62', NULL, 0.4600, NULL, NULL, 'EFN', NULL),
	('11988530289818114266', 'UK-(FR)', NULL, 'std_lgpkg', '5.09', NULL, 0.9600, NULL, NULL, 'EFN', NULL),
	('11988530289818114267', 'UK-(FR)', NULL, 'std_stdpkg', '5.64', NULL, 0.1500, NULL, NULL, 'EFN', NULL),
	('11988530289818114268', 'UK-(FR)', NULL, 'std_stdpkg', '6.57', NULL, 0.4000, NULL, NULL, 'EFN', NULL),
	('11988530289818114270', 'UK-(FR)', NULL, 'std_stdpkg', '7.81', NULL, 0.9000, NULL, NULL, 'EFN', NULL),
	('11988530289818114271', 'UK-(FR)', NULL, 'std_stdpkg', '8.86', NULL, 1.4000, NULL, NULL, 'EFN', NULL),
	('11988530289818114272', 'UK-(FR)', NULL, 'std_stdpkg', '10.17', NULL, 1.9000, NULL, NULL, 'EFN', NULL),
	('11988530289818114273', 'UK-(FR)', NULL, 'std_stdpkg', '11.40', NULL, 2.9000, NULL, NULL, 'EFN', NULL),
	('11988530289818114274', 'UK-(FR)', NULL, 'std_stdpkg', '13.43', NULL, 3.9000, NULL, NULL, 'EFN', NULL),
	('11988530289818114275', 'UK-(FR)', NULL, 'std_stdpkg', '14.17', NULL, 5.9000, NULL, NULL, 'EFN', NULL),
	('11988530289818114276', 'UK-(FR)', NULL, 'std_stdpkg', '15.35', NULL, 8.9000, NULL, NULL, 'EFN', NULL),
	('11988530289818114277', 'UK-(FR)', NULL, 'std_stdpkg', '18.05', NULL, 11.9000, NULL, NULL, 'EFN', NULL),
	('11988530289818114278', 'UK-(FR)', NULL, 'oversize_smoverpkg', '11.82', NULL, 0.7600, NULL, NULL, 'EFN', NULL),
	('11988530289818114279', 'UK-(FR)', NULL, 'oversize_smoverpkg', '12.22', NULL, 1.2600, NULL, NULL, 'EFN', NULL),
	('11988530289818114283', 'UK-(FR)', NULL, 'oversize_smoverpkg', '12.31', NULL, 1.7600, NULL, NULL, 'EFN', NULL),
	('11988530289818114286', 'UK-(FR)', NULL, 'oversize_smoverpkg', '(weight<=1.76? "12.31" : "12.31+({0}-1.76)*0.01")', NULL, NULL, NULL, NULL, 'EFN', NULL),
	('11988530289818114287', 'UK-(FR)', NULL, 'oversize_stdoverpkg', '14.80', NULL, 0.7600, NULL, NULL, 'EFN', NULL),
	('11988530289818114289', 'UK-(FR)', NULL, 'oversize_stdoverpkg', '15.24', NULL, 1.7600, NULL, NULL, 'EFN', NULL),
	('11988530289818114290', 'UK-(FR)', NULL, 'oversize_stdoverpkg', '16.26', NULL, 2.7600, NULL, NULL, 'EFN', NULL),
	('11988530289818114291', 'UK-(FR)', NULL, 'oversize_stdoverpkg', '16.35', NULL, 3.7600, NULL, NULL, 'EFN', NULL),
	('11988530289818114292', 'UK-(FR)', NULL, 'oversize_stdoverpkg', '16.47', NULL, 4.7600, NULL, NULL, 'EFN', NULL),
	('11988530289818114293', 'UK-(FR)', NULL, 'oversize_stdoverpkg', '18.81', NULL, 9.7600, NULL, NULL, 'EFN', NULL),
	('11988530289818114294', 'UK-(FR)', NULL, 'oversize_stdoverpkg', '19.76', NULL, 14.7600, NULL, NULL, 'EFN', NULL),
	('11988530289818114296', 'UK-(FR)', NULL, 'oversize_stdoverpkg', '21.51', NULL, 19.7600, NULL, NULL, 'EFN', NULL),
	('11988530289818114297', 'UK-(FR)', NULL, 'oversize_stdoverpkg', '23.07', NULL, 24.7600, NULL, NULL, 'EFN', NULL),
	('11988530289818114298', 'UK-(FR)', NULL, 'oversize_stdoverpkg', '23.40', NULL, 29.7600, NULL, NULL, 'EFN', NULL),
	('11988530289818114302', 'UK-(FR)', NULL, 'oversize_stdoverpkg', '(weight<=29.76? "23.40" : "23.40+({0}-29.76)*0.01")', NULL, NULL, NULL, NULL, 'EFN', NULL),
	('11988530289818114304', 'UK-(FR)', NULL, 'oversize_lgoverpkg', '22.04', NULL, 4.7600, NULL, NULL, 'EFN', NULL),
	('11988530289818114309', 'UK-(FR)', NULL, 'oversize_lgoverpkg', '26.39', NULL, 9.7600, NULL, NULL, 'EFN', NULL),
	('11988530289818114312', 'UK-(FR)', NULL, 'oversize_lgoverpkg', '28.05', NULL, 14.7600, NULL, NULL, 'EFN', NULL),
	('11988530289818114318', 'UK-(FR)', NULL, 'oversize_lgoverpkg', '30.93', NULL, 19.7600, NULL, NULL, 'EFN', NULL),
	('11988530289818114321', 'UK-(FR)', NULL, 'oversize_lgoverpkg', '33.56', NULL, 24.7600, NULL, NULL, 'EFN', NULL),
	('11988530289818114326', 'UK-(FR)', NULL, 'oversize_lgoverpkg', '33.56', NULL, 31.5000, NULL, NULL, 'EFN', NULL),
	('11988530289818114331', 'UK-(FR)', NULL, 'oversize_lgoverpkg', '(weight<=31.5? "33.56" : "33.56+({0}-31.5)*0.01")', NULL, NULL, NULL, NULL, 'EFN', NULL),
	('11988530289818114333', 'UK-(FR)', NULL, 'std_overlgpkg', '5.62', NULL, 0.9600, NULL, NULL, 'EFN', NULL),
	('11988530289818114336', 'UK-(FR)', NULL, 'std_smpl', '5.62', NULL, 0.1500, NULL, NULL, 'EFN', NULL),
	('11988530289818114343', 'UK-(FR)', NULL, 'std_smpl', '5.99', NULL, 0.4000, NULL, NULL, 'EFN', NULL),
	('11988530289818114345', 'UK-(FR)', NULL, 'std_smpl', '7.18', NULL, 0.9000, NULL, NULL, 'EFN', NULL),
	('11988530289818114348', 'UK-(FR)', NULL, 'std_smpl', '7.89', NULL, 1.4000, NULL, NULL, 'EFN', NULL),
	('11988530289818114350', 'UK-(FR)', NULL, 'std_smpl', '8.99', NULL, 1.9000, NULL, NULL, 'EFN', NULL),
	('11988530289818114351', 'UK-(FR)', NULL, 'std_smpl', '11.40', NULL, 3.9000, NULL, NULL, 'EFN', NULL),
	('11988530289870138508', 'NL', NULL, 'std_smpkg', '4.73', NULL, 0.0800, NULL, NULL, 'EFN', NULL),
	('11988530289870138509', 'NL', NULL, 'std_stdpkg_box', '4.88', NULL, 0.0600, NULL, NULL, 'EFN', NULL),
	('11988530289870138510', 'NL', NULL, 'std_stdpkg_box', '5.21', NULL, 0.2100, NULL, NULL, 'EFN', NULL),
	('11988530289870138511', 'NL', NULL, 'std_stdpkg_box', '5.25', NULL, 0.4600, NULL, NULL, 'EFN', NULL),
	('11988530289870138512', 'NL', NULL, 'std_lgpkg', '5.60', NULL, 0.9600, NULL, NULL, 'EFN', NULL),
	('11988530289870138513', 'NL', NULL, 'std_stdpkg', '6.31', NULL, 0.1500, NULL, NULL, 'EFN', NULL),
	('11988530289870138514', 'NL', NULL, 'std_stdpkg', '7.41', NULL, 0.4000, NULL, NULL, 'EFN', NULL),
	('11988530289870138515', 'NL', NULL, 'std_stdpkg', '8.81', NULL, 0.9000, NULL, NULL, 'EFN', NULL),
	('11988530289870138516', 'NL', NULL, 'std_stdpkg', '10', NULL, 1.4000, NULL, NULL, 'EFN', NULL),
	('11988530289870138517', 'NL', NULL, 'std_stdpkg', '11.48', NULL, 1.9000, NULL, NULL, 'EFN', NULL),
	('11988530289870138518', 'NL', NULL, 'std_stdpkg', '12.87', NULL, 2.9000, NULL, NULL, 'EFN', NULL),
	('11988530289870138519', 'NL', NULL, 'std_stdpkg', '15.15', NULL, 3.9000, NULL, NULL, 'EFN', NULL),
	('11988530289870138520', 'NL', NULL, 'std_stdpkg', '15.98', NULL, 5.9000, NULL, NULL, 'EFN', NULL),
	('11988530289870138521', 'NL', NULL, 'std_stdpkg', '17.32', NULL, 8.9000, NULL, NULL, 'EFN', NULL),
	('11988530289870138522', 'NL', NULL, 'std_stdpkg', '20.36', NULL, 11.9000, NULL, NULL, 'EFN', NULL),
	('11988530289870138523', 'NL', NULL, 'oversize_smoverpkg', '13.47', NULL, 0.7600, NULL, NULL, 'EFN', NULL),
	('11988530289870138524', 'NL', NULL, 'oversize_smoverpkg', '13.92', NULL, 1.2600, NULL, NULL, 'EFN', NULL),
	('11988530289870138525', 'NL', NULL, 'oversize_smoverpkg', '14.03', NULL, 1.7600, NULL, NULL, 'EFN', NULL),
	('11988530289870138526', 'NL', NULL, 'oversize_smoverpkg', '(weight<=1.76? "14.03" : "14.03+({0}-1.76)*0.01")', NULL, NULL, NULL, NULL, 'EFN', NULL),
	('11988530289870138527', 'NL', NULL, 'oversize_stdoverpkg', '16.87', NULL, 0.7600, NULL, NULL, 'EFN', NULL),
	('11988530289870138528', 'NL', NULL, 'oversize_stdoverpkg', '17.36', NULL, 1.7600, NULL, NULL, 'EFN', NULL),
	('11988530289870138529', 'NL', NULL, 'oversize_stdoverpkg', '18.52', NULL, 2.7600, NULL, NULL, 'EFN', NULL),
	('11988530289870138530', 'NL', NULL, 'oversize_stdoverpkg', '18.62', NULL, 3.7600, NULL, NULL, 'EFN', NULL),
	('11988530289870138531', 'NL', NULL, 'oversize_stdoverpkg', '18.77', NULL, 4.7600, NULL, NULL, 'EFN', NULL),
	('11988530289870138532', 'NL', NULL, 'oversize_stdoverpkg', '21.42', NULL, 9.7600, NULL, NULL, 'EFN', NULL),
	('11988530289870138533', 'NL', NULL, 'oversize_stdoverpkg', '22.52', NULL, 14.7600, NULL, NULL, 'EFN', NULL),
	('11988530289870138534', 'NL', NULL, 'oversize_stdoverpkg', '24.50', NULL, 19.7600, NULL, NULL, 'EFN', NULL),
	('11988530289870138535', 'NL', NULL, 'oversize_stdoverpkg', '26.27', NULL, 24.7600, NULL, NULL, 'EFN', NULL),
	('11988530289870138536', 'NL', NULL, 'oversize_stdoverpkg', '26.66', NULL, 29.7600, NULL, NULL, 'EFN', NULL),
	('11988530289870138537', 'NL', NULL, 'oversize_stdoverpkg', '(weight<=29.76? "26.66" : "26.66+({0}-29.76)*0.01")', NULL, NULL, NULL, NULL, 'EFN', NULL),
	('11988530289870138538', 'NL', NULL, 'oversize_lgoverpkg', '25.10', NULL, 4.7600, NULL, NULL, 'EFN', NULL),
	('11988530289870138539', 'NL', NULL, 'oversize_lgoverpkg', '30.06', NULL, 9.7600, NULL, NULL, 'EFN', NULL),
	('11988530289870138540', 'NL', NULL, 'oversize_lgoverpkg', '31.95', NULL, 14.7600, NULL, NULL, 'EFN', NULL),
	('11988530289870138541', 'NL', NULL, 'oversize_lgoverpkg', '35.24', NULL, 19.7600, NULL, NULL, 'EFN', NULL),
	('11988530289870138542', 'NL', NULL, 'oversize_lgoverpkg', '38.24', NULL, 24.7600, NULL, NULL, 'EFN', NULL),
	('11988530289870138543', 'NL', NULL, 'oversize_lgoverpkg', '38.24', NULL, 31.5000, NULL, NULL, 'EFN', NULL),
	('11988530289870138544', 'NL', NULL, 'oversize_lgoverpkg', '(weight<=31.5? "38.24 : "38.24+({0}-31.5)*0.01")', NULL, NULL, NULL, NULL, 'EFN', NULL),
	('11988530289870138545', 'NL', NULL, 'std_overlgpkg', '6.18', NULL, 0.9600, NULL, NULL, 'EFN', NULL),
	('11988530289870138546', 'NL', NULL, 'std_smpl', '6.18', NULL, 0.1500, NULL, NULL, 'EFN', NULL),
	('11988530289870138547', 'NL', NULL, 'std_smpl', '6.76', NULL, 0.4000, NULL, NULL, 'EFN', NULL),
	('11988530289870138548', 'NL', NULL, 'std_smpl', '8.10', NULL, 0.9000, NULL, NULL, 'EFN', NULL),
	('11988530289870138549', 'NL', NULL, 'std_smpl', '8.90', NULL, 1.4000, NULL, NULL, 'EFN', NULL),
	('11988530289870138550', 'NL', NULL, 'std_smpl', '10.14', NULL, 1.9000, NULL, NULL, 'EFN', NULL),
	('11988530289870138551', 'NL', NULL, 'std_smpl', '12.87', NULL, 3.9000, NULL, NULL, 'EFN', NULL),
	('11989481307228368043', 'UK', NULL, 'oversize_spoverpkg', '(weight<=31.5? "27.59" : "27.59+({0}-31.5)*0.01")', NULL, NULL, NULL, NULL, 'EFN', NULL),
	('11989481307228381176', 'UK', NULL, 'oversize_spoverpkg', '18.48', NULL, 30.0000, NULL, NULL, 'PAN_EU', NULL),
	('11989481307228381305', 'UK', NULL, 'oversize_spoverpkg', '42.98', NULL, 50.0000, NULL, NULL, 'PAN_EU', NULL),
	('11989481307231570904', 'FR', NULL, 'oversize_spoverpkg', '30.88', NULL, 30.0000, NULL, NULL, 'PAN_EU', NULL),
	('11989481307231571824', 'FR', NULL, 'oversize_spoverpkg', '54.04', NULL, 50.0000, NULL, NULL, 'PAN_EU', NULL),
	('11989481307231595199', 'IT', NULL, 'oversize_spoverpkg', '20.16', NULL, 30.0000, NULL, NULL, 'PAN_EU', NULL),
	('11989481307231595534', 'IT', NULL, 'oversize_spoverpkg', '27.93', NULL, 50.0000, NULL, NULL, 'PAN_EU', NULL),
	('11989481307231608334', 'ES', NULL, 'oversize_spoverpkg', '24.33', NULL, 30.0000, NULL, NULL, 'PAN_EU', NULL),
	('11989481307231608462', 'ES', NULL, 'oversize_spoverpkg', '39.32', NULL, 50.0000, NULL, NULL, 'PAN_EU', NULL),
	('11989481307231709818', 'BE', NULL, 'std_smpkg', '1.73', NULL, 80.0000, NULL, NULL, 'PAN_EU', NULL),
	('11989481307231709884', 'BE', NULL, 'std_stdpkg_box', '1.88', NULL, 0.0600, NULL, NULL, 'PAN_EU', NULL),
	('11989481307231709899', 'BE', NULL, 'std_stdpkg_box', '2.06', NULL, 0.2100, NULL, NULL, 'PAN_EU', NULL),
	('11989481307231709913', 'BE', NULL, 'std_stdpkg_box', '2.19', NULL, 0.4600, NULL, NULL, 'PAN_EU', NULL),
	('11989481307231710015', 'BE', NULL, 'std_lgpkg', '2.65', NULL, 0.9600, NULL, NULL, 'PAN_EU', NULL),
	('11989481307231711139', 'BE', NULL, 'std_overlgpkg', '2.9', NULL, 0.9600, NULL, NULL, 'PAN_EU', NULL),
	('11989481307231711149', 'BE', NULL, 'std_smpl', '2.71', NULL, 0.1500, NULL, NULL, 'PAN_EU', NULL),
	('11989481307231711181', 'BE', NULL, 'std_smpl', '3', NULL, 0.4000, NULL, NULL, 'PAN_EU', NULL),
	('11989481307231711265', 'BE', NULL, 'std_smpl', '3.49', NULL, 0.9000, NULL, NULL, 'PAN_EU', NULL),
	('11989481307231711277', 'BE', NULL, 'std_smpl', '4.1', NULL, 1.4000, NULL, NULL, 'PAN_EU', NULL),
	('11989481307231711286', 'BE', NULL, 'std_smpl', '4.39', NULL, 1.9000, NULL, NULL, 'PAN_EU', NULL),
	('11989481307231711533', 'BE', NULL, 'std_smpl', '5.69', NULL, 3.9000, NULL, NULL, 'PAN_EU', NULL),
	('11989481307231711560', 'BE', NULL, 'std_stdpkg', '2.92', NULL, 0.1500, NULL, NULL, 'PAN_EU', NULL),
	('11989481307231711571', 'BE', NULL, 'std_stdpkg', '3.28', NULL, 0.4000, NULL, NULL, 'PAN_EU', NULL),
	('11989481307231711623', 'BE', NULL, 'std_stdpkg', '3.76', NULL, 0.9000, NULL, NULL, 'PAN_EU', NULL),
	('11989481307231711628', 'BE', NULL, 'std_stdpkg', '4.49', NULL, 1.4000, NULL, NULL, 'PAN_EU', NULL),
	('11989481307231711636', 'BE', NULL, 'std_stdpkg', '4.92', NULL, 1.9000, NULL, NULL, 'PAN_EU', NULL),
	('11989481307231711721', 'BE', NULL, 'std_stdpkg', '5.7', NULL, 2.9000, NULL, NULL, 'PAN_EU', NULL),
	('11989481307231711735', 'BE', NULL, 'std_stdpkg', '5.73', NULL, 3.9000, NULL, NULL, 'PAN_EU', NULL),
	('11989481307231711819', 'BE', NULL, 'std_stdpkg', '5.95', NULL, 5.9000, NULL, NULL, 'PAN_EU', NULL),
	('11989481307231711898', 'BE', NULL, 'std_stdpkg', '6.28', NULL, 8.9000, NULL, NULL, 'PAN_EU', NULL),
	('11989481307231711916', 'BE', NULL, 'std_stdpkg', '6.69', NULL, 11.9000, NULL, NULL, 'PAN_EU', NULL),
	('11989481307231712257', 'BE', NULL, 'oversize_smoverpkg', '6.02', NULL, 0.7600, NULL, NULL, 'PAN_EU', NULL),
	('11989481307231712260', 'BE', NULL, 'oversize_smoverpkg', '6.16', NULL, 1.2600, NULL, NULL, 'PAN_EU', NULL),
	('11989481307231712261', 'BE', NULL, 'oversize_smoverpkg', '(weight<=1.76? "6.18" : "6.18+({0}-1.76)*0.01")', NULL, NULL, NULL, NULL, 'PAN_EU', NULL),
	('11989481307231712670', 'BE', NULL, 'oversize_stdoverpkg', '6.08', NULL, 0.7600, NULL, NULL, 'PAN_EU', NULL),
	('11989481307231712745', 'BE', NULL, 'oversize_stdoverpkg', '6.35', NULL, 1.7600, NULL, NULL, 'PAN_EU', NULL),
	('11989481307231712847', 'BE', NULL, 'oversize_stdoverpkg', '7.30', NULL, 2.7600, NULL, NULL, 'PAN_EU', NULL),
	('11989481307231712849', 'BE', NULL, 'oversize_stdoverpkg', '7.36', NULL, 3.7600, NULL, NULL, 'PAN_EU', NULL),
	('11989481307231712926', 'BE', NULL, 'oversize_stdoverpkg', '7.38', NULL, 4.7600, NULL, NULL, 'PAN_EU', NULL),
	('11989481307231712934', 'BE', NULL, 'oversize_stdoverpkg', '7.76', NULL, 9.7600, NULL, NULL, 'PAN_EU', NULL),
	('11989481307231712996', 'BE', NULL, 'oversize_stdoverpkg', '8.45', NULL, 14.7600, NULL, NULL, 'PAN_EU', NULL),
	('11989481307231713036', 'BE', NULL, 'oversize_stdoverpkg', '8.69', NULL, 19.7600, NULL, NULL, 'PAN_EU', NULL),
	('11989481307231713381', 'BE', NULL, 'oversize_stdoverpkg', '8.76', NULL, 24.7600, NULL, NULL, 'PAN_EU', NULL),
	('11989481307231713393', 'BE', NULL, 'oversize_stdoverpkg', '(weight<=29.76? "8.78" : "8.78+({0}-29.76)*0.01")', NULL, NULL, NULL, NULL, 'PAN_EU', NULL),
	('11989481307231713583', 'BE', NULL, 'oversize_lgoverpkg', '8.64', NULL, 4.7600, NULL, NULL, 'PAN_EU', NULL),
	('11989481307231713658', 'BE', NULL, 'oversize_lgoverpkg', '9.96', NULL, 9.7600, NULL, NULL, 'PAN_EU', NULL),
	('11989481307231713664', 'BE', NULL, 'oversize_lgoverpkg', '10.58', NULL, 14.7600, NULL, NULL, 'PAN_EU', NULL),
	('11989481307231713672', 'BE', NULL, 'oversize_lgoverpkg', '11.18', NULL, 19.7600, NULL, NULL, 'PAN_EU', NULL),
	('11989481307231713677', 'BE', NULL, 'oversize_lgoverpkg', '12.37', NULL, 24.7600, NULL, NULL, 'PAN_EU', NULL),
	('11989481307231713757', 'BE', NULL, 'oversize_lgoverpkg', '(weight<=31.50? "12.40" : "12.40+({0}-31.50)*0.01")', NULL, NULL, NULL, NULL, 'PAN_EU', NULL),
	('11989481307231716639', 'BE', NULL, 'std_smpkg', '4.73', NULL, 0.0800, NULL, NULL, 'EFN', NULL),
	('11989481307231716649', 'BE', NULL, 'std_stdpkg_box', '4.88', NULL, 0.0600, NULL, NULL, 'EFN', NULL),
	('11989481307231716668', 'BE', NULL, 'std_stdpkg_box', '5.21', NULL, 0.2100, NULL, NULL, 'EFN', NULL),
	('11989481307231716764', 'BE', NULL, 'std_stdpkg_box', '5.25', NULL, 0.4600, NULL, NULL, 'EFN', NULL),
	('11989481307231716843', 'BE', NULL, 'std_lgpkg', '5.60', NULL, 0.9600, NULL, NULL, 'EFN', NULL),
	('11989481307231716853', 'BE', NULL, 'std_overlgpkg', '6.18', NULL, 0.9600, NULL, NULL, 'EFN', NULL),
	('11989481307231717127', 'BE', NULL, 'std_smpl', '6.18', NULL, 0.1500, NULL, NULL, 'EFN', NULL),
	('11989481307231717132', 'BE', NULL, 'std_smpl', '6.76', NULL, 0.4000, NULL, NULL, 'EFN', NULL),
	('11989481307231717373', 'BE', NULL, 'std_smpl', '8.1', NULL, 0.9000, NULL, NULL, 'EFN', NULL),
	('11989481307231717374', 'BE', NULL, 'std_smpl', '8.9', NULL, 1.4000, NULL, NULL, 'EFN', NULL),
	('11989481307231717456', 'BE', NULL, 'std_smpl', '10.14', NULL, 1.9000, NULL, NULL, 'EFN', NULL),
	('11989481307231718197', 'BE', NULL, 'std_smpl', '12.87', NULL, 3.9000, NULL, NULL, 'EFN', NULL),
	('11989481307231718233', 'BE', NULL, 'std_stdpkg', '6.31', NULL, 0.1500, NULL, NULL, 'EFN', NULL),
	('11989481307231718301', 'BE', NULL, 'std_stdpkg', '7.41', NULL, 0.4000, NULL, NULL, 'EFN', NULL),
	('11989481307231718346', 'BE', NULL, 'std_stdpkg', '8.81', NULL, 0.9000, NULL, NULL, 'EFN', NULL),
	('11989481307231718362', 'BE', NULL, 'std_stdpkg', '10', NULL, 1.4000, NULL, NULL, 'EFN', NULL),
	('11989481307231718369', 'BE', NULL, 'std_stdpkg', '11.48', NULL, 1.9000, NULL, NULL, 'EFN', NULL),
	('11989481307231718624', 'BE', NULL, 'std_stdpkg', '12.87', NULL, 2.9000, NULL, NULL, 'EFN', NULL),
	('11989481307231718632', 'BE', NULL, 'std_stdpkg', '15.15', NULL, 3.9000, NULL, NULL, 'EFN', NULL),
	('11989481307231718652', 'BE', NULL, 'std_stdpkg', '15.98', NULL, 5.9000, NULL, NULL, 'EFN', NULL),
	('11989481307231718671', 'BE', NULL, 'std_stdpkg', '17.32', NULL, 8.9000, NULL, NULL, 'EFN', NULL),
	('11989481307231718737', 'BE', NULL, 'std_stdpkg', '20.36', NULL, 11.9000, NULL, NULL, 'EFN', NULL),
	('11989481307231718741', 'BE', NULL, 'oversize_smoverpkg', '13.47', NULL, 0.7600, NULL, NULL, 'EFN', NULL),
	('11989481307231718985', 'BE', NULL, 'oversize_smoverpkg', '13.92', NULL, 1.2600, NULL, NULL, 'EFN', NULL),
	('11989481307231718987', 'BE', NULL, 'oversize_smoverpkg', '(weight<=1.76? "14.03" : "14.03+({0}-1.76)*0.01")', NULL, NULL, NULL, NULL, 'EFN', NULL),
	('11989481307231719156', 'BE', NULL, 'oversize_stdoverpkg', '16.87', NULL, 0.7600, NULL, NULL, 'EFN', NULL),
	('11989481307231719162', 'BE', NULL, 'oversize_stdoverpkg', '17.36', NULL, 1.7600, NULL, NULL, 'EFN', NULL),
	('11989481307231719173', 'BE', NULL, 'oversize_stdoverpkg', '18.52', NULL, 2.7600, NULL, NULL, 'EFN', NULL),
	('11989481307231719242', 'BE', NULL, 'oversize_stdoverpkg', '18.62', NULL, 3.7600, NULL, NULL, 'EFN', NULL),
	('11989481307231719243', 'BE', NULL, 'oversize_stdoverpkg', '18.77', NULL, 4.7600, NULL, NULL, 'EFN', NULL),
	('11989481307231719249', 'BE', NULL, 'oversize_stdoverpkg', '21.42', NULL, 9.7600, NULL, NULL, 'EFN', NULL),
	('11989481307231719316', 'BE', NULL, 'oversize_stdoverpkg', '22.52', NULL, 14.7600, NULL, NULL, 'EFN', NULL),
	('11989481307231719318', 'BE', NULL, 'oversize_stdoverpkg', '24.50', NULL, 19.7600, NULL, NULL, 'EFN', NULL),
	('11989481307231719319', 'BE', NULL, 'oversize_stdoverpkg', '26.27', NULL, 24.7600, NULL, NULL, 'EFN', NULL),
	('11989481307231719366', 'BE', NULL, 'oversize_stdoverpkg', '(weight<=29.76? "26.66" : "26.66+({0}-29.76)*0.01")', NULL, NULL, NULL, NULL, 'EFN', NULL),
	('11989481307231719983', 'BE', NULL, 'oversize_lgoverpkg', '25.1', NULL, 4.7600, NULL, NULL, 'EFN', NULL),
	('11989481307231719990', 'BE', NULL, 'oversize_lgoverpkg', '30.06', NULL, 9.7600, NULL, NULL, 'EFN', NULL),
	('11989481307231720032', 'BE', NULL, 'oversize_lgoverpkg', '31.95', NULL, 14.7600, NULL, NULL, 'EFN', NULL),
	('11989481307231720097', 'BE', NULL, 'oversize_lgoverpkg', '35.24', NULL, 19.7600, NULL, NULL, 'EFN', NULL),
	('11989481307231720101', 'BE', NULL, 'oversize_lgoverpkg', '38.24', NULL, 24.7600, NULL, NULL, 'EFN', NULL),
	('11989481307231720256', 'BE', NULL, 'oversize_lgoverpkg', '(weight<=31.50? "38.24" : "12.90+({0}-38.24)*0.01")', NULL, NULL, NULL, NULL, 'EFN', NULL),
	('1200', 'PL', NULL, 'sml_light_env_sml', '20.05', NULL, 80.0000, NULL, NULL, 'EFN', NULL),
	('1201', 'PL', NULL, 'sml_light_env_std', '20.91', NULL, 60.0000, NULL, NULL, 'EFN', NULL),
	('1206', 'PL', NULL, 'sml_light_pl_sml', '26.99', NULL, 150.0000, NULL, NULL, 'EFN', NULL),
	('13f3fdfd-63d9-11e8-a076-00e04c023f0e', 'AU', NULL, 'std_parcel_au', '10.39', NULL, 9.0000, NULL, NULL, NULL, NULL),
	('1b7dabec-63da-11e8-a076-00e04c023f0e', 'AU', NULL, 'std_oversize_au', '10.57', NULL, 7.0000, NULL, NULL, NULL, NULL),
	('1b99e841-9eab-11e8-87a4-9cda3ec5dbc1', 'IN', NULL, 'oversize_heavy_in', 'weight<=12? "50+161" :"50+161+({0}-12)*3"', NULL, NULL, NULL, NULL, 'local', NULL),
	('1b9d81ec-9eab-11e8-87a4-9cda3ec5dbc1', 'IN', NULL, 'oversize_heavy_in', 'weight<=12? "50+241" :"50+241+({0}-12)*4"', NULL, NULL, NULL, NULL, 'regional', NULL),
	('1c859c24-63d9-11e8-a076-00e04c023f0e', 'AU', NULL, 'std_parcel_au', '10.89', NULL, 10.0000, NULL, NULL, NULL, NULL),
	('200', 'DE', NULL, 'sml_light_env_sml', '1.19', NULL, 80.0000, NULL, NULL, 'PAN_EU', NULL),
	('201', 'DE', NULL, 'sml_light_env_std', '1.38', NULL, 60.0000, NULL, NULL, 'PAN_EU', NULL),
	('205', 'DE', NULL, 'sml_light_pl_sml', '3.02', NULL, 150.0000, NULL, NULL, 'PAN_EU', NULL),
	('240954b8-63da-11e8-a076-00e04c023f0e', 'AU', NULL, 'std_oversize_au', '11.06', NULL, 8.0000, NULL, NULL, NULL, NULL),
	('24d1eb38-63d9-11e8-a076-00e04c023f0e', 'AU', NULL, 'std_parcel_au', '11.35', NULL, 11.0000, NULL, NULL, NULL, NULL),
	('2ca7b5b1-63da-11e8-a076-00e04c023f0e', 'AU', NULL, 'std_oversize_au', '11.54', NULL, 9.0000, NULL, NULL, NULL, NULL),
	('2cc2d8bd-63d9-11e8-a076-00e04c023f0e', 'AU', NULL, 'std_parcel_au', '11.89', NULL, 12.0000, NULL, NULL, NULL, NULL),
	('2f0c8056-725a-11ea-b1ed-00e04c023f0e', 'MX', NULL, 'envelope_mx', '52.71', NULL, NULL, NULL, NULL, NULL, NULL),
	('2f0ddc88-725a-11ea-b1ed-00e04c023f0e', 'MX', NULL, 'std_mx', 'weight<=0.5? "54.84" : (weight<=1? "59.30" : (weight<=2? "64.13" : (weight<=5? "71.88" : "71.88+({0}-5)*2.80/0.5")))', NULL, NULL, NULL, NULL, NULL, NULL),
	('2f0f30ab-725a-11ea-b1ed-00e04c023f0e', 'MX', NULL, 'oversize_mx', 'weight<=0.5? "68.24" : (weight<=1? "70.77" : (weight<=2? "75.97" : (weight<=5? "82.95" : "82.95+({0}-5)*2.90/0.5")))', NULL, NULL, NULL, NULL, NULL, NULL),
	('300', 'FR', NULL, 'sml_light_env_sml', '1.60', NULL, 80.0000, NULL, NULL, 'PAN_EU', NULL),
	('301', 'FR', NULL, 'sml_light_env_std', '1.87', NULL, 60.0000, NULL, NULL, 'PAN_EU', NULL),
	('305', 'FR', NULL, 'sml_light_pl_sml', '4.33', NULL, 150.0000, NULL, NULL, 'PAN_EU', NULL),
	('3455f50c-9ea6-11e8-87a4-9cda3ec5dbc1', 'IN', NULL, 'std_in', 'weight<=0.5? "15+36" :weight<=1? "15+36+21":"15+36+21+({0}-1)*15"', NULL, NULL, NULL, NULL, 'regional', NULL),
	('34594a30-9ea6-11e8-87a4-9cda3ec5dbc1', 'IN', NULL, 'std_in', 'weight<=0.5? "15+56" :weight<=1? "15+56+25":"15+56+25+({0}-1)*20"', NULL, NULL, NULL, NULL, 'national', NULL),
	('34e72e5d-63da-11e8-a076-00e04c023f0e', 'AU', NULL, 'std_oversize_au', '12.03', NULL, 10.0000, NULL, NULL, NULL, NULL),
	('3f404b6d-63da-11e8-a076-00e04c023f0e', 'AU', NULL, 'std_oversize_au', '14.46', NULL, 15.0000, NULL, NULL, NULL, NULL),
	('3f963e1a-73dd-11ea-b1ed-00e04c023f0e', 'JP', NULL, 'std1_jp', '318', NULL, NULL, NULL, NULL, NULL, NULL),
	('400', 'IT', NULL, 'sml_light_env_sml', '2.01', NULL, 80.0000, NULL, NULL, 'PAN_EU', NULL),
	('401', 'IT', NULL, 'sml_light_env_std', '2.12', NULL, 60.0000, NULL, NULL, 'PAN_EU', NULL),
	('405', 'IT', NULL, 'sml_light_pl_sml', '3.80', NULL, 150.0000, NULL, NULL, 'PAN_EU', NULL),
	('456ee6a3-63d8-11e8-a076-00e04c023f0e', 'AU', NULL, 'sml_envelop_au', '1.76', NULL, 0.1000, NULL, NULL, NULL, NULL),
	('4638381735738292142', 'UK', NULL, 'std_smpkg', '1.71', NULL, 0.0800, NULL, NULL, 'PAN_EU', NULL),
	('4638381735738292154', 'UK', NULL, 'std_stdpkg_box', '1.81', NULL, 0.0600, NULL, NULL, 'PAN_EU', NULL),
	('4638381735738292167', 'UK', NULL, 'std_stdpkg_box', '1.98', NULL, 0.2100, NULL, NULL, 'PAN_EU', NULL),
	('4638381735738292180', 'UK', NULL, 'std_stdpkg_box', '2.11', NULL, 0.4600, NULL, NULL, 'PAN_EU', NULL),
	('4638381735738292193', 'UK', NULL, 'std_lgpkg', '2.58', NULL, 0.9600, NULL, NULL, 'PAN_EU', NULL),
	('4638381735738292194', 'UK', NULL, 'std_overlgpkg', '2.79', NULL, 0.9600, NULL, NULL, 'PAN_EU', NULL),
	('4638381735738292197', 'UK', NULL, 'std_smpl', '2.79', NULL, 0.1500, NULL, NULL, 'PAN_EU', NULL),
	('4638381735738292199', 'UK', NULL, 'std_smpl', '2.81', NULL, 0.4000, NULL, NULL, 'PAN_EU', NULL),
	('4638381735738292201', 'UK', NULL, 'std_smpl', '2.85', NULL, 0.9000, NULL, NULL, 'PAN_EU', NULL),
	('4638381735738292204', 'UK', NULL, 'std_smpl', '3.02', NULL, 1.4000, NULL, NULL, 'PAN_EU', NULL),
	('4638381735738292207', 'UK', NULL, 'std_smpl', '3.31', NULL, 1.9000, NULL, NULL, 'PAN_EU', NULL),
	('4638381735738292210', 'UK', NULL, 'std_smpl', '5.30', NULL, 3.9000, NULL, NULL, 'PAN_EU', NULL),
	('4638381735738292215', 'UK', NULL, 'std_stdpkg', '2.81', NULL, 0.1500, NULL, NULL, 'PAN_EU', NULL),
	('4638381735738292221', 'UK', NULL, 'std_stdpkg', '2.92', NULL, 0.4000, NULL, NULL, 'PAN_EU', NULL),
	('4638381735738292236', 'UK', NULL, 'std_stdpkg', '3.15', NULL, 0.9000, NULL, NULL, 'PAN_EU', NULL),
	('4638381735738292250', 'UK', NULL, 'std_stdpkg', '3.36', NULL, 1.4000, NULL, NULL, 'PAN_EU', NULL),
	('4638381735738292263', 'UK', NULL, 'std_stdpkg', '3.68', NULL, 1.9000, NULL, NULL, 'PAN_EU', NULL),
	('4638381735738292276', 'UK', NULL, 'std_stdpkg', '5.38', NULL, 2.9000, NULL, NULL, 'PAN_EU', NULL),
	('4638381735738292289', 'UK', NULL, 'std_stdpkg', '5.68', NULL, 3.9000, NULL, NULL, 'PAN_EU', NULL),
	('4638381735738292315', 'UK', NULL, 'std_stdpkg', '5.84', NULL, 5.9000, NULL, NULL, 'PAN_EU', NULL),
	('4638381735738292348', 'UK', NULL, 'std_stdpkg', '6.66', NULL, 8.9000, NULL, NULL, 'PAN_EU', NULL),
	('4638381735738292381', 'UK', NULL, 'std_stdpkg', '7.04', NULL, 11.9000, NULL, NULL, 'PAN_EU', NULL),
	('4638381735738292392', 'UK', NULL, 'oversize_smoverpkg', '5.06', NULL, 0.7600, NULL, NULL, 'PAN_EU', NULL),
	('4638381735738292416', 'UK', NULL, 'oversize_smoverpkg', '5.87', NULL, 1.2600, NULL, NULL, 'PAN_EU', NULL),
	('4638381735738292438', 'UK', NULL, 'oversize_smoverpkg', '(weight<=1.76? "6.05" : "6.05+({0}-1.76)*0.01")', NULL, NULL, NULL, NULL, 'PAN_EU', NULL),
	('4638381735738292449', 'UK', NULL, 'oversize_stdoverpkg', '6.01', NULL, 0.7600, NULL, NULL, 'PAN_EU', NULL),
	('4638381735738292460', 'UK', NULL, 'oversize_stdoverpkg', '6.35', NULL, 1.7600, NULL, NULL, 'PAN_EU', NULL),
	('4638381735738292471', 'UK', NULL, 'oversize_stdoverpkg', '6.50', NULL, 2.7600, NULL, NULL, 'PAN_EU', NULL),
	('4638381735738292482', 'UK', NULL, 'oversize_stdoverpkg', '6.53', NULL, 3.7600, NULL, NULL, 'PAN_EU', NULL),
	('4638381735738292493', 'UK', NULL, 'oversize_stdoverpkg', '6.56', NULL, 4.7600, NULL, NULL, 'PAN_EU', NULL),
	('4638381735738292562', 'UK', NULL, 'oversize_stdoverpkg', '7.85', NULL, 9.7600, NULL, NULL, 'PAN_EU', NULL),
	('4638381735738292578', 'UK', NULL, 'oversize_stdoverpkg', '8.4', NULL, 14.7600, NULL, NULL, 'PAN_EU', NULL),
	('4638381735738292591', 'UK', NULL, 'oversize_stdoverpkg', '8.8', NULL, 19.7600, NULL, NULL, 'PAN_EU', NULL),
	('4638381735738292604', 'UK', NULL, 'oversize_stdoverpkg', '9.76', NULL, 24.7600, NULL, NULL, 'PAN_EU', NULL),
	('4638381735738292616', 'UK', NULL, 'oversize_stdoverpkg', '(weight<=29.76? "9.77" : "9.77+({0}-29.76)*0.01")', NULL, NULL, NULL, NULL, 'PAN_EU', NULL),
	('4638381735738292627', 'UK', NULL, 'oversize_lgoverpkg', '10.91', NULL, 4.7600, NULL, NULL, 'PAN_EU', NULL),
	('4638381735738292638', 'UK', NULL, 'oversize_lgoverpkg', '11.93', NULL, 9.7600, NULL, NULL, 'PAN_EU', NULL),
	('4638381735738292651', 'UK', NULL, 'oversize_lgoverpkg', '12.6', NULL, 14.7600, NULL, NULL, 'PAN_EU', NULL),
	('4638381735738292665', 'UK', NULL, 'oversize_lgoverpkg', '13.2', NULL, 19.7600, NULL, NULL, 'PAN_EU', NULL),
	('4638381735738292677', 'UK', NULL, 'oversize_lgoverpkg', '14.37', NULL, 24.7600, NULL, NULL, 'PAN_EU', NULL),
	('4638381735738292688', 'UK', NULL, 'oversize_lgoverpkg', '(weight<=31.50? "14.40" : "14.40+({0}-31.50)*0.01")', NULL, NULL, NULL, NULL, 'PAN_EU', NULL),
	('46bda7a4-f4da-11e6-bd71-00e04c023f0e', 'JP', NULL, 'supersize1_jp', '2755', NULL, NULL, NULL, NULL, NULL, NULL),
	('47b584ca-63da-11e8-a076-00e04c023f0e', 'AU', NULL, 'std_oversize_au', '16.89', NULL, 20.0000, NULL, NULL, NULL, NULL),
	('4ffcb9a6-63da-11e8-a076-00e04c023f0e', 'AU', NULL, 'std_oversize_au', '19.32', NULL, 25.0000, NULL, NULL, NULL, NULL),
	('500', 'ES', NULL, 'sml_light_env_sml', '1.57', NULL, 80.0000, NULL, NULL, 'PAN_EU', NULL),
	('501', 'ES', NULL, 'sml_light_env_std', '1.84', NULL, 60.0000, NULL, NULL, 'PAN_EU', NULL),
	('505', 'ES', NULL, 'sml_light_pl_sml', '3.16', NULL, 150.0000, NULL, NULL, 'PAN_EU', NULL),
	('5e51a8fe-63d8-11e8-a076-00e04c023f0e', 'AU', NULL, 'std_envelope_au', '1.76', NULL, 0.1000, NULL, NULL, NULL, NULL),
	('600', 'DE,IT,ES', NULL, 'sml_light_env_sml', '4.91', NULL, 80.0000, NULL, NULL, 'EFN', NULL),
	('6000', 'NL', NULL, 'sml_light_env_sml', '1.25', NULL, 80.0000, NULL, NULL, 'PAN_EU', NULL),
	('6001', 'NL', NULL, 'sml_light_env_std', '1.36', NULL, 60.0000, NULL, NULL, 'PAN_EU', NULL),
	('6006', 'NL', NULL, 'sml_light_pl_sml', '1.96', NULL, 150.0000, NULL, NULL, 'PAN_EU', NULL),
	('601', 'DE,IT,ES', NULL, 'sml_light_env_std', '5.06', NULL, 60.0000, NULL, NULL, 'EFN', NULL),
	('605', 'DE,IT,ES', NULL, 'sml_light_pl_sml', '6.61', NULL, 150.0000, NULL, NULL, 'EFN', NULL),
	('6565816f-63d9-11e8-a076-00e04c023f0e', 'AU', NULL, 'sml_oversize_au', '6.79', NULL, 1.0000, NULL, NULL, NULL, NULL),
	('689099ef-e925-11e7-bc0d-00e04c023f0e', 'US', b'0', 'large_standard_us', 'weight<=0.25? "3.86" :weight<=0.5? "4.08" :weight<=0.75? "4.24" :weight<=1 ? "4.75":weight<=1.5 ? "5.40" : weight<=2 ? "5.69":weight<=2.5 ? "6.10" :weight<=3 ? "6.39":"7.17+({0}-3)*0.32"', NULL, NULL, '2018-02-01', NULL, NULL, b'0'),
	('6a5d5dbc-63d8-11e8-a076-00e04c023f0e', 'AU', NULL, 'std_envelope_au', '1.83', NULL, 0.2500, NULL, NULL, NULL, NULL),
	('6ec25426-63d9-11e8-a076-00e04c023f0e', 'AU', NULL, 'sml_oversize_au', '7.01', NULL, 1.2500, NULL, NULL, NULL, NULL),
	('700', 'FR', NULL, 'sml_light_env_sml', '5.06', NULL, 80.0000, NULL, NULL, 'EFN', NULL),
	('7000', 'SE', NULL, 'sml_light_env_sml', '23.45', NULL, 80.0000, NULL, NULL, 'PAN_EU', NULL),
	('7001', 'SE', NULL, 'sml_light_env_std', '24.08', NULL, 60.0000, NULL, NULL, 'PAN_EU', NULL),
	('7006', 'SE', NULL, 'sml_light_pl_sml', '33.76', NULL, 150.0000, NULL, NULL, 'PAN_EU', NULL),
	('701', 'FR', NULL, 'sml_light_env_std', '5.22', NULL, 60.0000, NULL, NULL, 'EFN', NULL),
	('705', 'FR', NULL, 'sml_light_pl_sml', '6.81', NULL, 150.0000, NULL, NULL, 'EFN', NULL),
	('745af86f-b246-11eb-9957-98039b06df68', 'AE', NULL, 'sml_envelop_ae', '5', NULL, 0.1000, NULL, NULL, NULL, NULL),
	('74609d91-b246-11eb-9957-98039b06df68', 'AE', NULL, 'std_envelop_ae', '5.5', NULL, 0.1000, NULL, NULL, NULL, NULL),
	('7464bd7b-b246-11eb-9957-98039b06df68', 'AE', NULL, 'std_envelop_ae', '5.7', NULL, 0.2500, NULL, NULL, NULL, NULL),
	('746b2533-b246-11eb-9957-98039b06df68', 'AE', NULL, 'std_envelop_ae', '6', NULL, 0.5000, NULL, NULL, NULL, NULL),
	('746ed023-b246-11eb-9957-98039b06df68', 'AE', NULL, 'lg_envelop_ae', '6.5', NULL, 1.0000, NULL, NULL, NULL, NULL),
	('7471b585-b246-11eb-9957-98039b06df68', 'AE', NULL, 'std_parcel_ae', '6.7', NULL, 0.2500, NULL, NULL, NULL, NULL),
	('74745063-b246-11eb-9957-98039b06df68', 'AE', NULL, 'std_parcel_ae', '7', NULL, 0.5000, NULL, NULL, NULL, NULL),
	('7476e52c-b246-11eb-9957-98039b06df68', 'AE', NULL, 'std_parcel_ae', '7.5', NULL, 1.0000, NULL, NULL, NULL, NULL),
	('7479a3a2-b246-11eb-9957-98039b06df68', 'AE', NULL, 'std_parcel_ae', '8', NULL, 1.5000, NULL, NULL, NULL, NULL),
	('747bec58-b246-11eb-9957-98039b06df68', 'AE', NULL, 'std_parcel_ae', '8.5', NULL, 2.0000, NULL, NULL, NULL, NULL),
	('747e8591-b246-11eb-9957-98039b06df68', 'AE', NULL, 'std_parcel_ae', '9.5', NULL, 3.0000, NULL, NULL, NULL, NULL),
	('7480f778-b246-11eb-9957-98039b06df68', 'AE', NULL, 'std_parcel_ae', '10.5', NULL, 4.0000, NULL, NULL, NULL, NULL),
	('74836a45-b246-11eb-9957-98039b06df68', 'AE', NULL, 'std_parcel_ae', '11.5', NULL, 5.0000, NULL, NULL, NULL, NULL),
	('7485db03-b246-11eb-9957-98039b06df68', 'AE', NULL, 'std_parcel_ae', '12.5', NULL, 6.0000, NULL, NULL, NULL, NULL),
	('748849eb-b246-11eb-9957-98039b06df68', 'AE', NULL, 'std_parcel_ae', '13.5', NULL, 7.0000, NULL, NULL, NULL, NULL),
	('748ab8ae-b246-11eb-9957-98039b06df68', 'AE', NULL, 'std_parcel_ae', '14.5', NULL, 8.0000, NULL, NULL, NULL, NULL),
	('748d2dd7-b246-11eb-9957-98039b06df68', 'AE', NULL, 'std_parcel_ae', '15.5', NULL, 9.0000, NULL, NULL, NULL, NULL),
	('748fc529-b246-11eb-9957-98039b06df68', 'AE', NULL, 'std_parcel_ae', '16.5', NULL, 10.0000, NULL, NULL, NULL, NULL),
	('74923587-b246-11eb-9957-98039b06df68', 'AE', NULL, 'std_parcel_ae', '17.5', NULL, 11.0000, NULL, NULL, NULL, NULL),
	('7494d006-b246-11eb-9957-98039b06df68', 'AE', NULL, 'std_parcel_ae', '18.5', NULL, 12.0000, NULL, NULL, NULL, NULL),
	('749766fc-b246-11eb-9957-98039b06df68', 'AE', NULL, 'oversize_ae', '9', NULL, 1.0000, NULL, NULL, NULL, NULL),
	('7499d4fc-b246-11eb-9957-98039b06df68', 'AE', NULL, 'oversize_ae', '10', NULL, 2.0000, NULL, NULL, NULL, NULL),
	('749c1deb-b246-11eb-9957-98039b06df68', 'AE', NULL, 'oversize_ae', '11', NULL, 3.0000, NULL, NULL, NULL, NULL),
	('749e9219-b246-11eb-9957-98039b06df68', 'AE', NULL, 'oversize_ae', '12', NULL, 4.0000, NULL, NULL, NULL, NULL),
	('74a0da78-b246-11eb-9957-98039b06df68', 'AE', NULL, 'oversize_ae', '13', NULL, 5.0000, NULL, NULL, NULL, NULL),
	('74a322a2-b246-11eb-9957-98039b06df68', 'AE', NULL, 'oversize_ae', '14', NULL, 6.0000, NULL, NULL, NULL, NULL),
	('74a56d27-b246-11eb-9957-98039b06df68', 'AE', NULL, 'oversize_ae', '15', NULL, 7.0000, NULL, NULL, NULL, NULL),
	('74a7b832-b246-11eb-9957-98039b06df68', 'AE', NULL, 'oversize_ae', '16', NULL, 8.0000, NULL, NULL, NULL, NULL),
	('74aa0394-b246-11eb-9957-98039b06df68', 'AE', NULL, 'oversize_ae', '17', NULL, 9.0000, NULL, NULL, NULL, NULL),
	('74ac7462-b246-11eb-9957-98039b06df68', 'AE', NULL, 'oversize_ae', '18', NULL, 10.0000, NULL, NULL, NULL, NULL),
	('74aebc66-b246-11eb-9957-98039b06df68', 'AE', NULL, 'oversize_ae', '23', NULL, 15.0000, NULL, NULL, NULL, NULL),
	('74b12c49-b246-11eb-9957-98039b06df68', 'AE', NULL, 'oversize_ae', '28', NULL, 20.0000, NULL, NULL, NULL, NULL),
	('74b375c2-b246-11eb-9957-98039b06df68', 'AE', NULL, 'oversize_ae', '33', NULL, 25.0000, NULL, NULL, NULL, NULL),
	('74b5e78d-b246-11eb-9957-98039b06df68', 'AE', NULL, 'oversize_ae', '38', NULL, 30.0000, NULL, NULL, NULL, NULL),
	('75f79aca-63d8-11e8-a076-00e04c023f0e', 'AU', NULL, 'std_envelope_au', '2.53', NULL, 0.5000, NULL, NULL, NULL, NULL),
	('7716de35-63d9-11e8-a076-00e04c023f0e', 'AU', NULL, 'sml_oversize_au', '7.29', NULL, 1.5000, NULL, NULL, NULL, NULL),
	('8000', 'PL', NULL, 'sml_light_env_sml', '3.14', NULL, 80.0000, NULL, NULL, 'PAN_EU', NULL),
	('8001', 'PL', NULL, 'sml_light_env_std', '3.17', NULL, 60.0000, NULL, NULL, 'PAN_EU', NULL),
	('8006', 'PL', NULL, 'sml_light_pl_sml', '3.75', NULL, 150.0000, NULL, NULL, 'PAN_EU', NULL),
	('824e89ab-8fbf-11ec-9957-98039b06df68', 'US', b'0', 'large_light_us', 'weight<=4? "2.66" :weight<=8? "2.77" :weight<=12? "2.94":weight<=16? "3.77":weight<=24? "4.42":weight<=32? "4.68":weight<=40? "5.19":"5.4"', NULL, 48.0000, '2022-02-17', NULL, NULL, NULL),
	('82f8e382-9ea2-11e8-87a4-9cda3ec5dbc1', 'IN', NULL, 'sml_in', 'weight<=0.5? "10+56" :"10+56+25"', NULL, NULL, NULL, NULL, 'national', NULL),
	('87c666e5-b246-11eb-9957-98039b06df68', 'SA', NULL, 'std_sa', '5', NULL, 0.5000, NULL, NULL, 'PAN_EU', NULL),
	('87cad283-b246-11eb-9957-98039b06df68', 'SA', NULL, 'std_sa', '5.5', NULL, 1.0000, NULL, NULL, 'PAN_EU', NULL),
	('87ce7e1c-b246-11eb-9957-98039b06df68', 'SA', NULL, 'std_sa', '6', NULL, 1.5000, NULL, NULL, 'PAN_EU', NULL),
	('87d1d794-b246-11eb-9957-98039b06df68', 'SA', NULL, 'std_sa', '6.5', NULL, 2.0000, NULL, NULL, 'PAN_EU', NULL),
	('87d57f22-b246-11eb-9957-98039b06df68', 'SA', NULL, 'std_sa', '7.5', NULL, 3.0000, NULL, NULL, 'PAN_EU', NULL),
	('87d891ad-b246-11eb-9957-98039b06df68', 'SA', NULL, 'std_sa', '8.5', NULL, 4.0000, NULL, NULL, 'PAN_EU', NULL),
	('87dafdab-b246-11eb-9957-98039b06df68', 'SA', NULL, 'std_sa', '9.5', NULL, 5.0000, NULL, NULL, 'PAN_EU', NULL),
	('87dd6be9-b246-11eb-9957-98039b06df68', 'SA', NULL, 'std_sa', '10.5', NULL, 6.0000, NULL, NULL, 'PAN_EU', NULL),
	('87e02cad-b246-11eb-9957-98039b06df68', 'SA', NULL, 'std_sa', '11.5', NULL, 7.0000, NULL, NULL, 'PAN_EU', NULL),
	('87e27ab0-b246-11eb-9957-98039b06df68', 'SA', NULL, 'std_sa', '12.5', NULL, 8.0000, NULL, NULL, 'PAN_EU', NULL),
	('87e4e8d3-b246-11eb-9957-98039b06df68', 'SA', NULL, 'std_sa', '13.5', NULL, 9.0000, NULL, NULL, 'PAN_EU', NULL),
	('87e76083-b246-11eb-9957-98039b06df68', 'SA', NULL, 'std_sa', '14.5', NULL, 10.0000, NULL, NULL, 'PAN_EU', NULL),
	('87e9cea6-b246-11eb-9957-98039b06df68', 'SA', NULL, 'std_sa', '15.5', NULL, 11.0000, NULL, NULL, 'PAN_EU', NULL),
	('87ec1513-b246-11eb-9957-98039b06df68', 'SA', NULL, 'std_sa', '16.5', NULL, 12.0000, NULL, NULL, 'PAN_EU', NULL),
	('87ee6189-b246-11eb-9957-98039b06df68', 'SA', NULL, 'oversize_sa', '7.5', NULL, 1.0000, NULL, NULL, 'PAN_EU', NULL),
	('87f0acd1-b246-11eb-9957-98039b06df68', 'SA', NULL, 'oversize_sa', '8.5', NULL, 2.0000, NULL, NULL, 'PAN_EU', NULL),
	('87f317f3-b246-11eb-9957-98039b06df68', 'SA', NULL, 'oversize_sa', '9.5', NULL, 3.0000, NULL, NULL, 'PAN_EU', NULL),
	('87f56661-b246-11eb-9957-98039b06df68', 'SA', NULL, 'oversize_sa', '10.5', NULL, 4.0000, NULL, NULL, 'PAN_EU', NULL),
	('87f7d5ad-b246-11eb-9957-98039b06df68', 'SA', NULL, 'oversize_sa', '11.5', NULL, 5.0000, NULL, NULL, 'PAN_EU', NULL),
	('87fa9915-b246-11eb-9957-98039b06df68', 'SA', NULL, 'oversize_sa', '12.5', NULL, 6.0000, NULL, NULL, 'PAN_EU', NULL),
	('87fd03fa-b246-11eb-9957-98039b06df68', 'SA', NULL, 'oversize_sa', '13.5', NULL, 7.0000, NULL, NULL, 'PAN_EU', NULL),
	('88001256-b246-11eb-9957-98039b06df68', 'SA', NULL, 'oversize_sa', '14.5', NULL, 8.0000, NULL, NULL, 'PAN_EU', NULL),
	('8802ad03-b246-11eb-9957-98039b06df68', 'SA', NULL, 'oversize_sa', '15.5', NULL, 9.0000, NULL, NULL, 'PAN_EU', NULL),
	('88051cd3-b246-11eb-9957-98039b06df68', 'SA', NULL, 'oversize_sa', '16.5', NULL, 10.0000, NULL, NULL, 'PAN_EU', NULL),
	('8807b198-b246-11eb-9957-98039b06df68', 'SA', NULL, 'oversize_sa', '21.5', NULL, 15.0000, NULL, NULL, 'PAN_EU', NULL),
	('880a264f-b246-11eb-9957-98039b06df68', 'SA', NULL, 'oversize_sa', '26.5', NULL, 20.0000, NULL, NULL, 'PAN_EU', NULL),
	('880c94e2-b246-11eb-9957-98039b06df68', 'SA', NULL, 'oversize_sa', '31.5', NULL, 25.0000, NULL, NULL, 'PAN_EU', NULL),
	('880ee29e-b246-11eb-9957-98039b06df68', 'SA', NULL, 'oversize_sa', '36.5', NULL, 30.0000, NULL, NULL, 'PAN_EU', NULL),
	('8bb9f408-9ea5-11e8-87a4-9cda3ec5dbc1', 'IN', NULL, 'std_in', 'weight<=0.5? "15+28" :weight<=1? "15+28+16":"15+28+16+({0}-1)*10"', NULL, NULL, NULL, NULL, 'local', NULL),
	('8d0e7625-63da-11e8-a076-00e04c023f0e', 'AU', NULL, 'lg_oversize_au', '10.40', NULL, 5.0000, NULL, NULL, NULL, NULL),
	('9000', 'NL', NULL, 'sml_light_env_sml', '4.59', NULL, 80.0000, NULL, NULL, 'EFN', NULL),
	('9001', 'NL', NULL, 'sml_light_env_std', '4.74', NULL, 60.0000, NULL, NULL, 'EFN', NULL),
	('9006', 'NL', NULL, 'sml_light_pl_sml', '5.59', NULL, 150.0000, NULL, NULL, 'EFN', NULL),
	('91db7583-73dd-11ea-b1ed-00e04c023f0e', 'JP', NULL, 'std2_jp', '434', NULL, NULL, NULL, NULL, NULL, NULL),
	('91ede996-f4d9-11e6-bd71-00e04c033f0e', 'JP', NULL, 'small', '288', NULL, NULL, NULL, NULL, NULL, NULL),
	('932fd567-63d8-11e8-a076-00e04c023f0e', 'AU', NULL, 'lg_envelope_au', '6.42', NULL, 1.0000, NULL, NULL, NULL, NULL),
	('98482ee4-73dd-11ea-b1ed-00e04c023f0e', 'JP', NULL, 'std3_jp', '514', NULL, NULL, NULL, NULL, NULL, NULL),
	('995084ab-63da-11e8-a076-00e04c023f0e', 'AU', NULL, 'lg_oversize_au', '13.42', NULL, 10.0000, NULL, NULL, NULL, NULL),
	('9985b5a4-e925-11e7-bc0d-00e04c023f0e', 'US', b'0', 'sml_oversize_us', '9.73+({0}-2)*0.42', NULL, NULL, '2018-02-01', NULL, NULL, NULL),
	('9f9680c7-73dd-11ea-b1ed-00e04c023f0e', 'JP', NULL, 'std4_jp', '603', NULL, NULL, NULL, NULL, NULL, NULL),
	('a7693e57-63d8-11e8-a076-00e04c023f0e', 'AU', NULL, 'std_parcel_au', '4.08', NULL, 0.2500, NULL, NULL, NULL, NULL),
	('aae6826b-2e07-11ea-881b-00e04c023f0e', 'US', b'0', 'sml_standard_us', 'weight<=0.25? "3.43" :weight<=0.5? "3.58" :weight<=0.75? "3.87":"4.15"', NULL, NULL, '2018-02-01', NULL, NULL, b'1'),
	('aafa57dd-2e07-11ea-881b-00e04c023f0e', 'US', b'0', 'large_standard_us', 'weight<=0.25? "4.43" :weight<=0.5? "4.63" :weight<=0.75? "4.84" :weight<=1 ? "5.32":weight<=1.5 ? "6.10" : weight<=2 ? "6.37":weight<=2.5 ? "6.83" :weight<=3 ? "7.05":"7.17+({0}-3)*0.32"', NULL, NULL, '2018-02-01', NULL, NULL, b'1'),
	('abc8b5ca-e925-11e7-bc0d-00e04c023f0e', 'US', b'0', 'medium_oversize_us', '19.05+({0}-2)*0.42', NULL, NULL, '2018-02-01', NULL, NULL, NULL),
	('ac3f12c1-a104-11e8-a23f-9cda3ec5dbc1', 'US', b'0', 'sml_light_us', 'weight<=4? "2.47" :weight<=8? "2.54" :weight<=12? "2.61":"3.15"', NULL, 16.0000, '2022-02-17', NULL, NULL, NULL),
	('b0930bf8-73dd-11ea-b1ed-00e04c023f0e', 'JP', NULL, 'oversize1_jp', '589', NULL, NULL, NULL, NULL, NULL, NULL),
	('b0bebdbc-63d8-11e8-a076-00e04c023f0e', 'AU', NULL, 'std_parcel_au', '4.41', NULL, 0.5000, NULL, NULL, NULL, NULL),
	('b0dd1afe-63d9-11e8-a076-00e04c023f0e', 'AU', NULL, 'sml_oversize_au', '7.57', NULL, 1.7500, NULL, NULL, NULL, NULL),
	('b8b370e6-73dd-11ea-b1ed-00e04c023f0e', 'JP', NULL, 'oversize2_jp', '712', NULL, NULL, NULL, NULL, NULL, NULL),
	('b9938b1d-63d9-11e8-a076-00e04c023f0e', 'AU', NULL, 'sml_oversize_au', '7.85', NULL, 2.0000, NULL, NULL, NULL, NULL),
	('bd0787e6-73dd-11ea-b1ed-00e04c023f0e', 'JP', NULL, 'oversize3_jp', '815', NULL, NULL, NULL, NULL, NULL, NULL),
	('c143ccd1-63da-11e8-a076-00e04c023f0e', 'AU', NULL, 'lg_oversize_au', '16.43', NULL, 15.0000, NULL, NULL, NULL, NULL),
	('c2f04eaa-e924-11e7-bc0d-00e04c023f0e', 'US', b'0', 'sml_standard_us', 'weight<=0.25? "3.22" :weight<=0.5? "3.40" :weight<=0.75? "3.58":"3.77"', NULL, NULL, '2018-02-01', NULL, NULL, b'0'),
	('c318163c-9ea1-11e8-87a4-9cda3ec5dbc1', 'IN', NULL, 'sml_in', 'weight<=0.5? "10+36" :"10+36+21"', NULL, NULL, NULL, NULL, 'regional', NULL),
	('c47b3ee0-63d8-11e8-a076-00e04c023f0e', 'AU', NULL, 'std_parcel_au', '6.42', NULL, 1.0000, NULL, NULL, NULL, NULL),
	('c55f17a6-73dd-11ea-b1ed-00e04c023f0e', 'JP', NULL, 'oversize4_jp', '975', NULL, NULL, NULL, NULL, NULL, NULL),
	('ca-1-u-1', 'CA', NULL, 'envelope_ca', '4.32', NULL, 0.1000, '2023-01-14', NULL, NULL, NULL),
	('ca-1-u-2', 'CA', NULL, 'envelope_ca', '4.65', NULL, 0.2000, '2023-01-14', NULL, NULL, NULL),
	('ca-1-u-3', 'CA', NULL, 'envelope_ca', '4.99', NULL, 0.3000, '2023-01-14', NULL, NULL, NULL),
	('ca-1-u-4', 'CA', NULL, 'envelope_ca', '5.28', NULL, 0.4000, '2023-01-14', NULL, NULL, NULL),
	('ca-1-u-5', 'CA', NULL, 'envelope_ca', '5.45', NULL, 0.5000, '2023-01-14', NULL, NULL, NULL),
	('ca-2-u-1', 'CA', NULL, 'std_ca', '5.92', NULL, 0.1000, '2023-01-14', NULL, NULL, NULL),
	('ca-2-u-10', 'CA', NULL, 'std_ca', '8.23', NULL, 1.0000, '2023-01-14', NULL, NULL, NULL),
	('ca-2-u-11', 'CA', NULL, 'std_ca', '8.40', NULL, 1.1000, '2023-01-14', NULL, NULL, NULL),
	('ca-2-u-12', 'CA', NULL, 'std_ca', '8.62', NULL, 1.2000, '2023-01-14', NULL, NULL, NULL),
	('ca-2-u-13', 'CA', NULL, 'std_ca', '8.79', NULL, 1.3000, '2023-01-14', NULL, NULL, NULL),
	('ca-2-u-14', 'CA', NULL, 'std_ca', '9.01', NULL, 1.4000, '2023-01-14', NULL, NULL, NULL),
	('ca-2-u-15', 'CA', NULL, 'std_ca', '9.20', NULL, 1.5000, '2023-01-14', NULL, NULL, NULL),
	('ca-2-u-16', 'CA', NULL, 'std_ca', '(weight<=1.5? "9.20" : "9.20+({0}-1.5)*0.09")', NULL, NULL, '2023-01-14', NULL, NULL, NULL),
	('ca-2-u-2', 'CA', NULL, 'std_ca', '6.12', NULL, 0.2000, '2023-01-14', NULL, NULL, NULL),
	('ca-2-u-3', 'CA', NULL, 'std_ca', '6.36', NULL, 0.3000, '2023-01-14', NULL, NULL, NULL),
	('ca-2-u-4', 'CA', NULL, 'std_ca', '6.69', NULL, 0.4000, '2023-01-14', NULL, NULL, NULL),
	('ca-2-u-5', 'CA', NULL, 'std_ca', '7.13', NULL, 0.5000, '2023-01-14', NULL, NULL, NULL),
	('ca-2-u-6', 'CA', NULL, 'std_ca', '7.38', NULL, 0.6000, '2023-01-14', NULL, NULL, NULL),
	('ca-2-u-7', 'CA', NULL, 'std_ca', '7.62', NULL, 0.7000, '2023-01-14', NULL, NULL, NULL),
	('ca-2-u-8', 'CA', NULL, 'std_ca', '7.80', NULL, 0.8000, '2023-01-14', NULL, NULL, NULL),
	('ca-2-u-9', 'CA', NULL, 'std_ca', '8.04', NULL, 0.9000, '2023-01-14', NULL, NULL, NULL),
	('ca-3-u', 'CA', NULL, 'oversize_sm_ca', '(weight<=0.5? "13.75" : "13.75+({0}-0.5)*0.46/0.5")', NULL, NULL, '2023-01-14', NULL, NULL, NULL),
	('ca-4-u', 'CA', NULL, 'oversize_mid_ca', '(weight<=0.5? "33.24" : "33.24+({0}-0.5)*0.52/0.5")', NULL, NULL, '2023-01-14', NULL, NULL, NULL),
	('ca-5-u', 'CA', NULL, 'oversize_lg_ca', '(weight<=0.5? "72.74" : "72.74+({0}-0.5)*0.58/0.5")', NULL, NULL, '2023-01-14', NULL, NULL, NULL),
	('ca-6-u', 'CA', NULL, 'oversize_special_ca', '(weight<=0.5? "141.65" : "141.65+({0}-1)*0.58/0.5")', NULL, NULL, '2023-01-14', NULL, NULL, NULL),
	('ca5947d4-63da-11e8-a076-00e04c023f0e', 'AU', NULL, 'lg_oversize_au', '19.45', NULL, 20.0000, NULL, NULL, NULL, NULL),
	('cb898ddb-9ea9-11e8-87a4-9cda3ec5dbc1', 'IN', NULL, 'oversize_in', 'weight<=5? "25+71" :"25+71+({0}-5)*10"', NULL, NULL, NULL, NULL, 'local', NULL),
	('cb8de2fb-9ea9-11e8-87a4-9cda3ec5dbc1', 'IN', NULL, 'oversize_in', 'weight<=5? "25+86" :"25+86+({0}-5)*15"', NULL, NULL, NULL, NULL, 'regional', NULL),
	('cb92872e-9ea9-11e8-87a4-9cda3ec5dbc1', 'IN', NULL, 'oversize_in', 'weight<=5? "25+136" :"25+136+({0}-5)*20"', NULL, NULL, NULL, NULL, 'national', NULL),
	('cc9d3310-73dd-11ea-b1ed-00e04c023f0e', 'JP', NULL, 'oversize5_jp', '1020', NULL, NULL, NULL, NULL, NULL, NULL),
	('ccc92442-63d8-11e8-a076-00e04c023f0e', 'AU', NULL, 'std_parcel_au', '6.93', NULL, 1.5000, NULL, NULL, NULL, NULL),
	('ce916f03-63d9-11e8-a076-00e04c023f0e', 'AU', NULL, 'std_oversize_au', '7.65', NULL, 1.0000, NULL, NULL, NULL, NULL),
	('cecff57a-e925-11e7-bc0d-00e04c023f0e', 'US', b'0', 'large_oversize_us', '89.98+({0}-90)*0.83', NULL, NULL, '2018-02-01', NULL, NULL, NULL),
	('d2590817-63da-11e8-a076-00e04c023f0e', 'AU', NULL, 'lg_oversize_au', '22.46', NULL, 25.0000, NULL, NULL, NULL, NULL),
	('d43aa6aa-73dd-11ea-b1ed-00e04c023f0e', 'JP', NULL, 'oversize6_jp', '1100', NULL, NULL, NULL, NULL, NULL, NULL),
	('d4c6af5e-63d8-11e8-a076-00e04c023f0e', 'AU', NULL, 'std_parcel_au', '7.37', NULL, 2.0000, NULL, NULL, NULL, NULL),
	('da437fd4-63da-11e8-a076-00e04c023f0e', 'AU', NULL, 'lg_oversize_au', '25.48', NULL, 30.0000, NULL, NULL, NULL, NULL),
	('dad3c4e5-73dd-11ea-b1ed-00e04c023f0e', 'JP', NULL, 'oversize7_jp', '1532', NULL, NULL, NULL, NULL, NULL, NULL),
	('dd1aef88-63d9-11e8-a076-00e04c023f0e', 'AU', NULL, 'std_oversize_au', '8.13', NULL, 2.0000, NULL, NULL, NULL, NULL),
	('e1351803-63d8-11e8-a076-00e04c023f0e', 'AU', NULL, 'std_parcel_au', '7.76', NULL, 3.0000, NULL, NULL, NULL, NULL),
	('e1f71248-73dd-11ea-b1ed-00e04c023f0e', 'JP', NULL, 'oversize8_jp', '1756', NULL, NULL, NULL, NULL, NULL, NULL),
	('e5665bf2-63d9-11e8-a076-00e04c023f0e', 'AU', NULL, 'std_oversize_au', '8.62', NULL, 3.0000, NULL, NULL, NULL, NULL),
	('e90e7e8b-63d8-11e8-a076-00e04c023f0e', 'AU', NULL, 'std_parcel_au', '8.24', NULL, 4.0000, NULL, NULL, NULL, NULL),
	('ebeb59cc-e925-11e7-bc0d-00e04c023f0e', 'US', b'0', 'special_oversize_us', '158.49+({0}-90)*0.83', NULL, NULL, '2018-02-01', NULL, NULL, NULL),
	('ef301127-63d9-11e8-a076-00e04c023f0e', 'AU', NULL, 'std_oversize_au', '9.11', NULL, 4.0000, NULL, NULL, NULL, NULL),
	('f152ff33-63d8-11e8-a076-00e04c023f0e', 'AU', NULL, 'std_parcel_au', '8.74', NULL, 5.0000, NULL, NULL, NULL, NULL),
	('f2fd36cc-73dd-11ea-b1ed-00e04c023f0e', 'JP', NULL, 'supersize2_jp', '3573', NULL, NULL, NULL, NULL, NULL, NULL),
	('f6d71946-9d4c-11e8-a740-00e04c023f0e', 'IN', NULL, 'sml_in', 'weight<=0.5? "10+28" :"10+28+16"', NULL, NULL, NULL, NULL, 'local', NULL),
	('f9137b40-63d8-11e8-a076-00e04c023f0e', 'AU', NULL, 'std_parcel_au', '9.10', NULL, 6.0000, NULL, NULL, NULL, NULL),
	('fd49b824-73dd-11ea-b1ed-00e04c023f0e', 'JP', NULL, 'supersize3_jp', '4496', NULL, NULL, NULL, NULL, NULL, NULL),
	('sml_envelop_tr', 'TR', NULL, 'sml_envelop_tr', '7.33', NULL, NULL, NULL, NULL, NULL, NULL),
	('std_envelop_tr_100', 'TR', NULL, 'std_envelop_tr', '7.34', NULL, 100.0000, NULL, NULL, NULL, NULL);

-- 正在导出表  db_wimoor.t_fbaformat_archive 的数据：~0 rows (大约)

-- 正在导出表  db_wimoor.t_fba_estimated_fees 的数据：~0 rows (大约)

-- 正在导出表  db_wimoor.t_fba_labeling_service_fee 的数据：~7 rows (大约)
INSERT IGNORE INTO `t_fba_labeling_service_fee` (`id`, `isStandard`, `price`, `country`) VALUES
	('048a32b4-f4e3-11e6-bd71-00e04c023f0e', b'0', 43.00, 'JP'),
	('5e16c93a-f7ed-11e6-bd71-00e04c023f0e', NULL, 0.15, 'UK'),
	('602c6dad-f7ed-11e6-bd71-00e04c023f0e', NULL, 0.15, 'DE'),
	('64051190-2d29-11ea-9e0c-506b4b231e50', b'1', 0.10, 'US'),
	('6e12f54b-5f29-11e8-a076-00e04c023f0e', NULL, 0.20, 'CA'),
	('904fd19d-f4e2-11e6-bd71-00e04c023f0e', b'1', 19.00, 'JP'),
	('965215f9-f7ea-11e6-bd71-00e04c023f0e', b'0', 0.30, 'US');

-- 正在导出表  db_wimoor.t_fba_longterm_storage_fee_report 的数据：~0 rows (大约)

-- 正在导出表  db_wimoor.t_fba_reimbursements_fee_report 的数据：~0 rows (大约)

-- 正在导出表  db_wimoor.t_fba_storage_fee_report 的数据：~0 rows (大约)

-- 正在导出表  db_wimoor.t_fba_storage_fee_report_archive 的数据：~0 rows (大约)

-- 正在导出表  db_wimoor.t_fixed_closingfee 的数据：~4 rows (大约)
INSERT IGNORE INTO `t_fixed_closingfee` (`id`, `format`, `category`, `fee`, `country`, `sort`) VALUES
	(1, 'price <= 250', NULL, 25.0000, 'IN', 1),
	(2, 'price <= 500', NULL, 20.0000, 'IN', 2),
	(3, 'price <= 1000', NULL, 15.0000, 'IN', 3),
	(4, 'price > 1000', NULL, 30.0000, 'IN', 4);

-- 正在导出表  db_wimoor.t_individualfee 的数据：~8 rows (大约)
INSERT IGNORE INTO `t_individualfee` (`id`, `country`, `perItemFee`) VALUES
	(1, 'US', 0.99),
	(2, 'UK', 0.75),
	(3, 'DE', 0.99),
	(4, 'JP', 100.00),
	(5, 'FR', 0.99),
	(6, 'IT', 0.99),
	(7, 'ES', 0.99),
	(8, 'CA', 1.49);

-- 正在导出表  db_wimoor.t_inplacefee 的数据：~5 rows (大约)
INSERT IGNORE INTO `t_inplacefee` (`id`, `name`, `description`, `country`) VALUES
	('calculate', '计算', NULL, 'JP'),
	('one', '货件目的地数量1个', '', 'US'),
	('three', '货件目的地数量3个', NULL, 'US'),
	('two', '货件目的地数量2个', NULL, 'US'),
	('uncalculate', '不计算', NULL, 'ALL');

-- 正在导出表  db_wimoor.t_inplacefeeformat 的数据：~13 rows (大约)
INSERT IGNORE INTO `t_inplacefeeformat` (`id`, `inplacefeeid`, `producttierId`, `standard`, `format`, `description`, `country`) VALUES
	(1, 'one', NULL, b'1', 'weight>2? "0.30+0.10*({0}-2)" :"0.30"', '是否是标准尺寸，标准尺寸：0.30 美元 + 0.10 美元/磅（超出首重 2 磅的部分）;超大尺寸：1.65 美元 + 0.20 美元/磅（超出首重 5 磅的部分）', 'US'),
	(2, 'three', NULL, b'1', '0', '免费', 'US'),
	(3, 'two', NULL, b'1', 'weight>2? "0.10+0.10*({0}-2)" :"0.10"', '是否是标准尺寸，标准尺寸：0.10 美元 + 0.10 美元/磅（超出首重 2 磅的部分）；超大尺寸：0.50 美元 + 0.20 美元/磅（超出首重 5 磅的部分）', 'US'),
	(4, 'uncalculate', NULL, NULL, '0', '不参与计算', ''),
	(5, 'one', NULL, b'0', 'weight>2? "1.65+0.20*({0}-5)" :"1.65"', NULL, 'US'),
	(6, 'two', NULL, b'0', 'weight>2? "0.50+0.20*({0}-5)" :"0.50"', NULL, 'US'),
	(7, 'three', NULL, b'0', '0', NULL, 'US'),
	(8, 'calculate', 'small', b'0', '5', NULL, 'JP'),
	(9, 'calculate', 'standard', b'0', '8', NULL, 'JP'),
	(10, 'calculate', 'oversize1', b'0', '9', NULL, 'JP'),
	(11, 'calculate', 'oversize2', b'0', '9', NULL, 'JP'),
	(12, 'calculate', 'oversize3', b'0', '9', NULL, 'JP'),
	(13, 'calculate', 'special_large', b'0', '9', NULL, 'JP');

-- 正在导出表  db_wimoor.t_inventorystoragefee 的数据：~27 rows (大约)
INSERT IGNORE INTO `t_inventorystoragefee` (`id`, `month`, `price`, `country`, `isStandard`) VALUES
	(1, 'Jan,Feb,Mar,Apr,May,June,July,Aug,Sept', 0.650, 'UK', NULL),
	(2, 'Oct,Nov,Dec', 0.910, 'UK', NULL),
	(3, 'Jan,Feb,Mar,Apr,May,June,July,Aug,Sept', 0.750, 'US', b'1'),
	(4, 'Jan,Feb,Mar,Apr,May,June,July,Aug,Sept', 0.480, 'US', b'0'),
	(5, 'Oct,Nov,Dec', 2.400, 'US', b'1'),
	(6, 'Oct,Nov,Dec', 1.200, 'US', b'0'),
	(7, 'Jan,Feb,Mar,Apr,May,June,July,Aug,Sept', 5.160, 'JP', b'1'),
	(8, 'Jan,Feb,Mar,Apr,May,June,July,Aug,Sept', 26.000, 'DE', NULL),
	(9, 'Oct,Nov,Dec', 36.000, 'DE', NULL),
	(10, 'Jan,Feb,Mar,Apr,May,June,July,Aug,Sept', 20.000, 'CA', NULL),
	(11, 'Oct,Nov,Dec', 28.000, 'CA', NULL),
	(12, 'Jan,Feb,Mar,Apr,May,June,July,Aug,Sept', 19.400, 'AU', NULL),
	(13, 'Oct,Nov,Dec', 26.500, 'AU', NULL),
	(14, 'ALL', 20.000, 'IN', NULL),
	(15, 'Jan,Feb,Mar,Apr,May,June,July,Aug,Sept', 0.310, 'MX', NULL),
	(16, 'Oct,Nov,Dec', 0.440, 'MX', NULL),
	(17, 'Oct,Nov,Dec', 9.170, 'JP', b'1'),
	(18, 'Oct,Nov,Dec', 7.760, 'JP', b'0'),
	(19, 'Jan,Feb,Mar,Apr,May,June,July,Aug,Sept', 4.370, 'JP', b'0'),
	(20, 'Jan,Feb,Mar,Apr,May,June,July,Aug,Sept,Oct,Nov,Dec', 2.000, 'AE', b'1'),
	(21, 'Jan,Feb,Mar,Apr,May,June,July,Aug,Sept,Oct,Nov,Dec', 20.000, 'AE', b'0'),
	(22, 'Jan,Feb,Mar,Apr,May,June,July,Aug,Sept,Oct,Nov,Dec', 3.000, 'SA', b'1'),
	(24, 'Jan,Feb,Mar,Apr,May,June,July,Aug,Sept,Oct,Nov,Dec', 30.000, 'SA', b'0'),
	(27, 'Jan,Feb,Mar,Apr,May,June,July,Aug,Sept', 273.000, 'SE', b'1'),
	(28, 'Oct,Nov,Dec', 378.000, 'SE', b'1'),
	(29, 'Jan,Feb,Mar,Apr,May,June,July,Aug,Sept', 189.000, 'SE', b'0'),
	(30, 'Oct,Nov,Dec', 263.000, 'SE', b'0');
  
-- 正在导出表  db_wimoor.t_manual_processing_fee 的数据：~3 rows (大约)
INSERT IGNORE INTO `t_manual_processing_fee` (`id`, `month`, `manualProcessingFee`, `country`) VALUES
	(1, 'Jan,Feb,Mar,Apr,May,June,July,Aug,Sept,Oct', 0.10, 'US'),
	(2, 'Nov,Dec', 0.15, 'US'),
	(3, 'uncalculate', 0.00, 'US');

-- 正在导出表  db_wimoor.t_marketplace 的数据：~21 rows (大约)
INSERT IGNORE INTO `t_marketplace` (`marketplaceId`, `market`, `name`, `region_name`, `region`, `end_point`, `point_name`, `accessKey`, `secretKey`, `dim_units`, `weight_units`, `currency`, `findex`, `adv_end_point`, `aws_access_key`, `aws_secret_key`, `associate_tag`, `developer_url`, `dev_account_num`, `bytecode`, `sp_api_endpoint`, `aws_region`) VALUES
	('A13V1IB3VIYZZH', 'FR', '法国', '欧洲', 'EU', '', 'Amazon.fr', '', '', 'cm', 'kg', 'EUR', 5, '', '', '', '', '', '', 'Latin1', '', 'eu-west-1'),
	('A17E79C6D8DWNP', 'SA', '沙特', '欧洲', 'EU', '', 'Amazon.sa', '', '', 'cm', 'kg', 'SAR', 17, NULL, NULL, NULL, NULL, '', '', 'UTF-8', '', 'eu-west-1'),
	('A1805IZSGTT6HS', 'NL', '荷兰', '欧洲', 'EU', '', 'Amazon.nl', '', '', 'cm', 'kg', 'EUR', 16, NULL, NULL, NULL, NULL, '', '', 'Latin1', '', 'eu-west-1'),
	('A19VAU5U5O7RUS', 'SG', '新加坡', '远东', 'SG', '', 'Amazon.sg', '', '', NULL, NULL, 'SGD', 16, NULL, NULL, NULL, NULL, NULL, '', 'UTF-8', '', 'us-west-2'),
	('A1AM78C64UM0Y8', 'MX', '墨西哥', '北美', 'NA', '', 'Amazon.com.mx', '', '', 'cm', 'kg', 'MXN', 12, NULL, NULL, NULL, NULL, '', '', 'Latin1', '', 'us-east-1'),
	('A1C3SOZRARQ6R3', 'PL', '波兰', '欧洲', 'EU', '', 'Amazon.pl', '', '', 'cm', 'kg', 'PLN', 19, NULL, NULL, NULL, NULL, NULL, '', 'UTF-8', '', 'eu-west-1'),
	('A1F83G8C2ARO7P', 'UK', '英国', '欧洲', 'UK', '', 'Amazon.co.uk', '', '', 'cm', 'kg', 'GBP', 3, '', '', '', '', '', '', 'Latin1', '', 'eu-west-1'),
	('A1PA6795UKMFR9', 'DE', '德国', '欧洲', 'EU', '', 'Amazon.de', '', '', 'cm', 'kg', 'EUR', 4, '', '', '', '', '', '', 'Latin1', '', 'eu-west-1'),
	('A1RKKUPIHCS9HS', 'ES', '西班牙', '欧洲', 'EU', '', 'Amazon.es', '', '', 'cm', 'kg', 'EUR', 6, '', '', '', '', '', '', 'Latin1', '', 'eu-west-1'),
	('A1VC38T7YXB528', 'JP', '日本', '远东', 'JP', '', 'Amazon.co.jp', '', '', 'cm', 'kg', 'JPY', 8, '', NULL, NULL, NULL, '', '', 'Shift_JIS', '', 'us-west-2'),
	('A21TJRUUN4KGV', 'IN', '印度', '欧洲', 'IN', '', 'Amazon.in', '', '', 'cm', 'kg', 'INR', 10, '', NULL, NULL, '', '', '', 'UTF-8', '', 'eu-west-1'),
	('A2EUQ1WTGCTBG2', 'CA', '加拿大', '北美', 'NA', '', 'Amazon.ca', '', '', 'cm', 'kg', 'CAD', 2, '', NULL, NULL, NULL, '', '', 'UTF-8', '', 'us-east-1'),
	('A2NODRKZP88ZB9', 'SE', '瑞典', '欧洲', 'EU', '', 'Amazon.se', '', '', 'cm', 'kg', 'SEK', 20, NULL, NULL, NULL, NULL, NULL, '', 'UTF-8', '', 'eu-west-1'),
	('A2Q3Y263D00KWC', 'BR', '巴西', '北美', 'BR', '', 'Amazon.com.br', '', '', NULL, NULL, 'BRL', 13, NULL, NULL, NULL, NULL, NULL, '', 'Latin1', '', 'us-east-1'),
	('A2VIGQ35RCS4UG', 'AE', '阿联酋', '欧洲', 'AE', '', 'Amazon.ae', '', '', 'cm', 'kg', 'AED', 14, NULL, NULL, NULL, NULL, '', '', 'Latin1', '', 'eu-west-1'),
	('A33AVAJ2PDY3EV', 'TR', '土耳其', '欧洲', 'EU', '', 'Amazon.com.tr', '', '', NULL, NULL, 'TRY', 15, NULL, NULL, NULL, NULL, '', '', 'Latin1', '', 'eu-west-1'),
	('A39IBJ37TRP1C6', 'AU', '澳大利亚', '远东', 'AU', '	', 'Amazon.com.au', '', '', 'cm', 'kg', 'AUD', 9, '', NULL, NULL, NULL, '', '3484-6862-2072', 'UTF-8', '', 'us-west-2'),
	('AAHKV2X7AFYLW', 'CN', '中国', '远东', 'CN', '', 'Amazon.cn', NULL, '', NULL, NULL, 'CNY', 11, '', NULL, NULL, NULL, NULL, NULL, 'UTF-8', NULL, NULL),
	('APJ6JRA9NG5V4', 'IT', '意大利', '欧洲', 'EU', '', 'Amazon.it', '', '', 'cm', 'kg', 'EUR', 7, '', '', '', 'kuuqastore-21', '', '', 'Latin1', '', 'eu-west-1'),
	('ARBP9OOSHTCHU', 'EG', '埃及', '欧洲', 'EU', '', 'Egypt.souq.com', '', '', NULL, NULL, 'EUR', 18, NULL, NULL, NULL, NULL, NULL, '', 'UTF-8', '', 'eu-west-1'),
	('ATVPDKIKX0DER', 'US', '美国', '北美', 'NA', '', 'Amazon.com', '', '', 'in', 'lb', 'USD', 1, '', '', '', 'Kuuqa20-01', '', '2623-6518-2224', 'Latin1', '', 'us-east-1');
   

-- 正在导出表  db_wimoor.t_outbound_weightformat 的数据：~17 rows (大约)
INSERT IGNORE INTO `t_outbound_weightformat` (`id`, `producttierId`, `isMedia`, `format`) VALUES
	('06b43d85-7257-11ea-b1ed-00e04c023f0e', 'envelope_mx', NULL, 'dim.weight.value+0.075'),
	('06be22bc-7257-11ea-b1ed-00e04c023f0e', 'std_mx', NULL, 'dim.weight.value > 0.5 ? (dim.weight.value > dim.dimensionalWeight.value ? dim.weight.value+0.125 : dim.dimensionalWeight.value+0.125):dim.weight.value+0.075'),
	('06c3d349-7257-11ea-b1ed-00e04c023f0e', 'oversize_mx', NULL, 'dim.weight.value > dim.dimensionalWeight.value ? dim.weight.value+0.5 : dim.dimensionalWeight.value+0.5'),
	('2381f81f-cbd7-11e6-bab5-00e04c023f0e', 'sml_standard_us', b'0', 'dim.weight.value'),
	('2cee3506-cbd8-11e6-bab5-00e04c023f0e', 'large_standard_us', b'0', 'dim.weight.value > dim.dimensionalWeight.value ? dim.weight.value : dim.dimensionalWeight.value'),
	('39800810-cbde-11e6-bab5-00e04c023f0e', 'sml_oversize_us', NULL, 'dim.weight.value > dim.dimensionalWeight.value ? dim.weight.value : dim.dimensionalWeight.value'),
	('4acce981-cbd7-11e6-bab5-00e04c023f0e', 'large_standard_us', b'1', 'dim.weight.value > dim.dimensionalWeight.value ? dim.weight.value : dim.dimensionalWeight.value'),
	('905a6bf4-cbdb-11e6-bab5-00e04c023f0e', 'special_oversize_us', NULL, 'dim.weight.value > dim.dimensionalWeight.value ? dim.weight.value : dim.dimensionalWeight.value'),
	('a8afe768-cbd6-11e6-bab5-00e04c023f0e', 'sml_standard_us', b'1', 'dim.weight.value'),
	('ab19ff7e-cbde-11e6-bab5-00e04c023f0e', 'medium_oversize_us', NULL, 'dim.weight.value > dim.dimensionalWeight.value ? dim.weight.value : dim.dimensionalWeight.value'),
	('b25eadb6-cbde-11e6-bab5-00e04c023f0e', 'large_oversize_us', NULL, 'dim.weight.value > dim.dimensionalWeight.value ? dim.weight.value : dim.dimensionalWeight.value'),
	('ca-1', 'envelope_ca', NULL, 'dim.weight.value > dim.dimensionalWeight.value ? dim.weight.value : dim.dimensionalWeight.value'),
	('ca-2', 'std_ca', NULL, 'dim.weight.value > dim.dimensionalWeight.value ? dim.weight.value : dim.dimensionalWeight.value'),
	('ca-3', 'oversize_sm_ca', NULL, 'dim.weight.value > dim.dimensionalWeight.value ? dim.weight.value : dim.dimensionalWeight.value'),
	('ca-4', 'oversize_mid_ca', NULL, 'dim.weight.value > dim.dimensionalWeight.value ? dim.weight.value : dim.dimensionalWeight.value'),
	('ca-5', 'oversize_lg_ca', NULL, 'dim.weight.value > dim.dimensionalWeight.value ? dim.weight.value : dim.dimensionalWeight.value'),
	('ca-6', 'oversize_special_ca', NULL, 'dim.weight.value > dim.dimensionalWeight.value ? dim.weight.value : dim.dimensionalWeight.value');

-- 正在导出表  db_wimoor.t_parameterconfig 的数据：~29 rows (大约)
INSERT IGNORE INTO `t_parameterconfig` (`id`, `ptype`, `pkey`, `value`, `sortindex`, `description`) VALUES
	(1, 'salesChannel', 'amz_fba', '亚马逊订单、亚马逊配送', 1, '销售渠道及发货方式'),
	(2, 'salesChannel', 'amz_byself', '亚马逊订单、卖家自配送', 2, NULL),
	(3, 'salesChannel', 'unamz_fba', '非亚马逊订单、亚马逊FBA配送', 3, NULL),
	(4, 'sellerplan', 'profession', '专业卖家（全球开店）', 1, '卖家销售计划'),
	(5, 'sellerplan', 'person', '个人卖家', 2, NULL),
	(6, 'shipmentstyle', 'manually', '手动输入', 1, '运费计算'),
	(7, 'shipmentstyle', 'weight', '根据产品重量计算', 2, NULL),
	(8, 'shipmentstyle', 'dim_weight', '根据产品重量与材积重量大者计算', 3, NULL),
	(9, 'logistics_us', 'us_std', 'Domestic Standard', 1, '物流方式'),
	(10, 'logistics_us', 'us_exp', 'Domestic Expedited', 2, NULL),
	(11, 'logistics_us', 'us_int', 'International', 3, NULL),
	(12, 'logistics_uk', 'uk_std', 'Standard Delivery UK', 1, NULL),
	(13, 'logistics_uk', 'uk_exp', 'Express Delivery UK', 2, NULL),
	(14, 'logistics_uk', 'uk_eur', 'European Amazon.co.uk Marketplace countries', 3, NULL),
	(15, 'logistics_uk', 'uk_us', 'US (including US protectorates)', 4, NULL),
	(16, 'logistics_uk', 'uk_rest', 'Rest of World Amazon.co.uk Marketplace countries', 5, NULL),
	(17, 'isfba', 'AMAZON', '亚马逊配送', 1, '配送方式,用于产品本身发货方式上的设定（如，使用自己的仓库则是自配送）'),
	(18, 'isfba', 'DEFAULT', '卖家自配送', 2, NULL),
	(19, 'order_status', 'Pending', 'Pending', 1, NULL),
	(20, 'order_status', 'Unshipped', 'Unshipped', 2, NULL),
	(21, 'order_status', 'Shipped', 'Shipped', 3, NULL),
	(22, 'order_status', 'Cancelled', 'Cancelled', 4, NULL),
	(23, 'order_channel', 'Amazon', '亚马逊配送', 1, '订单的配送方式，'),
	(24, 'order_channel', 'Merchant', '卖家自配送', 2, NULL),
	(25, 'is_business_order', 'true', '企业买家', 1, NULL),
	(26, 'is_business_order', 'false', '个人买家', 2, NULL),
	(27, 'customer', 'supplier', '供应商', 1, NULL),
	(28, 'customer', 'purchaser', '采购商', 2, NULL),
	(29, 'shipmentstyle', 'volume', '根据产品体积计算', 4, NULL);

-- 正在导出表  db_wimoor.t_prepservicefee 的数据：~37 rows (大约)
INSERT IGNORE INTO `t_prepservicefee` (`id`, `category`, `isStandard`, `prepServiceFee`, `country`) VALUES
	(1, 'Fragile/Glass', b'1', 0.70, 'DE'),
	(2, 'Liquids', b'1', 0.45, 'DE'),
	(3, 'Fragile/Glass', b'0', 1.40, 'DE'),
	(4, 'Liquids', b'0', 0.90, 'DE'),
	(5, 'Apparel, Fabric, Plush, and Textiles', b'1', 0.45, 'DE'),
	(6, 'Apparel, Fabric, Plush, and Textiles', b'0', 0.90, 'DE'),
	(7, 'Baby Products', b'1', 0.45, 'DE'),
	(8, 'Baby Products', b'0', 0.90, 'DE'),
	(9, 'Small', b'1', 0.45, 'DE'),
	(10, 'Adult', b'1', 0.90, 'DE'),
	(11, 'Adult', b'0', 1.80, 'DE'),
	(12, 'Fragile/Glass', b'1', 0.80, 'US'),
	(13, 'Fragile/Glass', b'0', 1.60, 'US'),
	(14, 'Liquids', b'1', 0.50, 'US'),
	(15, 'Liquids', b'0', 1.00, 'US'),
	(16, 'Apparel, Fabric, Plush, and Textiles', b'1', 0.50, 'US'),
	(17, 'Apparel, Fabric, Plush, and Textiles', b'0', 1.00, 'US'),
	(18, 'Baby Products', b'1', 0.50, 'US'),
	(19, 'Baby Products', b'0', 1.00, 'US'),
	(20, 'Small', b'1', 0.50, 'US'),
	(21, 'Adult', b'1', 1.00, 'US'),
	(22, 'Adult', b'0', 2.00, 'US'),
	(23, 'Sharp', b'1', 0.80, 'US'),
	(24, 'Sharp', b'0', 1.60, 'US'),
	(25, 'Fragile/Glass', b'1', 0.40, 'UK'),
	(26, 'Fragile/Glass', b'0', 0.80, 'UK'),
	(27, 'Liquids', b'1', 0.25, 'UK'),
	(28, 'Liquids', b'0', 0.50, 'UK'),
	(29, 'Apparel, Fabric, Plush, and Textiles', b'1', 0.25, 'UK'),
	(30, 'Apparel, Fabric, Plush, and Textiles', b'0', 0.50, 'UK'),
	(31, 'Baby Products', b'1', 0.25, 'UK'),
	(32, 'Baby Products', b'0', 0.50, 'UK'),
	(33, 'Small', b'1', 0.25, 'UK'),
	(34, 'Others', b'1', 0.45, 'DE'),
	(35, 'Others', b'0', 0.90, 'DE'),
	(36, 'Others', b'1', 0.25, 'UK'),
	(37, 'Others', b'0', 0.50, 'UK');

-- 正在导出表  db_wimoor.t_productformat 的数据：~82 rows (大约)
INSERT IGNORE INTO `t_productformat` (`id`, `producttierId`, `country`, `format`, `length_unit`, `weight_unit`, `sort`) VALUES
	('0d2260ef-73dc-11ea-b1ed-00e04c023f0e', 'oversize1_jp', 'JP', 'dim.length.value+dim.width.value+dim.height.value <= 60  && dim.weight.value <= 2 ', NULL, NULL, 7),
	('12235', 'sml_light_pl_sml', 'UK,DE,FR,IT,ES,NL,PL,SE', 'dim.length.value <= 35 && dim.width.value <= 25 && dim.height.value <= 12 && dim.weight.value <= 400', 'cm', 'g', 107),
	('123', 'sml_light_env_ext_lg', 'UK,DE,FR,IT,ES,NL,PL,SE', 'dim.length.value <= 33 && dim.width.value <= 23 && dim.height.value <= 6 && dim.weight.value <= 960', 'cm', 'g', 105),
	('1234', 'sml_light_pl_sml', 'UK,DE,FR,IT,ES,NL,PL,SE', 'dim.length.value <= 35 && dim.width.value <= 25 && dim.height.value <= 12 && dim.weight.value <= 150', 'cm', 'g', 106),
	('14709525-73cc-11ea-b1ed-00e04c023f0e', 'std1_jp', 'JP', 'dim.length.value <= 45 && dim.width.value <= 35 && dim.height.value <= 20 && dim.length.value <= 33 && dim.width.value <= 24 && dim.height.value <= 2.8 && dim.weight.value <= 1', NULL, NULL, 2),
	('1902da1b-73dc-11ea-b1ed-00e04c023f0e', 'oversize2_jp', 'JP', 'dim.length.value+dim.width.value+dim.height.value <= 80  && dim.weight.value <= 5 ', NULL, NULL, 8),
	('1a92639e-63be-11e8-a076-00e04c023f0e', 'sml_envelop_au', 'AU', 'dim.length.value <= 23 && dim.width.value <= 15.5 && dim.height.value <= 1 && dim.weight.value <= 0.1', NULL, NULL, 1),
	('21fcd753-c80c-11e6-bab5-00e04c023f0e', 'special_oversize_us', 'US', 'dim.length.value > 108 || (dim.girth.value + dim.length.value) > 165 || (dim.weight.value > dim.dimensionalWeight.value ? dim.weight.value : dim.dimensionalWeight.value) > 150 || string.contains(isMedia,\'2\')', 'in', 'lb', 9),
	('2302f794-73dc-11ea-b1ed-00e04c023f0e', 'oversize3_jp', 'JP', 'dim.length.value+dim.width.value+dim.height.value <= 100  && dim.weight.value <= 10 ', NULL, NULL, 9),
	('27356edf-c763-11e6-bab5-00e04c023f0e', 'sml_oversize_us', 'US', 'dim.length.value <= 60 && dim.width.value <= 30 && (dim.girth.value + dim.length.value) <= 130 && (dim.weight.value > dim.dimensionalWeight.value ? dim.weight.value : dim.dimensionalWeight.value) <= 70 && (string.contains(isMedia,\'0\') || string.contains(isMedia,\'1\'))', 'in', 'lb', 6),
	('2d8079a0-73dc-11ea-b1ed-00e04c023f0e', 'oversize4_jp', 'JP', 'dim.length.value+dim.width.value+dim.height.value <= 120  && dim.weight.value <= 15 ', NULL, NULL, 10),
	('37ee67c2-73dc-11ea-b1ed-00e04c023f0e', 'oversize5_jp', 'JP', 'dim.length.value+dim.width.value+dim.height.value <= 140  && dim.weight.value <= 20 ', NULL, NULL, 11),
	('39446c8c-73cc-11ea-b1ed-00e04c023f0e', 'std2_jp', 'JP', 'dim.length.value <= 45 && dim.width.value <= 35 && dim.height.value <= 20 && dim.length.value+dim.width.value+dim.height.value <= 60  && dim.weight.value <= 2 ', NULL, NULL, 3),
	('3b70696c-c80c-11e6-bab5-00e04c023f0e', 'large_standard_us', 'US', 'dim.length.value <= 18 && dim.width.value <= 14 && dim.height.value <= 8 && string.contains(isMedia,\'0\') && dim.weight.value  <= 1', 'in', 'lb', 3),
	('43310ebc-73dc-11ea-b1ed-00e04c023f0e', 'oversize6_jp', 'JP', 'dim.length.value+dim.width.value+dim.height.value <= 160  && dim.weight.value <= 25 ', NULL, NULL, 12),
	('4411035e-cc0a-11e6-bab5-00e04c023f0e', 'std_stdpkg_box', 'UK,DE,FR,IT,ES,NL,PL,SE,BE', 'dim.length.value <= 33 && dim.width.value <= 23 && dim.height.value <= 2.5 && dim.weight.value <= 0.46', NULL, NULL, 2),
	('478bc744-c762-11e6-bab5-00e04c023f0e', 'large_standard_us', 'US', 'dim.length.value <= 18 && dim.width.value <= 14 && dim.height.value <= 8 && string.contains(isMedia,\'0\') && dim.weight.value > 1 && (dim.weight.value > dim.dimensionalWeight.value ? dim.weight.value : dim.dimensionalWeight.value) <= 20', 'in', 'lb', 4),
	('4a62a5ed-c7e6-11e6-bab5-00e04c023f0e', 'sml_standard_us', 'US', 'dim.length.value <= 15 && dim.width.value <= 12 && dim.height.value <= 0.75 && string.contains(isMedia,\'1\') && dim.weight.value  <= 1', 'in', 'lb', 1),
	('4d827bc7-73dc-11ea-b1ed-00e04c023f0e', 'oversize7_jp', 'JP', 'dim.length.value+dim.width.value+dim.height.value <= 180  && dim.weight.value <= 30 ', NULL, NULL, 13),
	('5016e4a7-73cc-11ea-b1ed-00e04c023f0e', 'std3_jp', 'JP', 'dim.length.value <= 45 && dim.width.value <= 35 && dim.height.value <= 20 && dim.length.value+dim.width.value+dim.height.value <= 80  && dim.weight.value <= 5 ', NULL, NULL, 4),
	('5045fb35-b246-11eb-9957-98039b06df68', 'sml_envelop_ae', 'AE', 'dim.length.value <= 20 && dim.width.value <= 15 && dim.height.value <= 1 && dim.weight.value <= 0.1', 'cm', 'kg', 1),
	('504a69ff-b246-11eb-9957-98039b06df68', 'std_envelop_ae', 'AE', 'dim.length.value <= 33 && dim.width.value <= 23 && dim.height.value <= 2.5 && dim.weight.value <= 0.5', 'cm', 'kg', 2),
	('504d7143-b246-11eb-9957-98039b06df68', 'lg_envelop_ae', 'AE', 'dim.length.value <= 33 && dim.width.value <= 23 && dim.height.value <= 5 && dim.weight.value <= 1', 'cm', 'kg', 3),
	('50503681-b246-11eb-9957-98039b06df68', 'std_parcel_ae', 'AE', 'dim.length.value <= 45 && dim.width.value <= 34 && dim.height.value <= 26 && dim.weight.value <= 12', 'cm', 'kg', 4),
	('5052f2e7-b246-11eb-9957-98039b06df68', 'oversize_ae', 'AE', 'dim.length.value > 45 || dim.width.value > 34 || dim.height.value > 26 || dim.weight.value >= 30', 'cm', 'kg', 5),
	('531cbddf-c7e6-11e6-bab5-00e04c023f0e', 'large_standard_us', 'US', 'dim.length.value <= 18 && dim.width.value <= 14 && dim.height.value <= 8 && string.contains(isMedia,\'1\') && dim.weight.value  <= 20', 'in', 'lb', 5),
	('54ddd4a8-c412-11e6-bab5-00e04c023f0e', 'sml_standard_us', 'US', 'dim.length.value <= 15 && dim.width.value <= 12 && dim.height.value <= 0.75 && string.contains(isMedia,\'0\') && dim.weight.value  <= 1', 'in', 'lb', 2),
	('5932658e-b246-11eb-9957-98039b06df68', 'std_sa', 'SA', 'dim.weight.value <= 12 && dim.length.value <= 45 && dim.width.value <= 34 && dim.height.value <= 26', NULL, NULL, 1),
	('5936fb86-b246-11eb-9957-98039b06df68', 'oversize_sa', 'SA', 'dim.weight.value > 12 || dim.length.value > 45 || dim.width.value > 34 || dim.height.value > 26', NULL, NULL, 2),
	('5a485465-73dc-11ea-b1ed-00e04c023f0e', 'oversize8_jp', 'JP', 'dim.length.value+dim.width.value+dim.height.value <= 200  && dim.weight.value <= 40 ', NULL, NULL, 14),
	('6c166753-73cc-11ea-b1ed-00e04c023f0e', 'std4_jp', 'JP', 'dim.length.value <= 45 && dim.width.value <= 35 && dim.height.value <= 20 && dim.length.value+dim.width.value+dim.height.value <= 100  && dim.weight.value <= 9 ', NULL, NULL, 5),
	('73537674-63d2-11e8-a076-00e04c023f0e', 'lg_envelope_au', 'AU', 'dim.length.value <= 33 && dim.width.value <= 23 && dim.height.value <= 5 && dim.weight.value <= 1 && dim.weight.value > 0.5', NULL, NULL, 3),
	('780db480-a106-11e8-a23f-9cda3ec5dbc1', 'sml_light_env_sml', 'UK,DE,FR,IT,ES,NL,PL,SE', 'dim.length.value <= 20 && dim.width.value <= 15 && dim.height.value <= 1&& dim.weight.value <= 80', 'cm', 'g', 100),
	('78ba6449-c763-11e6-bab5-00e04c023f0e', 'medium_oversize_us', 'US', 'dim.length.value <= 108 && (dim.girth.value + dim.length.value) <= 130 && (dim.weight.value > dim.dimensionalWeight.value ? dim.weight.value : dim.dimensionalWeight.value) <= 150 && (string.contains(isMedia,\'0\') || string.contains(isMedia,\'1\'))', 'in', 'lb', 7),
	('7b8ac222-63d2-11e8-a076-00e04c023f0e', 'std_envelope_au', 'AU', 'dim.length.value <= 33 && dim.width.value <= 23 && dim.height.value <= 2.5 && dim.weight.value <= 0.5', NULL, NULL, 2),
	('86be186e-cc09-11e6-bab5-00e04c023f0e', 'std_smpkg', 'UK,DE,FR,IT,ES,NL,PL,SE,BE', 'dim.length.value <= 20 && dim.width.value <= 15 && dim.height.value <= 1 && dim.weight.value <= 0.08', NULL, NULL, 1),
	('9172ea54-94a3-11e8-899c-00e04c023f0e', 'sml_in', 'IN', 'dim.length.value <= 30.48 && dim.width.value <= 20.32 && dim.height.value <= 10.16 && dim.weight.value <= 1', NULL, NULL, 1),
	('917700cc-94a3-11e8-899c-00e04c023f0e', 'std_in', 'IN', 'dim.length.value <= 50.80 && dim.width.value <= 40.64 && dim.height.value <= 25.40 && dim.weight.value <= 12', NULL, NULL, 2),
	('9179ac20-94a3-11e8-899c-00e04c023f0e', 'oversize_in', 'IN', 'dim.length.value >50.80 || dim.width.value >40.64 || dim.height.value >25.40 || (dim.weight.value >12&&dim.weight.value <= 30)', NULL, NULL, 3),
	('917c5b0d-94a3-11e8-899c-00e04c023f0e', 'oversize_heavy_in', 'IN', 'dim.length.value >50.80 || dim.width.value >40.64 || dim.height.value >25.40 || dim.weight.value > 30', NULL, NULL, 4),
	('946ff4e1-63d2-11e8-a076-00e04c023f0e', 'std_parcel_au', 'AU', 'dim.length.value <= 45 && dim.width.value <= 34 && dim.height.value <= 26 && dim.weight.value <= 12', NULL, NULL, 4),
	('97cbb896-f4bf-11e6-bd71-00e04c023f0e', 'small', 'JP', 'dim.length.value <= 25 && dim.width.value <= 18 && dim.height.value <= 2 && dim.weight.value <= 0.25 ', NULL, NULL, 1),
	('a7591e8c-63d2-11e8-a076-00e04c023f0e', 'sml_oversize_au', 'AU', 'dim.length.value <= 61 && dim.width.value <= 46 && dim.height.value <= 46 && dim.weight.value <= 2', NULL, NULL, 5),
	('a9d0648c-c763-11e6-bab5-00e04c023f0e', 'large_oversize_us', 'US', 'dim.length.value <= 108 && (dim.girth.value + dim.length.value) <= 165 && (dim.weight.value > dim.dimensionalWeight.value ? dim.weight.value : dim.dimensionalWeight.value) <= 150 && (string.contains(isMedia,\'0\') || string.contains(isMedia,\'1\'))', 'in', 'lb', 8),
	('ac3f5762-7251-11ea-b1ed-00e04c023f0e', 'envelope_mx', 'MX', 'dim.length.value <= 38 && dim.width.value <= 27 && dim.height.value <= 2 && dim.weight.value <= 0.5', NULL, NULL, 1),
	('ac40e8c5-7251-11ea-b1ed-00e04c023f0e', 'std_mx', 'MX', 'dim.length.value <= 45 && dim.width.value <= 35 && dim.height.value <= 20 && dim.weight.value <= 9', NULL, NULL, 2),
	('ac422bba-7251-11ea-b1ed-00e04c023f0e', 'oversize_mx', 'MX', 'dim.length.value > 45 || dim.width.value > 35 || dim.height.value > 20 || dim.weight.value > 9', NULL, NULL, 3),
	('aff2e9bf-ccdd-11e6-bab5-00e04c023f0e', 'oversize_lgoverpkg', 'UK,DE,FR,IT,ES,NL,PL,SE,BE', '(dim.length.value <=175) && (dim.weight.value < 31.5 || dim.dimensionalWeight.value > 108)', NULL, NULL, 9),
	('b14fbbac-73dc-11ea-b1ed-00e04c023f0e', 'supersize1_jp', 'JP', 'dim.length.value+dim.width.value+dim.height.value <= 200  && dim.weight.value <= 50 ', NULL, NULL, 15),
	('b88cb5b0-63d2-11e8-a076-00e04c023f0e', 'std_oversize_au', 'AU', 'dim.length.value <= 105 && dim.width.value <= 60 && dim.height.value <= 60 && dim.weight.value <= 22', NULL, NULL, 6),
	('b89b83be-73dc-11ea-b1ed-00e04c023f0e', 'supersize2_jp', 'JP', 'dim.length.value+dim.width.value+dim.height.value <= 220  && dim.weight.value <= 50 ', NULL, NULL, 16),
	('c275791c-73dc-11ea-b1ed-00e04c023f0e', 'supersize3_jp', 'JP', 'dim.length.value+dim.width.value+dim.height.value <= 240  && dim.weight.value <= 50 ', NULL, NULL, 17),
	('c9722733-63d2-11e8-a076-00e04c023f0e', 'lg_oversize_au', 'AU', '(dim.length.value > 105 || dim.width.value > 60 || dim.height.value > 60) || dim.weight.value > 22', NULL, NULL, 7),
	('ca-1', 'envelope_ca', 'CA', 'dim.length.value <= 38 && dim.width.value <= 27 && dim.height.value <= 2 && dim.weight.value <= 0.5', NULL, NULL, 1),
	('ca-2', 'std_ca', 'CA', 'dim.length.value <= 45 && dim.width.value <= 35 && dim.height.value <= 20 && dim.weight.value <= 9', NULL, NULL, 2),
	('ca-3', 'oversize_sm_ca', 'CA', 'dim.length.value <152 && dim.width.value < 76 && dim.height.value < 76 && dim.weight.value < 32  && dim.length.value+dim.width.value*2+dim.height.value*2 <= 330', NULL, NULL, 3),
	('ca-4', 'oversize_mid_ca', 'CA', 'dim.length.value <270 && dim.width.value < 270 && dim.height.value < 270 && dim.weight.value < 68  && dim.length.value+dim.width.value*2+dim.height.value*2 <= 330', NULL, NULL, 4),
	('ca-5', 'oversize_lg_ca', 'CA', 'dim.length.value <270 && dim.width.value < 270 && dim.height.value < 270 && dim.weight.value < 68 && dim.length.value+dim.width.value*2+dim.height.value*2 <= 419', NULL, NULL, 5),
	('ca-6', 'oversize_special_ca', 'CA', 'dim.length.value >270 || dim.length.value+dim.width.value*2+dim.height.value*2 > 419 || dim.weight.value > 68', NULL, NULL, 6),
	('cc7264fb-73dc-11ea-b1ed-00e04c023f0e', 'supersize4_jp', 'JP', 'dim.length.value+dim.width.value+dim.height.value <= 260  && dim.weight.value <= 50 ', NULL, NULL, 18),
	('cdc527c1-a106-11e8-a23f-9cda3ec5dbc1', 'sml_light_env_std', 'UK,DE,FR,IT,ES,NL,PL,SE', 'dim.length.value <= 33 && dim.width.value <= 23 && dim.height.value <= 2.5 && dim.weight.value <= 210', 'cm', 'g', 102),
	('d4b2f0ff-ccdc-11e6-bab5-00e04c023f0e', 'oversize_smoverpkg', 'UK,DE,FR,IT,ES,NL,PL,SE,BE', 'dim.length.value <= 61 && dim.width.value <= 46 && dim.height.value <= 46 && (dim.weight.value <= 1.76  || dim.dimensionalWeight.value < 25.82)', NULL, NULL, 7),
	('ee9829e5-3bb0-11ec-9957-98039b06df68', 'sml_light_env_std', 'UK,DE,FR,IT,ES,NL,PL,SE', 'dim.length.value <= 33 && dim.width.value <= 23 && dim.height.value <= 2.5 && dim.weight.value <= 60', 'cm', 'g', 101),
	('eea6b17b-3bac-11ec-9957-98039b06df68', 'sml_light_env_lg', 'UK,DE,FR,IT,ES,NL,PL,SE', 'dim.length.value <= 33 && dim.width.value <= 23 && dim.height.value <= 4 && dim.weight.value <= 960', 'cm', 'g', 104),
	('extra_large_envelope_960_g_uk', 'std_overlgpkg', 'UK,DE,FR,IT,ES,NL,PL,SE,BE', 'dim.length.value <= 33 && dim.width.value <= 23 && dim.height.value <= 6 && dim.weight.value <= 0.96', NULL, NULL, 4),
	('f6b5f04f-ccdc-11e6-bab5-00e04c023f0e', 'oversize_stdoverpkg', 'UK,DE,FR,IT,ES,NL,PL,SE,BE', '(dim.length.value <= 120 && dim.width.value <= 60 && dim.height.value <= 60)  && (dim.weight.value <= 29.76 || dim.dimensionalWeight.value < 86.4)', NULL, NULL, 8),
	('fbecf3bf-8fbe-11ec-9957-98039b06df68', 'large_light_us', 'US', 'dim.length.value <= 18 && dim.width.value <= 14 && dim.height.value <= 8 && dim.weight.value <= 48', 'in', 'oz', 101),
	('fd453270-a103-11e8-a23f-9cda3ec5dbc1', 'sml_light_us', 'US', 'dim.length.value <= 15 && dim.width.value <= 12 && dim.height.value <= 0.75 && dim.weight.value <= 16', 'in', 'oz', 100),
	('large_envelope_960_g_uk', 'std_lgpkg', 'UK,DE,FR,IT,ES,NL,PL,SE,BE', 'dim.length.value <= 33 && dim.width.value <= 23 && dim.height.value <= 4 && dim.weight.value <= 0.96', NULL, NULL, 3),
	('lg_envelop_tr', 'lg_envelop_tr', 'TR', 'dim.length.value <= 33 && dim.width.value <= 23 && dim.height.value < 5 && dim.weight.value <= 1000', 'cm', 'g', 3),
	('lg_oversize_tr', 'lg_oversize_tr', 'TR', '(dim.length.value >120 || dim.width.value > 60 || dim.height.value > 60) && dim.weight.value <= 30000', 'cm', 'g', 6),
	('lg_size_tr', 'lg_size_tr', 'TR', 'dim.length.value <=61  && dim.width.value <= 46 && dim.height.value <= 46 && dim.weight.value <= 4000', 'cm', 'g', 4),
	('oversize_spoverpkg_uk', 'oversize_spoverpkg', 'UK,DE,FR,IT,ES,NL,PL,SE,BE', 'dim.length.value > 175 ||  (dim.length.value + dim.length.value*2 + dim.width.value*2) > 360 || dim.weight.value >31.5', NULL, NULL, 10),
	('small_parcel_uk', 'std_smpl', 'UK,DE,FR,IT,ES,NL,PL,SE,BE', 'dim.length.value < 35 && dim.width.value < 25 && dim.height.value < 12 && (dim.weight.value <= 3.9 || dim.dimensionalWeight.value < 3.9)', NULL, NULL, 5),
	('sml_envelop_tr', 'sml_envelop_tr', 'TR', 'dim.length.value <= 20 && dim.width.value <= 15 && dim.height.value <= 1', 'cm', 'g', 1),
	('sml_light_env_std_3', 'sml_light_env_std', 'UK,DE,FR,IT,ES,NL,PL,SE', 'dim.length.value <= 33 && dim.width.value <= 23 && dim.height.value <= 2.5 && dim.weight.value <= 460', 'cm', 'g', 103),
	('sml_light_jp_1000', 'sml_light_jp_1000', 'JP', 'dim.length.value <= 35 && dim.width.value <= 30 && dim.height.value <= 3.3 && dim.weight.value <= 1000', 'cm', 'g', 102),
	('sml_light_jp_250', 'sml_light_jp_250', 'JP', 'dim.length.value <= 25 && dim.width.value <= 18 && dim.height.value <= 2 && dim.weight.value <= 250', 'cm', 'g', 101),
	('standard_parcel_uk', 'std_stdpkg', 'UK,DE,FR,IT,ES,NL,PL,SE,BE', 'dim.length.value <= 45 && dim.width.value <= 34 && dim.height.value <= 26 && (dim.weight.value <= 11.9 || dim.dimensionalWeight.value < 11.90)', NULL, NULL, 6),
	('std_envelop_tr', 'std_envelop_tr', 'TR', 'dim.length.value <= 33 && dim.width.value <= 23 && dim.height.value < 2.5 && dim.weight.value <= 500', 'cm', 'g', 2),
	('std_oversize_tr', 'std_oversize_tr', 'TR', 'dim.length.value <=120  && dim.width.value <= 60 && dim.height.value <= 60 && dim.weight.value <= 30000', 'cm', 'g', 5),
	('std_pkg_tr', 'std_pkg_tr', 'TR', 'dim.length.value <=45 && dim.width.value <= 34 && dim.height.value <= 26 && dim.weight.value <= 12000', 'cm', 'g', 4);

-- 正在导出表  db_wimoor.t_producttier 的数据：~76 rows (大约)
INSERT IGNORE INTO `t_producttier` (`id`, `name`, `isStandard`, `country`, `box_weight`, `amz_name`) VALUES
	('envelope_ca', 'Envelope', b'1', 'CA', 0.0000, NULL),
	('envelope_mx', 'Envelope', b'1', 'MX', 0.0000, NULL),
	('large_light_us', '轻小 Large standard', b'1', 'US', 0.0000, 'SL Large standard'),
	('large_oversize_us', '标准 Large Oversize', b'0', 'US', 0.0000, 'Lg-Oversize'),
	('large_standard_us', '标准 Large Standard-Size', b'1', 'US', 0.0000, 'Lg-Std'),
	('lg_envelope_au', 'Large Envelope', b'1', 'AU', 0.0000, 'Lg-Env'),
	('lg_envelop_ae', 'Large Envelope', b'1', 'AE', 0.0000, 'Lg-Env'),
	('lg_envelop_tr', 'standard package', b'0', 'TR', 0.0000, 'Lg-Env'),
	('lg_oversize_au', 'Large Oversize', b'0', 'AU', 0.0000, 'Lg-Oversize'),
	('lg_oversize_tr', 'small envelope', b'0', 'TR', 0.0000, 'Lg-OverSize'),
	('lg_size_tr', 'small envelope', b'0', 'TR', 0.0000, 'Lg-Size'),
	('medium_oversize_us', '标准 Medium Oversize', b'0', 'US', 0.0000, 'Medium-Oversize'),
	('oversize1_jp', 'Oversize-1', b'0', 'JP', 0.0000, NULL),
	('oversize2_jp', 'Oversize-2', b'0', 'JP', 0.0000, NULL),
	('oversize3_jp', 'Oversize-3', b'0', 'JP', 0.0000, NULL),
	('oversize4_jp', 'Oversize-4', b'0', 'JP', 0.0000, NULL),
	('oversize5_jp', 'Oversize-5', b'0', 'JP', 0.0000, NULL),
	('oversize6_jp', 'Oversize-6', b'0', 'JP', 0.0000, NULL),
	('oversize7_jp', 'Oversize-7', b'0', 'JP', 0.0000, NULL),
	('oversize8_jp', 'Oversize-8', b'0', 'JP', 0.0000, NULL),
	('oversize_ae', 'Oversize', b'0', 'AE', 0.0000, 'Oversize'),
	('oversize_heavy_in', 'Oversize Heavy and Bulky', b'0', 'IN', 0.0000, NULL),
	('oversize_in', 'Oversize', b'0', 'IN', 0.0000, NULL),
	('oversize_lgoverpkg', '标准 Large Oversize', b'0', 'UK,DE,FR,IT,ES,NL,PL,SE,BE', 0.0000, 'Lg-Oversize'),
	('oversize_lg_ca', 'Oversize-large', b'0', 'CA', 0.0000, NULL),
	('oversize_mid_ca', 'Oversize mid', b'0', 'CA', 0.0000, NULL),
	('oversize_mx', 'Oversize', b'0', 'MX', 0.0000, NULL),
	('oversize_sa', 'Oversize', b'0', 'SA', 0.0000, NULL),
	('oversize_smoverpkg', '标准 Small Oversize', b'1', 'UK,DE,FR,IT,ES,NL,PL,SE,BE', 0.0000, 'Sm-Oversize'),
	('oversize_sm_ca', 'Oversize-Small', b'0', 'CA', 0.0000, NULL),
	('oversize_special_ca', 'Special Oversize', b'0', 'CA', 0.0000, NULL),
	('oversize_spoverpkg', '标准 Special Oversize', b'0', 'UK,DE,FR,IT,ES,NL,PL,SE,BE', 0.0000, 'Sp-Oversize'),
	('oversize_stdoverpkg', '标准 Standard Oversize', b'0', 'UK,DE,FR,IT,ES,NL,PL,SE,BE', 0.0000, 'Std-Oversize'),
	('small', 'Small', b'1', 'JP', 0.0000, NULL),
	('sml_envelop_ae', 'Small Envelope', b'1', 'AE', 0.0000, 'Sm-Env'),
	('sml_envelop_au', 'Small Envelope', b'1', 'AU', 0.0000, 'Sm-Env'),
	('sml_envelop_tr', 'small envelope', b'0', 'TR', 0.0000, 'Sm-Env'),
	('sml_in', 'Small Size', b'1', 'IN', 0.0000, NULL),
	('sml_light_env_ext_lg', '轻小 Extra Large Envelope', b'1', 'UK,DE,FR,IT,ES,NL,PL,SE', 0.0000, 'SL-Ext-Lg-Env'),
	('sml_light_env_lg', '轻小 Large Envelope', b'1', 'UK,DE,FR,IT,ES,NL,PL,SE', 0.0000, 'SL-Lg-Env'),
	('sml_light_env_sml', '轻小 Small Envelope', b'1', 'UK,DE,FR,IT,ES,NL,PL,SE', 0.0000, 'SL-Env'),
	('sml_light_env_std', '轻小 Standard Envelope', b'1', 'UK,DE,FR,IT,ES,NL,PL,SE', 0.0000, 'SL-Std-Env'),
	('sml_light_jp_1000', 'Small and Light 1000', b'1', 'JP', 0.0000, 'Small and Light'),
	('sml_light_jp_250', 'Small and Light 250', b'1', 'JP', 0.0000, 'Small and Light'),
	('sml_light_pl_sml', '轻小 Small Parcel', b'1', 'UK,DE,FR,IT,ES,NL,PL,SE', 0.0000, 'Sm-Pl'),
	('sml_light_us', '轻小 Small standard', b'1', 'US', 0.0000, 'Small and Light'),
	('sml_oversize_au', 'Small Oversize', b'0', 'AU', 0.0000, 'Sm-Oversize'),
	('sml_oversize_us', '标准 Small Oversize', b'0', 'US', 0.0000, 'Sm-Oversize'),
	('sml_standard_us', '标准 Small Standard-Size', b'1', 'US', 0.0000, 'Sm-Std'),
	('special_oversize_us', '标准 Special Oversize', b'0', 'US', 0.0000, 'Special-Oversize'),
	('std1_jp', 'Standard-1', b'1', 'JP', 0.0000, NULL),
	('std2_jp', 'Standard-2', b'1', 'JP', 0.0000, NULL),
	('std3_jp', 'Standard-3', b'1', 'JP', 0.0000, NULL),
	('std4_jp', 'Standard-4', b'1', 'JP', 0.0000, NULL),
	('std_ca', 'Standard-Size', b'1', 'CA', 0.0000, NULL),
	('std_envelope_au', 'Standard Envelope', b'1', 'AU', 0.0000, 'Std-Env'),
	('std_envelop_ae', 'Standard Envelope', b'1', 'AE', 0.0000, 'Std-Env'),
	('std_envelop_tr', 'standard package', b'0', 'TR', 0.0000, 'Std-Env'),
	('std_in', 'Standard Size', b'1', 'IN', 0.0000, NULL),
	('std_lgpkg', '标准 Large Envelope', b'1', 'UK,DE,FR,IT,ES,NL,PL,SE,BE', 0.0000, 'Lg-Env'),
	('std_mx', 'Standard Size', b'1', 'MX', 0.0000, NULL),
	('std_overlgpkg', '标准 Extra Large Envelope', b'1', 'UK,DE,FR,IT,ES,NL,PL,SE,BE', 0.0000, 'Ext-Std-Env'),
	('std_oversize_au', 'Standard Oversize', b'0', 'AU', 0.0000, 'Std-Oversize'),
	('std_oversize_tr', 'small envelope', b'0', 'TR', 0.0000, 'Std-OverSize'),
	('std_parcel_ae', 'Standard Parcel', b'1', 'AE', 0.0000, 'Std-Parcel'),
	('std_parcel_au', 'Standard parcel', b'1', 'AU', 0.0000, 'Std-Parcel'),
	('std_pkg_tr', 'standard large size', b'0', 'TR', 0.0000, 'Std_Pkg'),
	('std_sa', 'Standard Size', b'1', 'SA', 0.0000, NULL),
	('std_smpkg', '标准 Small Envelope', b'1', 'UK,DE,FR,IT,ES,NL,PL,SE,BE', 0.0000, 'Sm-Env'),
	('std_smpl', '标准 Small  Parcel', b'1', 'UK,DE,FR,IT,ES,NL,PL,SE,BE', 0.0000, 'Sm-Parcel'),
	('std_stdpkg', '标准 Standard Parcel', b'1', 'UK,DE,FR,IT,ES,NL,PL,SE,BE', 0.0000, 'Std-Parcel'),
	('std_stdpkg_box', '标准 Standard Envelope', b'1', 'UK,DE,FR,IT,ES,NL,PL,SE,BE', 0.0000, 'Std-Env'),
	('supersize1_jp', 'Supersize-1', b'0', 'JP', 0.0000, NULL),
	('supersize2_jp', 'Supersize-2', b'0', 'JP', 0.0000, NULL),
	('supersize3_jp', 'Supersize-3', b'0', 'JP', 0.0000, NULL),
	('supersize4_jp', 'Supersize-4', b'0', 'JP', 0.0000, NULL);

-- 正在导出表  db_wimoor.t_product_category 的数据：~0 rows (大约)
 
-- 正在导出表  db_wimoor.t_product_usercategory 的数据：~0 rows (大约)

-- 正在导出表  db_wimoor.t_profitcfg 的数据：~2 rows (大约)
INSERT IGNORE INTO `t_profitcfg` (`id`, `shop_id`, `isSystem`, `name`, `sales_channel`, `sellerPlan`, `shipmentStyle`, `isDefault`, `opttime`, `createtime`, `operator`, `creator`, `isdelete`, `oldid`) VALUES
	(26138972982277800, NULL, b'1', '系统默认利润计算方案', 'amz_fba', 'profession', 'manually', b'0', '2016-11-15 10:40:54', NULL, NULL, NULL, b'0', '89dffd39-babf-11e6-bab5-00e04c023f0e'),
	(100407052731422685, 1681961902624497666, b'0', '测试', 'amz_byself', 'profession', 'weight', b'1', '2023-07-25 20:08:47', NULL, 1681961902624497665, NULL, b'0', NULL);

-- 正在导出表  db_wimoor.t_profitcfgcountry 的数据：~35 rows (大约)
INSERT IGNORE INTO `t_profitcfgcountry` (`id`, `profitid`, `country`, `constantw`, `constantd`, `constantm`, `fba_month`, `storagefee`, `taxRate`, `lostRate`, `sellerRate`, `otherfee`, `costRate`, `logistics`, `subscriptionfee`, `prepservice`, `labelService`, `manualProcessing`, `unprepservice`, `invplacefee`, `promotion`, `amonth`, `hasAddedSite`, `warehouse_site`, `dispatch_type`, `vat_rate`, `fba_taxes`, `hasDeclaredValue`, `declared_value`, `gst_rate`, `selling_GSTRate`, `corporate_InRate`) VALUES
	(26138972982978588, 26138972982277800, 'ES', 25.00, 5000.00, 25.00, 1, 26.000, 0.00, 0.00, 0.00, 0.00, 0.00, NULL, 0.00, b'0', b'0', 0.00, 0.00, NULL, 0.00, 1, b'0', 'uk', 'EFN', 21.00, 0.00, b'0', 0.0000, 0.00, 0.00, 0.00),
	(26138972982978637, 26138972982277800, 'FR', 25.00, 5000.00, 25.00, 1, 26.000, 0.00, 0.00, 0.00, 0.00, 0.00, NULL, 0.00, b'0', b'0', 0.00, 0.00, NULL, 0.00, 1, b'0', 'uk', 'EFN', 20.00, 0.00, b'0', 0.0000, 0.00, 0.00, 0.00),
	(26138972982978661, 26138972982277800, 'US', 40.00, 5000.00, 40.00, 12, 0.720, 0.00, 1.00, 0.00, 0.00, 0.00, 'us_std', 39.90, b'0', b'0', 0.00, 0.00, 'one', 0.00, 1, b'0', 'uk', NULL, 0.00, 0.00, b'0', 0.0000, 0.00, 0.00, 0.00),
	(26138972982978690, 26138972982277800, 'IN', 40.00, 5000.00, 40.00, 1, 20.000, 25.00, 0.00, 0.00, 0.00, 0.00, NULL, NULL, b'0', b'0', 0.00, 0.00, NULL, 0.00, 1, b'0', 'uk', NULL, 0.00, 18.00, b'0', 0.0000, 18.00, 18.00, 31.00),
	(26138972982978707, 26138972982277800, 'UK', 25.00, 5000.00, 25.00, 1, 0.650, 0.00, 0.00, 0.00, 0.00, 0.00, 'uk_std', 0.00, b'0', b'0', 0.00, 0.00, NULL, 0.00, 1, b'0', 'uk', 'PAN_EU', 20.00, 0.00, b'0', 0.0000, 0.00, 0.00, 0.00),
	(26138972982978721, 26138972982277800, 'AU', 40.00, 5000.00, 40.00, 1, 19.400, 0.00, 0.00, 0.00, 0.00, 0.00, NULL, NULL, b'0', b'0', 0.00, 0.00, NULL, 0.00, 1, b'0', 'uk', NULL, 0.00, 0.00, b'0', 0.0000, 0.00, 0.00, 0.00),
	(26138972982978729, 26138972982277800, 'CA', 40.00, 5000.00, 40.00, 1, 20.000, 0.00, 0.00, 0.00, 0.00, 0.00, NULL, NULL, b'0', b'0', 0.00, 0.00, NULL, 0.00, 1, b'0', 'uk', NULL, 0.00, 13.00, b'0', 0.0000, 0.00, 0.00, 0.00),
	(26138972982978736, 26138972982277800, 'DE', 25.00, 5000.00, 25.00, 1, 26.000, 0.00, 0.00, 0.00, 0.00, 0.00, NULL, 0.00, b'0', b'0', 0.00, 0.00, NULL, 0.00, 1, b'0', 'uk', 'EFN', 19.00, 0.00, b'0', 0.0000, 0.00, 0.00, 0.00),
	(26138972982978747, 26138972982277800, 'JP', 40.00, 5000.00, 40.00, NULL, 5.160, 0.00, 0.00, 0.00, 0.00, 0.00, NULL, NULL, b'0', b'0', 0.00, 0.00, 'uncalculate', 0.00, 1, b'0', 'uk', NULL, 0.00, 0.00, b'0', 0.0000, 0.00, 0.00, 0.00),
	(26138972982979056, 26138972982277800, 'IT', 25.00, 5000.00, 25.00, 1, 26.000, 0.00, 0.00, 0.00, 0.00, 0.00, NULL, 0.00, b'0', b'0', 0.00, 0.00, NULL, 0.00, 1, b'0', 'uk', 'EFN', 22.00, 0.00, b'0', 0.0000, 0.00, 0.00, 0.00),
	(99189297030105889, 26138972982277800, 'AE', 40.00, 5000.00, 40.00, 1, 2.000, 0.00, 0.00, 0.00, 0.00, 0.00, NULL, NULL, b'0', b'0', 0.00, 0.00, NULL, 0.00, 1, b'0', 'uk', NULL, 5.00, 0.00, b'0', 0.0000, 0.00, 0.00, 0.00),
	(99229840883843378, 26138972982277800, 'SA', 25.00, 5000.00, 60.00, 1, 3.000, 1.00, 1.00, 0.00, 0.00, 0.00, 'uk_std', 0.00, b'0', b'0', 0.00, 0.00, NULL, 0.00, 1, b'0', 'de', 'EFN', 5.00, 0.00, b'0', 0.0000, 0.00, 0.00, 0.00),
	(100407052731422686, 100407052731422685, 'US', 70.00, 5000.00, 30.00, 1, 0.720, 1.00, 1.00, 0.00, 3.00, 0.00, 'us_std', 0.00, b'0', b'0', 0.00, 0.00, 'uncalculate', 0.00, 2, b'0', 'uk', NULL, 0.00, 0.00, b'0', 0.0000, 0.00, 0.00, 0.00),
	(100407052731422687, 100407052731422685, 'UK', 80.00, 5000.00, 35.00, 1, 0.650, 0.00, 1.00, 0.00, 1.80, 0.00, 'uk_std', 0.00, b'0', b'0', 0.00, 0.00, NULL, 0.00, 1, b'0', 'uk', 'PAN_EU', 20.00, 0.00, b'0', 0.0000, 0.00, 0.00, 0.00),
	(100407052731422689, 100407052731422685, 'DE', 80.00, 5000.00, 35.00, 1, 0.650, 0.00, 1.00, 0.00, 3.00, 0.00, 'uk_std', 0.00, b'0', b'0', 0.00, 0.00, NULL, 0.00, 1, b'0', 'uk', 'EFN', 20.00, 0.00, b'0', 0.0000, 0.00, 0.00, 0.00),
	(100407052731422691, 100407052731422685, 'IT', 80.00, 5000.00, 35.00, 1, 0.650, 0.00, 1.00, 0.00, 3.00, 0.00, 'uk_std', 0.00, b'0', b'0', 0.00, 0.00, NULL, 0.00, 1, b'0', 'uk', 'EFN', 21.00, 0.00, b'0', 0.0000, 0.00, 0.00, 0.00),
	(100407052731422693, 100407052731422685, 'FR', 80.00, 5000.00, 35.00, 1, 0.650, 0.00, 1.00, 0.00, 3.00, 0.00, 'uk_std', 0.00, b'0', b'0', 0.00, 0.00, NULL, 0.00, 1, b'0', 'uk', 'EFN', 20.00, 0.00, b'0', 0.0000, 0.00, 0.00, 0.00),
	(100407052731422695, 100407052731422685, 'ES', 80.00, 5000.00, 35.00, 1, 0.650, 0.00, 1.00, 0.00, 3.00, 0.00, 'uk_std', 0.00, b'0', b'0', 0.00, 0.00, NULL, 0.00, 1, b'0', 'uk', 'EFN', 19.00, 0.00, b'0', 0.0000, 0.00, 0.00, 0.00),
	(100407052731422697, 100407052731422685, 'NL', 80.00, 5000.00, 35.00, 1, 0.650, 0.00, 1.00, 0.00, 3.00, 0.00, 'uk_std', 0.00, b'0', b'0', 0.00, 0.00, NULL, 0.00, 1, b'0', 'uk', 'EFN', 0.00, 0.00, b'0', 0.0000, 0.00, 0.00, 0.00),
	(100407052731422699, 100407052731422685, 'BE', 80.00, 5000.00, 35.00, 1, 0.650, 0.00, 1.00, 0.00, 3.00, 0.00, 'uk_std', 0.00, b'0', b'0', 0.00, 0.00, NULL, 0.00, 1, b'0', 'uk', 'EFN', 0.00, 0.00, b'0', 0.0000, 0.00, 0.00, 0.00),
	(100407052731422701, 100407052731422685, 'PL', 80.00, 5000.00, 35.00, 1, 0.650, 0.00, 1.00, 0.00, 3.00, 0.00, 'uk_std', 0.00, b'0', b'0', 0.00, 0.00, NULL, 0.00, 1, b'0', 'uk', 'EFN', 0.00, 0.00, b'0', 0.0000, 0.00, 0.00, 0.00),
	(100407052731422703, 100407052731422685, 'SE', 80.00, 5000.00, 35.00, 1, 0.650, 0.00, 1.00, 0.00, 3.00, 0.00, 'uk_std', 0.00, b'0', b'0', 0.00, 0.00, NULL, 0.00, 1, b'0', 'uk', 'EFN', 0.00, 0.00, b'0', 0.0000, 0.00, 0.00, 0.00),
	(100407052731422704, 100407052731422685, 'JP', 0.00, 5000.00, 26.00, 0, 5.160, 1.00, 1.00, 0.00, 0.00, 1.00, NULL, 0.00, b'0', b'0', 0.00, 0.00, 'uncalculate', 0.00, 1, b'0', 'uk', NULL, 0.00, 0.00, b'0', 0.0000, 0.00, 0.00, 0.00),
	(100407052731422705, 100407052731422685, 'CA', 40.00, 5000.00, 35.00, 1, 20.000, 1.00, 1.00, 1.00, 0.00, 0.00, NULL, 0.00, b'0', b'0', 0.00, 0.00, NULL, 0.00, 1, b'0', 'uk', NULL, 0.00, 13.00, b'0', 0.0000, 0.00, 0.00, 0.00),
	(100407052731422706, 100407052731422685, 'AU', 40.00, 5000.00, 40.00, 1, 19.400, 1.00, 1.00, 0.00, 0.00, 8.00, NULL, 0.00, b'0', b'0', 0.00, 0.00, NULL, 0.00, 1, b'0', 'uk', NULL, 0.00, 0.00, b'0', 0.0000, 0.00, 0.00, 0.00),
	(100407052731422707, 100407052731422685, 'IN', 40.00, 5000.00, 33.00, 1, 20.000, 25.00, 1.00, 0.00, 0.00, 3.00, NULL, 0.00, b'0', b'0', 0.00, 0.00, NULL, 0.00, 1, b'0', 'uk', NULL, 0.00, 1.00, b'0', 0.0000, 1.00, 18.00, 29.00),
	(100407052731422708, 100407052731422685, 'MX', 40.00, 5000.00, 40.00, 1, 0.310, 0.00, 0.00, 0.00, 0.00, 0.00, NULL, 0.00, b'0', b'0', 0.00, 0.00, NULL, 0.00, 1, b'0', 'uk', NULL, 0.00, 0.00, b'0', 0.0000, 0.00, 0.00, 0.00),
	(100407052731422709, 100407052731422685, 'AE', 40.00, 5000.00, 40.00, 1, 2.000, 0.00, 0.00, 0.00, 0.00, 0.00, NULL, 0.00, b'0', b'0', 0.00, 0.00, NULL, 0.00, 1, b'0', 'uk', NULL, 0.00, 0.00, b'0', 0.0000, 0.00, 0.00, 0.00),
	(100407052731422710, 100407052731422685, 'SA', 40.00, 5000.00, 40.00, 1, 3.000, 0.00, 0.00, 0.00, 0.00, 0.00, NULL, 0.00, b'0', b'0', 0.00, 0.00, NULL, 0.00, 1, b'0', 'uk', NULL, 0.00, 0.00, b'0', 0.0000, 0.00, 0.00, 0.00),
	(261389729829786376, 26138972982277800, 'BE', 25.00, 5000.00, 25.00, 1, 26.000, 0.00, 0.00, 0.00, 0.00, 0.00, NULL, 0.00, b'0', b'0', 0.00, 0.00, NULL, 0.00, 1, b'0', 'uk', 'EFN', 20.00, 0.00, b'0', 0.0000, 0.00, 0.00, 0.00),
	(4638381735658354638, 26138972982277800, 'NL', 25.00, 5000.00, 25.00, 1, 26.000, 0.00, 0.00, 0.00, 0.00, 0.00, NULL, 0.00, b'0', b'0', 0.00, 0.00, NULL, 0.00, 1, b'0', 'uk', 'EFN', 21.00, 0.00, b'0', 0.0000, 0.00, 0.00, 0.00),
	(11988530289377170273, 26138972982277800, 'PL', 25.00, 5000.00, 25.00, 1, 26.000, 0.00, 0.00, 0.00, 0.00, 0.00, NULL, 0.00, b'0', b'0', 0.00, 0.00, NULL, 0.00, 1, b'0', 'uk', 'EFN', 23.00, 0.00, b'0', 0.0000, 0.00, 0.00, 0.00),
	(11988530289377171056, 26138972982277800, 'SE', 25.00, 5000.00, 25.00, 1, 26.000, 0.00, 0.00, 0.00, 0.00, 0.00, NULL, 0.00, b'0', b'0', 0.00, 0.00, NULL, 0.00, 1, b'0', 'uk', 'EFN', 25.00, 0.00, b'0', 0.0000, 0.00, 0.00, 0.00),
	(11988530290035918306, 26138972982277800, 'TR', 40.00, 5000.00, 40.00, 1, 0.310, 0.00, 0.00, 0.00, 0.00, 0.00, NULL, NULL, b'0', b'0', 0.00, 0.00, NULL, 0.00, 1, b'0', 'uk', 'EFN', 0.00, 0.00, b'0', 0.0000, 0.00, 0.00, 0.00),
	(17392024503510453313, 26138972982277800, 'MX', 40.00, 5000.00, 40.00, 1, 0.310, 0.00, 0.00, 0.00, 0.00, 0.00, NULL, NULL, b'0', b'0', 0.00, 0.00, NULL, 0.00, 1, b'0', 'uk', NULL, 0.00, 0.00, b'0', 0.0000, 0.00, 0.00, 0.00);

-- 正在导出表  db_wimoor.t_pro_rcd_dimensions 的数据：~0 rows (大约)

-- 正在导出表  db_wimoor.t_referralfee 的数据：~661 rows (大约)
INSERT IGNORE INTO `t_referralfee` (`id`, `type`, `isMedia`, `name`, `loweast`, `top1`, `top2`, `top3`, `percent1`, `percent2`, `percent3`, `country`, `parent_id`) VALUES
	(1, '3D Printed Products', '0', NULL, 0.300000, NULL, NULL, NULL, 0.120000, NULL, NULL, 'US', NULL),
	(2, 'Amazon Device Accessories', '0', NULL, 0.300000, NULL, NULL, NULL, 0.450000, NULL, NULL, 'US', NULL),
	(3, 'Amazon Kindle', '0', NULL, 0.000000, NULL, NULL, NULL, 0.150000, NULL, NULL, 'US', NULL),
	(4, 'Automotive & Powersports (excluding Tires and Wheels Products)', '0', NULL, 0.300000, NULL, NULL, NULL, 0.120000, NULL, NULL, 'US', NULL),
	(5, 'Tires and Wheels Products', '0', NULL, 0.300000, NULL, NULL, NULL, 0.100000, NULL, NULL, 'US', NULL),
	(6, 'Baby Products (excluding Baby Apparel)', '0', NULL, 0.300000, 10.000000, NULL, NULL, 0.080000, 0.150000, NULL, 'US', NULL),
	(7, 'Beauty', '0', NULL, 0.300000, 10.000000, NULL, NULL, 0.080000, 0.150000, NULL, 'US', NULL),
	(8, 'Books', '1', NULL, 0.000000, NULL, NULL, NULL, 0.150000, NULL, NULL, 'US', NULL),
	(9, 'Camera and Photo', '0', NULL, 0.300000, NULL, NULL, NULL, 0.080000, NULL, NULL, 'US', NULL),
	(10, 'CellPhone Devices', '0', NULL, 0.300000, NULL, NULL, NULL, 0.080000, NULL, NULL, 'US', NULL),
	(11, 'Clothing & Accessories', '0', NULL, 0.300000, NULL, NULL, NULL, 0.170000, NULL, NULL, 'US', NULL),
	(12, 'Collectible Coins', '0', NULL, 0.300000, 250.000000, 1000.000000, NULL, 0.150000, 0.100000, 0.060000, 'US', NULL),
	(13, 'Consumer Electronics', '0', NULL, 0.300000, NULL, NULL, NULL, 0.080000, NULL, NULL, 'US', NULL),
	(14, 'Electronics Accessories', '0', NULL, 0.300000, 100.000000, NULL, NULL, 0.150000, 0.080000, NULL, 'US', NULL),
	(15, 'Entertainment Collectibles', '0', NULL, 0.000000, 100.000000, 1000.000000, NULL, 0.200000, 0.100000, 0.060000, 'US', NULL),
	(16, 'Furniture & Decor', '0', NULL, 0.300000, 200.000000, NULL, NULL, 0.150000, 0.100000, NULL, 'US', NULL),
	(17, 'Health & Personal Care', '0', 'gt', 0.300000, 10.000000, NULL, NULL, 0.080000, 0.150000, NULL, 'US', NULL),
	(18, 'Home & Garden (including Pet Supplies)', '0', NULL, 0.300000, NULL, NULL, NULL, 0.150000, NULL, NULL, 'US', NULL),
	(19, 'Independent Design', '0', NULL, 0.300000, NULL, NULL, NULL, 0.150000, NULL, NULL, 'US', NULL),
	(20, 'Industrial & Scientific (including Food Service and Janitorial & Sanitation)', '0', NULL, 0.300000, NULL, NULL, NULL, 0.120000, NULL, NULL, 'US', NULL),
	(21, 'Fashion Jewellery , Jewelry', '0', NULL, 0.300000, 250.000000, NULL, NULL, 0.200000, 5.000000, NULL, 'US', NULL),
	(22, 'Kitchen', '0', NULL, 0.300000, NULL, NULL, NULL, 0.150000, NULL, NULL, 'US', NULL),
	(23, 'Luggage & Travel Accessories', '0', NULL, 0.300000, NULL, NULL, NULL, 0.150000, NULL, NULL, 'US', NULL),
	(24, 'Major Appliances(Large Appliances)', '0', NULL, 0.300000, 300.000000, NULL, NULL, 0.150000, 0.080000, NULL, 'US', NULL),
	(26, 'Musical instruments', '0', NULL, 0.300000, NULL, NULL, NULL, 0.150000, NULL, NULL, 'US', NULL),
	(27, 'Office Products', '0', NULL, 0.300000, NULL, NULL, NULL, 0.150000, NULL, NULL, 'US', NULL),
	(28, 'CDs', '1', NULL, 0.000000, NULL, NULL, NULL, 0.150000, NULL, NULL, 'ETC', NULL),
	(29, 'Personal Computers', '0', NULL, 0.300000, NULL, NULL, NULL, 0.060000, NULL, NULL, 'US', NULL),
	(30, 'Shoes', '0', NULL, 0.300000, NULL, NULL, NULL, 0.150000, NULL, NULL, 'US', NULL),
	(31, 'Software & Computer', '1', NULL, 0.000000, NULL, NULL, NULL, 0.150000, NULL, NULL, 'US', NULL),
	(32, 'Sports & Outdoors (excluding Sports Collectibles)', '0', NULL, 0.300000, NULL, NULL, NULL, 0.150000, NULL, NULL, 'US', NULL),
	(33, 'Sports Collectibles', '0', NULL, 0.000000, 100.000000, 1000.000000, NULL, 0.200000, 0.100000, 0.060000, 'US', NULL),
	(34, 'Tools & Home Improvement (excluding Base Equipment Power Tools)', '0', NULL, 0.300000, NULL, NULL, NULL, 0.150000, NULL, NULL, 'US', NULL),
	(35, 'Base Equipment Power Tools', '0', NULL, 0.300000, NULL, NULL, NULL, 0.120000, NULL, NULL, 'US', NULL),
	(36, 'Toys & Games', '0', NULL, 0.300000, NULL, NULL, NULL, 0.150000, NULL, NULL, 'US', NULL),
	(39, 'Video Game Consoles', '1', NULL, 0.000000, NULL, NULL, NULL, 0.080000, NULL, NULL, 'US', NULL),
	(40, 'Watches', '0', NULL, 2.000000, 1500.000000, NULL, NULL, 0.160000, 0.030000, NULL, 'US', NULL),
	(41, 'Everything Else*', '0', NULL, 0.300000, NULL, NULL, NULL, 0.150000, NULL, NULL, 'US', NULL),
	(42, 'Beer, Wine & Spirits', '0', NULL, 0.000000, NULL, NULL, NULL, 0.150000, NULL, NULL, 'ETC', NULL),
	(43, 'Computer Accessories', '0', NULL, 0.000000, NULL, NULL, NULL, 0.150000, NULL, NULL, 'ETC', NULL),
	(45, 'DIY & Tools', '0', NULL, 0.000000, NULL, NULL, NULL, 0.150000, NULL, NULL, 'ETC', NULL),
	(46, 'Grocery & Gourmet Food', '0', NULL, 0.000000, 15.000000, NULL, NULL, 0.080000, 0.150000, NULL, 'US', NULL),
	(47, 'Spirits', '0', NULL, 0.000000, NULL, NULL, NULL, 0.150000, NULL, NULL, 'ETC', NULL),
	(48, 'Building market', '0', NULL, 0.000000, NULL, NULL, NULL, 0.150000, NULL, NULL, 'ETC', NULL),
	(49, 'Bicycles,Cycles', '0', NULL, 0.000000, NULL, NULL, NULL, 0.150000, NULL, NULL, 'ETC', NULL),
	(50, 'Food & Food Service', '0', NULL, 0.000000, NULL, NULL, NULL, 0.150000, NULL, NULL, 'ETC', NULL),
	(51, 'Additive manufacturing', '0', NULL, 0.000000, NULL, NULL, NULL, 0.150000, NULL, NULL, 'ETC', NULL),
	(52, 'Industrial Tools & Instruments', '0', NULL, 0.000000, NULL, NULL, NULL, 0.150000, NULL, NULL, 'ETC', NULL),
	(53, 'Amazon Device Accessories', '0', NULL, 0.250000, NULL, NULL, NULL, 0.459000, NULL, NULL, 'UK', 2),
	(54, 'Beauty', '0', 'gt', 0.250000, 10.000000, NULL, NULL, 0.081600, 0.153000, NULL, 'UK', 7),
	(55, 'Beer, Wine & Spirits', '0', NULL, 0.250000, NULL, NULL, NULL, 0.102000, NULL, NULL, 'UK', 42),
	(56, 'Books', '1', NULL, 0.000000, 5.000000, NULL, NULL, 0.051000, 0.153000, NULL, 'UK', 8),
	(57, 'Car & Motorbike', '0', NULL, 0.250000, NULL, NULL, NULL, 0.153000, NULL, NULL, 'UK', 444),
	(58, 'Clothing', '0', NULL, 0.250000, 40.000000, NULL, NULL, 0.153000, 0.071400, NULL, 'UK', 11),
	(59, 'Computers', '0', NULL, 0.250000, NULL, NULL, NULL, 0.071400, NULL, NULL, 'UK', 29),
	(60, 'Computer Accessories', '0', NULL, 0.250000, 100.000000, NULL, NULL, 0.153000, 0.081600, NULL, 'UK', 43),
	(61, 'Consumer Electronics', '0', NULL, 0.250000, NULL, NULL, NULL, 0.071400, NULL, NULL, 'UK', 13),
	(63, 'Electronic Accessories', '0', NULL, 0.250000, 100.000000, NULL, NULL, 0.153000, 0.081600, NULL, 'UK', 14),
	(64, 'DIY & Tools', '0', NULL, 0.250000, NULL, NULL, NULL, 0.122400, NULL, NULL, 'UK', 45),
	(65, 'Grocery & Gourmet', '0', 'gt', 0.000000, 10.000000, NULL, NULL, 0.081600, 0.153000, NULL, 'UK', 46),
	(66, 'Health & Personal Care', '0', 'gt', 0.250000, 10.000000, NULL, NULL, 0.081600, 0.153000, NULL, 'UK', 17),
	(67, 'Jewellery', '0', NULL, 0.250000, 225.000000, NULL, NULL, 0.204000, 0.051000, NULL, 'UK', 21),
	(68, 'Large Appliances (with the exception of Accessories, Microwaves and Range Hoods)', '0', NULL, 0.250000, NULL, NULL, NULL, 0.071400, NULL, NULL, 'UK', 24),
	(69, 'Musical instruments & DJ', '0', NULL, 0.250000, NULL, NULL, NULL, 0.122400, NULL, NULL, 'UK', 26),
	(70, 'Software', '1', NULL, 0.000000, NULL, NULL, NULL, 0.153000, NULL, NULL, 'UK', 31),
	(72, 'Tyres', '0', NULL, 0.250000, NULL, NULL, NULL, 0.071400, NULL, NULL, 'UK', 5),
	(73, 'Video Game Consoles', '1', NULL, 0.000000, NULL, NULL, NULL, 0.081600, NULL, NULL, 'UK', 39),
	(74, 'Watches', '0', NULL, 0.250000, 225.000000, NULL, NULL, 0.153000, 0.051000, NULL, 'UK', 40),
	(75, 'Everything else', '0', NULL, 0.250000, NULL, NULL, NULL, 0.153000, NULL, NULL, 'UK', 41),
	(76, 'Car & Motorbike', '0', NULL, 0.300000, NULL, NULL, NULL, 0.150000, NULL, NULL, 'DE,ES,NL', 444),
	(77, 'Beer, Wine & Spirits', '0', NULL, 0.000000, NULL, NULL, NULL, 0.100000, NULL, NULL, 'DE,ES,NL', 42),
	(78, 'Baumarkt', '0', NULL, 0.300000, NULL, NULL, NULL, 0.120000, NULL, NULL, 'DE,FR,IT,ES,NL', 48),
	(79, 'Books, Music, VHS, DVD', '1', NULL, 0.000000, NULL, NULL, NULL, 0.150000, NULL, NULL, 'DE,ES,NL', 8),
	(80, 'Computers', '0', NULL, 0.300000, NULL, NULL, NULL, 0.070000, NULL, NULL, 'DE,ES,NL', 29),
	(81, 'Computer Accessories', '0', NULL, 0.300000, 100.000000, NULL, NULL, 0.150000, 0.080000, NULL, 'DE,ES,NL', 43),
	(82, 'Consumer Electronics', '0', NULL, 0.300000, NULL, NULL, NULL, 0.070000, NULL, NULL, 'DE,ES,NL', 13),
	(84, 'Electronic Accessories', '0', NULL, 0.300000, 100.000000, NULL, NULL, 0.150000, 0.080000, NULL, 'DE,ES,NL', 14),
	(85, 'Elektro-Großgeräte  (ausgenommen die Unterkategorien Zubehör, Mikrowellen und Dunstabzugshauben)', '0', NULL, 0.300000, NULL, NULL, NULL, 0.070000, NULL, NULL, 'DE,ES,NL', 24),
	(86, 'Cycling', '0', NULL, 0.300000, NULL, NULL, NULL, 0.100000, NULL, NULL, 'DE,NL', 49),
	(87, 'Food Service', '0', NULL, 0.300000, NULL, NULL, NULL, 0.150000, NULL, NULL, 'DE,ES,NL', 50),
	(88, 'Musical Instruments & DJ', '0', NULL, 0.300000, NULL, NULL, NULL, 0.120000, NULL, NULL, 'DE,ES,NL', 26),
	(89, 'Tyres', '0', NULL, 0.300000, NULL, NULL, NULL, 0.070000, NULL, NULL, 'DE,ES,NL', 5),
	(90, 'Jewellery', '0', NULL, 0.300000, 250.000000, NULL, NULL, 0.200000, 0.050000, NULL, 'DE,ES,NL', 21),
	(91, 'Software', '1', NULL, 0.000000, NULL, NULL, NULL, 0.150000, NULL, NULL, 'DE,ES,NL', 31),
	(93, 'Sports & Outdoors', '0', NULL, 0.300000, NULL, NULL, NULL, 0.150000, NULL, NULL, 'DE,ES,NL', 32),
	(94, 'Watches', '0', NULL, 0.300000, 250.000000, NULL, NULL, 0.150000, 0.050000, NULL, 'DE,ES,NL', 40),
	(95, 'Video Game Consoles', '1', NULL, 0.000000, NULL, NULL, NULL, 0.080000, NULL, NULL, 'DE,ES,NL', 39),
	(97, 'Zubehör für Gewerbe, Industrie & Wissenschaft', '0', NULL, 0.300000, NULL, NULL, NULL, 0.150000, NULL, NULL, 'DE,FR,IT,ES,NL', 20),
	(98, 'Additive Fertigung', '0', NULL, 0.300000, NULL, NULL, NULL, 0.123600, NULL, NULL, 'FR,IT', 51),
	(99, 'Industrial Tools & Instruments', '0', NULL, 0.300000, NULL, NULL, NULL, 0.120000, NULL, NULL, 'DE,ES,NL', 52),
	(100, 'Everything else', '0', NULL, 0.300000, NULL, NULL, NULL, 0.150000, NULL, NULL, 'DE,ES,NL', 41),
	(101, 'Music', '1', NULL, 0.000000, NULL, NULL, NULL, 0.150000, NULL, NULL, 'US', NULL),
	(102, 'Videos', '1', NULL, 0.000000, NULL, NULL, NULL, 0.150000, NULL, NULL, 'US', NULL),
	(103, 'DVDs', '1', NULL, 0.000000, NULL, NULL, NULL, 0.150000, NULL, NULL, 'US', NULL),
	(104, 'Video Games', '1', NULL, 0.000000, NULL, NULL, NULL, 0.150000, NULL, NULL, 'US', NULL),
	(105, 'Music', '1', NULL, 0.000000, NULL, NULL, NULL, 0.153000, NULL, NULL, 'UK', 101),
	(106, 'Videos', '1', NULL, 0.000000, NULL, NULL, NULL, 0.153000, NULL, NULL, 'UK', 102),
	(107, 'DVDs', '1', NULL, 0.000000, NULL, NULL, NULL, 0.153000, NULL, NULL, 'UK', 103),
	(108, 'Video Games', '1', NULL, 0.000000, NULL, NULL, NULL, 0.153000, NULL, NULL, 'UK', 104),
	(109, 'Home Appliances under Kitchen Category', '0', NULL, 0.000000, NULL, NULL, NULL, 0.100000, NULL, NULL, 'ETC', NULL),
	(110, 'Other Categories', '0', NULL, 30.000000, NULL, NULL, NULL, 0.150000, NULL, NULL, 'JP', 41),
	(111, 'Books', '1', NULL, 0.000000, NULL, NULL, NULL, 0.150000, NULL, NULL, 'JP', 8),
	(112, 'CD', '1', NULL, 0.000000, NULL, NULL, NULL, 0.150000, NULL, NULL, 'JP', 28),
	(113, 'Vinyl', '1', NULL, 0.000000, NULL, NULL, NULL, 0.150000, NULL, NULL, 'ETC', NULL),
	(114, 'Vinyl', '1', NULL, 0.000000, NULL, NULL, NULL, 0.150000, NULL, NULL, 'JP', 113),
	(115, 'DVD', '1', NULL, 0.000000, NULL, NULL, NULL, 0.150000, NULL, NULL, 'JP', 103),
	(116, 'Videos VHS', '1', NULL, 0.000000, NULL, NULL, NULL, 0.150000, NULL, NULL, 'JP', 102),
	(117, 'Camera & Photo', '0', NULL, 30.000000, NULL, NULL, NULL, 0.080000, NULL, NULL, 'JP', 9),
	(118, 'Consumer Electronics including Unclocked Cell phone', '0', NULL, 30.000000, NULL, NULL, NULL, 0.080000, NULL, NULL, 'JP', 13),
	(119, 'Musical Instruments', '0', NULL, 30.000000, NULL, NULL, NULL, 0.080000, NULL, NULL, 'JP', 26),
	(120, 'Personal Computers', '0', NULL, 30.000000, NULL, NULL, NULL, 0.080000, NULL, NULL, 'JP', 29),
	(121, 'Video Game Consoles', '0', NULL, 0.000000, NULL, NULL, NULL, 0.080000, NULL, NULL, 'JP', 39),
	(122, 'Electronics Accessories', '0', NULL, 30.000000, NULL, NULL, NULL, 0.100000, NULL, NULL, 'JP', 14),
	(123, 'Home Appliances under Kitchen Category', '0', NULL, 30.000000, NULL, NULL, NULL, 0.150000, NULL, NULL, 'JP', 109),
	(124, 'Sports & Outdoors', '0', NULL, 30.000000, NULL, NULL, NULL, 0.100000, NULL, NULL, 'JP', 32),
	(125, 'Automotive', '0', NULL, 0.000000, NULL, NULL, NULL, 0.100000, NULL, NULL, 'JP', 4),
	(126, 'Baby Products', '0', NULL, 30.000000, 1500.000000, NULL, NULL, 0.080000, 0.150000, NULL, 'JP', 6),
	(127, 'Toys & Games', '0', NULL, 30.000000, NULL, NULL, NULL, 0.100000, NULL, NULL, 'JP', 36),
	(128, 'Kitchen', '0', NULL, 30.000000, NULL, NULL, NULL, 0.150000, NULL, NULL, 'JP', 22),
	(129, 'Office Products', '0', NULL, 30.000000, NULL, NULL, NULL, 0.150000, NULL, NULL, 'JP', 27),
	(130, 'Tools & Home Improvement', '0', NULL, 30.000000, NULL, NULL, NULL, 0.150000, NULL, NULL, 'JP', 34),
	(131, 'Kindle Accessories', '0', NULL, 30.000000, NULL, NULL, NULL, 0.450000, NULL, NULL, 'JP', 2),
	(132, 'Grocery', '0', NULL, 0.000000, NULL, NULL, NULL, 0.100000, NULL, NULL, 'JP', 46),
	(133, 'Gourmet Food', '0', NULL, 0.000000, 1500.000000, NULL, NULL, 0.080000, 0.100000, NULL, 'JP', 50),
	(134, 'Health & Personal Care', '0', NULL, 30.000000, 1500.000000, NULL, NULL, 0.080000, 0.100000, NULL, 'JP', 17),
	(135, 'Clothing & Accessories', '0', NULL, 30.000000, 3000.000000, NULL, NULL, 0.150000, 0.080000, NULL, 'JP', 11),
	(136, 'Jewelry', '0', NULL, 30.000000, 10000.000000, NULL, NULL, 0.150000, 0.050000, NULL, 'JP', 21),
	(137, 'Shoes & Bags', '0', NULL, 30.000000, 7500.000000, NULL, NULL, 0.150000, 0.050000, NULL, 'JP', 30),
	(138, 'Watches', '0', NULL, 30.000000, 10000.000000, NULL, NULL, 0.150000, 0.050000, NULL, 'JP', 40),
	(139, 'Pet Products', '0', NULL, 30.000000, 1500.000000, NULL, NULL, 0.080000, 0.150000, NULL, 'JP', 18),
	(140, 'Beauty', '0', NULL, 30.000000, 1500.000000, NULL, NULL, 0.080000, 0.100000, NULL, 'JP', 7),
	(141, 'Material Handling', '0', NULL, 0.300000, NULL, NULL, NULL, 0.120000, NULL, NULL, 'DE,ES,NL', 142),
	(142, 'Material Handling', '0', NULL, 0.000000, NULL, NULL, NULL, 0.150000, NULL, NULL, 'ETC', NULL),
	(143, 'Metalworking', '0', NULL, 0.000000, NULL, NULL, NULL, 0.150000, NULL, NULL, 'ETC', NULL),
	(144, 'Metalworking', '0', NULL, 0.300000, NULL, NULL, NULL, 0.120000, NULL, NULL, 'DE,ES,NL', 143),
	(145, 'PC Hardware, PC Peripherals, TV', '0', NULL, 0.000000, NULL, NULL, NULL, 0.150000, NULL, NULL, 'ETC', NULL),
	(146, 'PC Hardware, PC Peripherals, TV', '0', NULL, 0.300000, NULL, NULL, NULL, 0.070000, NULL, NULL, 'FR', 145),
	(147, 'Power Transmission', '0', NULL, 0.000000, NULL, NULL, NULL, 0.150000, NULL, NULL, 'ETC', NULL),
	(148, 'Power Transmission', '0', NULL, 0.300000, NULL, NULL, NULL, 0.120000, NULL, NULL, 'FR,IT,ES', 147),
	(150, 'Kitchen', '0', NULL, 0.300000, NULL, NULL, NULL, 0.150000, NULL, NULL, 'ES', 22),
	(153, 'Toys & Games', '0', NULL, 0.300000, NULL, NULL, NULL, 0.150000, NULL, NULL, 'ES', 36),
	(154, 'Additive Manufacturing', '0', NULL, 0.250000, NULL, NULL, NULL, 0.122400, NULL, NULL, 'UK', 51),
	(155, 'Education Supplies', '0', NULL, 0.000000, NULL, NULL, NULL, 0.150000, NULL, NULL, 'ETC', NULL),
	(156, 'Education Supplies', '0', NULL, 0.250000, NULL, NULL, NULL, 0.153000, NULL, NULL, 'UK', 155),
	(157, 'Flow Control & Filtration', '0', NULL, 0.000000, NULL, NULL, NULL, 0.150000, NULL, NULL, 'ETC', NULL),
	(158, 'Flow Control & Filtration', '0', NULL, 0.250000, NULL, NULL, NULL, 0.122400, NULL, NULL, 'UK', 157),
	(159, 'Flow Control & Filtration', '0', NULL, 0.300000, NULL, NULL, NULL, 0.120000, NULL, NULL, 'DE,ES,NL', 157),
	(160, 'Fluid Transfer', '0', NULL, 0.000000, NULL, NULL, NULL, 0.150000, NULL, NULL, 'ETC', NULL),
	(161, 'Fluid Transfer', '0', NULL, 0.250000, NULL, NULL, NULL, 0.122400, NULL, NULL, 'UK', 160),
	(162, 'Fluid Transfer', '0', NULL, 0.300000, NULL, NULL, NULL, 0.120000, NULL, NULL, 'DE,ES,NL', 160),
	(163, 'Industrial Electrical Supplies', '0', NULL, 0.250000, NULL, NULL, NULL, 0.122400, NULL, NULL, 'UK', 164),
	(164, 'Industrial Electrical Supplies', '0', NULL, 0.000000, NULL, NULL, NULL, 0.150000, NULL, NULL, 'ETC', NULL),
	(165, 'Industrial Electrical Supplies', '0', NULL, 0.300000, NULL, NULL, NULL, 0.120000, NULL, NULL, 'DE,ES,NL', 164),
	(166, 'Industrial Tools & Instruments', '0', NULL, 0.250000, NULL, NULL, NULL, 0.122400, NULL, NULL, 'UK', 52),
	(167, 'Material Handling', '0', NULL, 0.250000, NULL, NULL, NULL, 0.122400, NULL, NULL, 'UK', 142),
	(168, 'Metalworking', '0', NULL, 0.250000, NULL, NULL, NULL, 0.122400, NULL, NULL, 'UK', 143),
	(169, 'Power Transmission', '0', NULL, 0.250000, NULL, NULL, NULL, 0.122400, NULL, NULL, 'UK', 147),
	(170, 'Food Service', '0', NULL, 0.250000, NULL, NULL, NULL, 0.153000, NULL, NULL, 'UK', 50),
	(171, 'Amazon Device Accessories', '0', NULL, 1.000000, NULL, NULL, NULL, 0.450000, NULL, NULL, 'CA', 2),
	(172, 'Baby', '0', NULL, 1.000000, NULL, NULL, NULL, 0.150000, NULL, NULL, 'CA', 6),
	(173, 'Books', '1', NULL, 0.000000, NULL, NULL, NULL, 0.150000, NULL, NULL, 'CA', 8),
	(174, 'Camera and Photo', '0', NULL, 1.000000, NULL, NULL, NULL, 0.080000, NULL, NULL, 'CA', 9),
	(175, 'Cell Phones', '0', NULL, 1.000000, NULL, NULL, NULL, 0.080000, NULL, NULL, 'CA', 10),
	(176, 'Consumer Electronics', '0', NULL, 1.000000, NULL, NULL, NULL, 0.080000, NULL, NULL, 'CA', 13),
	(177, 'DVDs', '1', NULL, 0.000000, NULL, NULL, NULL, 0.150000, NULL, NULL, 'CA', 103),
	(178, 'Electronics Accessories', '0', NULL, 1.000000, 100.000000, NULL, NULL, 0.150000, 0.080000, NULL, 'CA', 14),
	(179, 'Furniture & Decor', '0', NULL, 1.000000, NULL, NULL, NULL, 0.150000, NULL, NULL, 'CA', 16),
	(180, 'Home & Garden (including Pet Supplies)', '0', NULL, 1.000000, NULL, NULL, NULL, 0.150000, NULL, NULL, 'CA', 18),
	(181, 'Industrial & Scientific (including Food Service and Janitorial & Sanitation)', '0', NULL, 1.000000, NULL, NULL, NULL, 0.120000, NULL, NULL, 'CA', 20),
	(182, 'Music', '1', NULL, 0.000000, NULL, NULL, NULL, 0.150000, NULL, NULL, 'CA', 101),
	(183, 'Musical Instruments', '0', NULL, 1.000000, NULL, NULL, NULL, 0.150000, NULL, NULL, 'CA', 26),
	(184, 'Office Products', '0', NULL, 1.000000, NULL, NULL, NULL, 0.150000, NULL, NULL, 'CA', 27),
	(185, 'Personal Computers', '0', NULL, 1.000000, NULL, NULL, NULL, 0.060000, NULL, NULL, 'CA', 29),
	(186, 'Software & Computer Games', '1', NULL, 0.000000, NULL, NULL, NULL, 0.150000, NULL, NULL, 'CA', 31),
	(187, 'Sports & Outdoors (excluding Sports Collectibles)', '0', NULL, 1.000000, NULL, NULL, NULL, 0.150000, NULL, NULL, 'CA', 32),
	(188, 'Tools & Building Supplies', '0', NULL, 1.000000, NULL, NULL, NULL, 0.120000, NULL, NULL, 'CA', 34),
	(189, 'Toys & Games', '0', NULL, 1.000000, NULL, NULL, NULL, 0.150000, NULL, NULL, 'CA', 36),
	(190, 'Video Game Consoles', '1', NULL, 0.000000, NULL, NULL, NULL, 0.080000, NULL, NULL, 'CA', 39),
	(191, 'Video Games', '1', NULL, 0.000000, NULL, NULL, NULL, 0.150000, NULL, NULL, 'CA', 104),
	(192, 'Videos', '1', NULL, 0.000000, NULL, NULL, NULL, 0.150000, NULL, NULL, 'CA', 102),
	(193, 'Any Other Products', '0', NULL, 1.000000, NULL, NULL, NULL, 0.150000, NULL, NULL, 'CA', 41),
	(194, 'Automotive & Powersports', '0', NULL, 1.000000, NULL, NULL, NULL, 0.120000, NULL, NULL, 'CA', 4),
	(195, 'tires and wheels products', '0', NULL, 1.000000, NULL, NULL, NULL, 0.100000, NULL, NULL, 'CA', 5),
	(196, 'Beauty', '0', NULL, 1.000000, NULL, NULL, NULL, 0.150000, NULL, NULL, 'CA', 7),
	(197, 'Clothing & Accessories', '0', NULL, 1.000000, NULL, NULL, NULL, 0.150000, NULL, NULL, 'CA', 11),
	(198, 'Grocery & Gourmet Food', '0', NULL, 0.000000, NULL, NULL, NULL, 0.150000, NULL, NULL, 'CA', 46),
	(199, 'Health & Personal Care', '0', NULL, 1.000000, NULL, NULL, NULL, 0.150000, NULL, NULL, 'CA', 17),
	(200, 'Jewellery', '0', NULL, 2.000000, NULL, NULL, NULL, 0.200000, NULL, NULL, 'CA', 21),
	(201, 'Luggage & Bags', '0', NULL, 1.000000, NULL, NULL, NULL, 0.150000, NULL, NULL, 'CA', 23),
	(202, 'Major Appliances', '0', NULL, 1.000000, 300.000000, NULL, NULL, 0.150000, 0.080000, NULL, 'CA', 24),
	(203, 'Shoes', '0', NULL, 1.000000, NULL, NULL, NULL, 0.150000, NULL, NULL, 'CA', 30),
	(204, 'Watches', '0', NULL, 2.000000, 1500.000000, NULL, NULL, 0.160000, 0.030000, NULL, 'CA', 40),
	(205, 'Baby Products (excluding Baby Apparel)', '0', NULL, 0.000000, NULL, NULL, NULL, 0.090000, NULL, NULL, 'AU', 6),
	(206, 'Beauty', '0', NULL, 0.000000, NULL, NULL, NULL, 0.090000, NULL, NULL, 'AU', 7),
	(207, 'Books', '0', NULL, 0.000000, NULL, NULL, NULL, 0.120000, NULL, NULL, 'AU', 8),
	(208, 'Camera and Photo', '0', NULL, 0.000000, NULL, NULL, NULL, 0.080000, NULL, NULL, 'AU', 9),
	(209, 'Clothing & Accessories', '0', NULL, 0.000000, NULL, NULL, NULL, 0.120000, NULL, NULL, 'AU', 11),
	(210, 'Consumer Electronics', '0', NULL, 0.000000, NULL, NULL, NULL, 0.090000, NULL, NULL, 'AU', 13),
	(211, 'DVD', '1', NULL, 0.000000, NULL, NULL, NULL, 0.120000, NULL, NULL, 'AU', 103),
	(212, 'Electronics Accessories', '0', NULL, 0.000000, NULL, NULL, NULL, 0.090000, NULL, NULL, 'AU', 14),
	(213, 'Health & Personal Care', '0', NULL, 0.000000, NULL, NULL, NULL, 0.090000, NULL, NULL, 'AU', 17),
	(214, 'Home', '0', NULL, 0.000000, NULL, NULL, NULL, 0.090000, NULL, NULL, 'AU', 18),
	(215, 'Kitchen', '0', NULL, 0.000000, NULL, NULL, NULL, 0.090000, NULL, NULL, 'AU', 22),
	(216, 'Luggage & Travel Accessories', '0', NULL, 0.000000, NULL, NULL, NULL, 0.120000, NULL, NULL, 'AU', 23),
	(217, 'Mobile Phone Devices', '0', NULL, 0.000000, NULL, NULL, NULL, 0.080000, NULL, NULL, 'AU', 10),
	(218, 'Music', '1', NULL, 0.000000, NULL, NULL, NULL, 0.120000, NULL, NULL, 'AU', 101),
	(219, 'Musical Instruments', '0', NULL, 0.000000, NULL, NULL, NULL, 0.090000, NULL, NULL, 'AU', 26),
	(220, 'Office Products', '0', NULL, 0.000000, NULL, NULL, NULL, 0.090000, NULL, NULL, 'AU', 27),
	(221, 'Sports & Outdoors', '0', NULL, 0.000000, NULL, NULL, NULL, 0.090000, NULL, NULL, 'AU', 32),
	(222, 'Personal Computers', '0', NULL, 0.000000, NULL, NULL, NULL, 0.060000, NULL, NULL, 'AU', 29),
	(223, 'Shoes, Handbags & Sunglasses', '0', NULL, 0.000000, NULL, NULL, NULL, 0.120000, NULL, NULL, 'AU', 30),
	(224, 'Software & Computer', '1', NULL, 0.000000, NULL, NULL, NULL, 0.120000, NULL, NULL, 'AU', 31),
	(225, 'Video Games', '1', NULL, 0.000000, NULL, NULL, NULL, 0.120000, NULL, NULL, 'AU', 104),
	(227, 'Tools & Home Improvement', '0', NULL, 0.000000, NULL, NULL, NULL, 0.090000, NULL, NULL, 'AU', 34),
	(228, 'Toys & Games', '0', NULL, 0.000000, NULL, NULL, NULL, 0.090000, NULL, NULL, 'AU', 36),
	(229, 'Video', '1', NULL, 0.000000, NULL, NULL, NULL, 0.120000, NULL, NULL, 'AU', 102),
	(231, 'Everything Else', '0', NULL, 0.000000, NULL, NULL, NULL, 0.120000, NULL, NULL, 'AU', 41),
	(232, 'Video Game Consoles', '1', NULL, 0.000000, NULL, NULL, NULL, 0.120000, NULL, NULL, 'AU', 39),
	(233, 'Everything Else', '0', NULL, 0.000000, NULL, NULL, NULL, 0.150000, NULL, NULL, 'IN', 41),
	(234, 'Books', '1', NULL, 0.000000, NULL, NULL, NULL, 0.130000, NULL, NULL, 'IN', 8),
	(235, 'Movies', '1', NULL, 0.000000, NULL, NULL, NULL, 0.150000, NULL, NULL, 'ETC', NULL),
	(236, 'Movies', '1', NULL, 0.000000, NULL, NULL, NULL, 0.065000, NULL, NULL, 'IN', 235),
	(237, 'Music', '1', NULL, 0.000000, NULL, NULL, NULL, 0.080000, NULL, NULL, 'IN', 101),
	(238, 'Video Games', '1', NULL, 0.000000, NULL, NULL, NULL, 0.070000, NULL, NULL, 'IN', 104),
	(239, 'Software', '1', NULL, 0.000000, NULL, NULL, NULL, 0.140000, NULL, NULL, 'IN', 31),
	(240, 'Video Games - Consoles', '1', NULL, 0.000000, NULL, NULL, NULL, 0.070000, NULL, NULL, 'IN', 39),
	(241, 'Pet Food (Dog Food)', '0', NULL, 0.000000, NULL, NULL, NULL, 0.150000, NULL, NULL, 'ETC', NULL),
	(242, 'Pet Food (except Dog Food)', '0', NULL, 0.000000, NULL, NULL, NULL, 0.150000, NULL, NULL, 'ETC', NULL),
	(243, 'Pet Accessories', '0', NULL, 0.000000, NULL, NULL, NULL, 0.150000, NULL, NULL, 'ETC', NULL),
	(244, 'Pet Accessories', '0', NULL, 0.000000, NULL, NULL, NULL, 0.100000, NULL, NULL, 'IN', 243),
	(245, 'Pet Food (except Dog Food)', '0', NULL, 0.000000, NULL, NULL, NULL, 0.085000, NULL, NULL, 'IN', 242),
	(246, 'Pet Food (Dog Food)', '0', NULL, 0.000000, NULL, NULL, NULL, 0.140000, NULL, NULL, 'IN', 241),
	(247, 'Beauty - Fragrance', '0', NULL, 0.000000, NULL, NULL, NULL, 0.150000, NULL, NULL, 'ETC', NULL),
	(248, 'Beauty - Fragrance', '0', NULL, 0.000000, NULL, NULL, NULL, 0.150000, NULL, NULL, 'IN', 247),
	(249, 'Beauty Products', '0', NULL, 0.000000, NULL, NULL, NULL, 0.030000, NULL, NULL, 'IN', 7),
	(250, 'Health and Personal Care (HPC)', '0', NULL, 0.000000, NULL, NULL, NULL, 0.110000, NULL, NULL, 'IN', 17),
	(251, 'Personal Care Appliances', '0', 'gt', 0.300000, 10.000000, NULL, NULL, 0.080000, 0.150000, NULL, 'US', NULL),
	(252, 'Personal Care Appliances', '0', NULL, 0.000000, NULL, NULL, NULL, 0.090000, NULL, NULL, 'AU', 251),
	(253, 'Personal Care Appliances', '0', NULL, 0.000000, NULL, NULL, NULL, 0.095000, NULL, NULL, 'IN', 251),
	(254, 'Baby Products', '0', NULL, 0.000000, NULL, NULL, NULL, 0.060000, NULL, NULL, 'IN', 6),
	(255, 'Grocery and Gourmet', '0', NULL, 0.000000, NULL, NULL, NULL, 0.030000, NULL, NULL, 'IN', 46),
	(256, 'Apparel', '0', NULL, 0.000000, NULL, NULL, NULL, 0.170000, NULL, NULL, 'IN', 11),
	(257, 'Eyewear', '0', NULL, 0.000000, NULL, NULL, NULL, 0.150000, NULL, NULL, 'ETC', NULL),
	(258, 'Eyewear', '0', NULL, 0.000000, NULL, NULL, NULL, 0.085000, NULL, NULL, 'IN', 257),
	(259, 'Watches', '0', NULL, 0.000000, NULL, NULL, NULL, 0.110000, NULL, NULL, 'IN', 40),
	(260, 'Handbags', '0', NULL, 0.300000, NULL, NULL, NULL, 0.150000, NULL, NULL, 'US', NULL),
	(261, 'Sunglasses', '0', NULL, 0.300000, NULL, NULL, NULL, 0.150000, NULL, NULL, 'US', NULL),
	(262, 'Handbags', '0', NULL, 1.000000, NULL, NULL, NULL, 0.150000, NULL, NULL, 'CA', 260),
	(263, 'Sunglasses', '0', NULL, 1.000000, NULL, NULL, NULL, 0.150000, NULL, NULL, 'CA', 261),
	(264, 'Shoes', '0', NULL, 0.000000, NULL, NULL, NULL, 0.140000, NULL, NULL, 'IN', 30),
	(265, 'Handbags', '0', NULL, 0.000000, NULL, NULL, NULL, 0.110000, NULL, NULL, 'IN', 260),
	(266, 'Wallets ', '0', NULL, 0.000000, NULL, NULL, NULL, 0.150000, NULL, NULL, 'ETC', NULL),
	(267, 'Wallets ', '0', NULL, 0.000000, NULL, NULL, NULL, 0.115000, NULL, NULL, 'IN', 266),
	(268, 'Luggage (excluding Wallets and Backpacks)', '0', NULL, 0.000000, NULL, NULL, NULL, 0.055000, NULL, NULL, 'IN', 23),
	(269, 'Silver Coins and Bars', '0', NULL, 0.000000, NULL, NULL, NULL, 0.150000, NULL, NULL, 'ETC', NULL),
	(270, 'Silver Coins and Bars', '0', NULL, 0.000000, NULL, NULL, NULL, 0.080000, NULL, NULL, 'IN', 269),
	(271, 'Silver Jewellery ,Fine Jewellery', '0', NULL, 0.300000, 250.000000, NULL, NULL, 0.200000, 0.050000, NULL, 'US', NULL),
	(272, 'Silver Jewellery ,Fine Jewellery', '0', NULL, 0.250000, 225.000000, NULL, NULL, 0.204000, 0.051000, NULL, 'UK', 271),
	(273, 'Silver Jewellery ,Fine Jewellery', '0', NULL, 0.300000, 250.000000, NULL, NULL, 0.200000, 0.050000, NULL, 'DE,FR,IT,ES,NL', 271),
	(274, 'Silver Jewellery ,Fine Jewellery', '0', NULL, 0.000000, NULL, NULL, NULL, 0.150000, NULL, NULL, 'JP', 271),
	(275, 'Silver Jewellery ,Fine Jewellery', '0', NULL, 2.000000, NULL, NULL, NULL, 0.200000, NULL, NULL, 'CA', 271),
	(276, 'Silver Jewellery ,Fine Jewellery', '0', NULL, 0.000000, NULL, NULL, NULL, 0.080000, NULL, NULL, 'IN', 271),
	(277, 'Fashion Jewellery', '0', NULL, 0.000000, NULL, NULL, NULL, 0.230000, NULL, NULL, 'IN', 21),
	(278, 'Kitchen - Non Appliances', '0', NULL, 0.000000, 300.000000, NULL, NULL, 0.050000, 0.115000, NULL, 'IN', 22),
	(279, 'Small Appliances', '0', NULL, 0.000000, NULL, NULL, NULL, 0.150000, NULL, NULL, 'ETC', NULL),
	(280, 'Small Appliances', '0', NULL, 0.000000, NULL, NULL, NULL, 0.055000, NULL, NULL, 'IN', 279),
	(281, 'Chargers', '0', NULL, 0.000000, NULL, NULL, NULL, 0.150000, NULL, NULL, 'ETC', NULL),
	(282, 'Chargers', '0', NULL, 0.000000, NULL, NULL, NULL, 0.220000, NULL, NULL, 'IN', 281),
	(283, 'Warranty Services ', '0', NULL, 0.000000, NULL, NULL, NULL, 0.150000, NULL, NULL, 'ETC', NULL),
	(284, 'Warranty Services ', '0', NULL, 0.000000, NULL, NULL, NULL, 0.380000, NULL, NULL, 'IN', 283),
	(285, 'Selfie Sticks ', '0', NULL, 0.000000, NULL, NULL, NULL, 0.150000, NULL, NULL, 'ETC', NULL),
	(286, 'Selfie Sticks ', '0', NULL, 0.000000, NULL, NULL, NULL, 0.250000, NULL, NULL, 'IN', 285),
	(287, 'Cables - Electronics, PC, Wireless', '0', NULL, 0.000000, NULL, NULL, NULL, 0.150000, NULL, NULL, 'ETC', NULL),
	(288, 'Cables - Electronics, PC, Wireless', '0', NULL, 0.000000, NULL, NULL, NULL, 0.250000, NULL, NULL, 'IN', 287),
	(289, 'Cases/Cover/Skin/Screen guard', '0', NULL, 0.000000, NULL, NULL, NULL, 0.150000, NULL, NULL, 'ETC', NULL),
	(290, 'Cases/Cover/Skin/Screen guard', '0', NULL, 0.000000, 300.000000, NULL, NULL, 0.160000, 0.240000, NULL, 'IN', 289),
	(291, 'Accessories - Electronics, PC and Wireless', '0', NULL, 0.000000, NULL, NULL, NULL, 0.170000, NULL, NULL, 'IN', 14),
	(292, 'Power Banks ', '0', NULL, 0.000000, NULL, NULL, NULL, 0.150000, NULL, NULL, 'ETC', NULL),
	(293, 'Power Banks ', '0', NULL, 0.000000, NULL, NULL, NULL, 0.200000, NULL, NULL, 'IN', 292),
	(294, 'Keyboards and Mouse', '0', NULL, 0.000000, NULL, NULL, NULL, 0.150000, NULL, NULL, 'ETC', NULL),
	(295, 'Keyboards and Mouse', '0', NULL, 0.000000, NULL, NULL, NULL, 0.150000, NULL, NULL, 'IN', 294),
	(296, 'Headsets, Headphones and Earphones ', '0', NULL, 0.000000, NULL, NULL, NULL, 0.150000, NULL, NULL, 'ETC', NULL),
	(297, 'Headsets, Headphones and Earphones ', '0', NULL, 0.000000, NULL, NULL, NULL, 0.140000, NULL, NULL, 'IN', 296),
	(298, 'Speakers', '0', NULL, 0.000000, NULL, NULL, NULL, 0.150000, NULL, NULL, 'ETC', NULL),
	(299, 'Speakers', '0', NULL, 0.000000, NULL, NULL, NULL, 0.060000, NULL, NULL, 'IN', 298),
	(300, 'GPS Devices', '0', NULL, 0.000000, NULL, NULL, NULL, 0.150000, NULL, NULL, 'ETC', NULL),
	(301, 'GPS Devices', '0', NULL, 0.000000, NULL, NULL, NULL, 0.135000, NULL, NULL, 'IN', 300),
	(302, 'Camera Accessories', '0', NULL, 0.000000, NULL, NULL, NULL, 0.150000, NULL, NULL, 'ETC', NULL),
	(303, 'Camera Accessories', '0', NULL, 0.000000, NULL, NULL, NULL, 0.120000, NULL, NULL, 'IN', 302),
	(304, 'Camera Lenses', '0', NULL, 0.000000, NULL, NULL, NULL, 0.150000, NULL, NULL, 'ETC', NULL),
	(305, 'Camera Lenses', '0', NULL, 0.000000, NULL, NULL, NULL, 0.060000, NULL, NULL, 'IN', 304),
	(306, 'Camera and Camcorder', '0', NULL, 0.000000, NULL, NULL, NULL, 0.150000, NULL, NULL, 'ETC', NULL),
	(307, 'Camera and Camcorder', '0', NULL, 0.000000, NULL, NULL, NULL, 0.050000, NULL, NULL, 'IN', 306),
	(308, 'Television ', '0', NULL, 0.000000, NULL, NULL, NULL, 0.150000, NULL, NULL, 'ETC', NULL),
	(309, 'Television ', '0', NULL, 0.000000, NULL, NULL, NULL, 0.060000, NULL, NULL, 'IN', 308),
	(310, 'Electronic Devices (except TV, Camera & Camcorder, Camera Lenses and Accessories, GPS Devices, Speakers) ', '0', NULL, 0.000000, NULL, NULL, NULL, 0.150000, NULL, NULL, 'ETC', NULL),
	(311, 'Electronic Devices (except TV, Camera & Camcorder, Camera Lenses and Accessories, GPS Devices, Speakers) ', '0', NULL, 0.000000, NULL, NULL, NULL, 0.100000, NULL, NULL, 'IN', 310),
	(312, 'Car Electronics Devices', '0', NULL, 0.000000, NULL, NULL, NULL, 0.150000, NULL, NULL, 'ETC', NULL),
	(313, 'Car Electronics Devices', '0', NULL, 0.000000, NULL, NULL, NULL, 0.055000, NULL, NULL, 'IN', 312),
	(314, 'Modems & networking devices', '0', NULL, 0.000000, NULL, NULL, NULL, 0.150000, NULL, NULL, 'ETC', NULL),
	(315, 'Modems & networking devices', '0', NULL, 0.000000, NULL, NULL, NULL, 0.140000, NULL, NULL, 'IN', 314),
	(316, 'Memory Cards', '0', NULL, 0.000000, NULL, NULL, NULL, 0.150000, NULL, NULL, 'ETC', NULL),
	(317, 'Memory Cards', '0', NULL, 0.000000, NULL, NULL, NULL, 0.120000, NULL, NULL, 'IN', 316),
	(318, 'Kindle Accessories', '0', NULL, 0.000000, NULL, NULL, NULL, 0.250000, NULL, NULL, 'IN', 2),
	(319, 'Hard Disks', '0', NULL, 0.000000, NULL, NULL, NULL, 0.150000, NULL, NULL, 'ETC', NULL),
	(320, 'Hard Disks', '0', NULL, 0.000000, NULL, NULL, NULL, 0.080000, NULL, NULL, 'IN', 319),
	(321, 'USB flash drives (Pen Drives)', '0', NULL, 0.000000, NULL, NULL, NULL, 0.150000, NULL, NULL, 'ETC', NULL),
	(322, 'USB flash drives (Pen Drives)', '0', NULL, 0.000000, NULL, NULL, NULL, 0.140000, NULL, NULL, 'IN', 321),
	(323, 'Laptops Bags & Sleeves', '0', NULL, 0.000000, NULL, NULL, NULL, 0.150000, NULL, NULL, 'ETC', NULL),
	(324, 'Laptops Bags & Sleeves', '0', NULL, 0.000000, NULL, NULL, NULL, 0.055000, NULL, NULL, 'IN', 323),
	(325, 'Laptop Battery', '0', NULL, 0.000000, NULL, NULL, NULL, 0.150000, NULL, NULL, 'ETC', NULL),
	(326, 'Laptop Battery', '0', NULL, 0.000000, NULL, NULL, NULL, 0.135000, NULL, NULL, 'IN', 325),
	(327, 'Monitors', '0', NULL, 0.000000, NULL, NULL, NULL, 0.150000, NULL, NULL, 'ETC', NULL),
	(328, 'Monitors', '0', NULL, 0.000000, NULL, NULL, NULL, 0.050000, NULL, NULL, 'IN', 327),
	(329, 'Desktops', '0', NULL, 0.000000, NULL, NULL, NULL, 0.150000, NULL, NULL, 'ETC', NULL),
	(330, 'Desktops', '0', NULL, 0.000000, NULL, NULL, NULL, 0.065000, NULL, NULL, 'IN', 329),
	(331, 'PC Components (RAM, Motherboards) ', '0', NULL, 0.000000, NULL, NULL, NULL, 0.150000, NULL, NULL, 'ETC', NULL),
	(332, 'PC Components (RAM, Motherboards) ', '0', NULL, 0.000000, NULL, NULL, NULL, 0.070000, NULL, NULL, 'IN', 331),
	(333, 'Scanners and Printers ', '0', NULL, 0.000000, NULL, NULL, NULL, 0.150000, NULL, NULL, 'ETC', NULL),
	(334, 'Scanners and Printers ', '0', NULL, 0.000000, NULL, NULL, NULL, 0.090000, NULL, NULL, 'IN', 333),
	(335, 'Laptops', '0', NULL, 0.000000, NULL, NULL, NULL, 0.150000, NULL, NULL, 'ETC', NULL),
	(336, 'Laptops', '0', NULL, 0.000000, NULL, NULL, NULL, 0.050000, NULL, NULL, 'IN', 335),
	(337, 'Mobile Phones & Tablets', '0', NULL, 0.000000, NULL, NULL, NULL, 0.150000, NULL, NULL, 'ETC', NULL),
	(338, 'Mobile Phones & Tablets', '0', NULL, 0.000000, NULL, NULL, NULL, 0.050000, NULL, NULL, 'IN', 337),
	(339, 'Pantry', '0', NULL, 0.000000, NULL, NULL, NULL, 0.150000, NULL, NULL, 'ETC', NULL),
	(340, 'Pantry', '0', NULL, 0.000000, NULL, NULL, NULL, 0.130000, NULL, NULL, 'IN', 339),
	(341, 'Fine Art', '0', NULL, 0.000000, NULL, NULL, NULL, 0.150000, NULL, NULL, 'ETC', NULL),
	(342, 'Fine Art', '0', NULL, 0.000000, NULL, NULL, NULL, 0.200000, NULL, NULL, 'IN', 341),
	(343, 'Coins Collectibles', '0', NULL, 0.000000, NULL, NULL, NULL, 0.150000, NULL, NULL, 'IN', 12),
	(344, 'Entertainment Collectibles', '0', NULL, 0.000000, NULL, NULL, NULL, 0.170000, NULL, NULL, 'IN', 15),
	(345, 'Sports Collectibles', '0', NULL, 0.000000, NULL, NULL, NULL, 0.170000, NULL, NULL, 'IN', 33),
	(346, 'Consumable Physical Gift Card', '0', NULL, 0.000000, NULL, NULL, NULL, 0.150000, NULL, NULL, 'ETC', NULL),
	(347, 'Consumable Physical Gift Card', '0', NULL, 0.000000, NULL, NULL, NULL, 0.050000, NULL, NULL, 'IN', 346),
	(348, 'Musical Instruments', '0', NULL, 0.000000, NULL, NULL, NULL, 0.110000, NULL, NULL, 'IN', 26),
	(349, 'Office Products', '0', NULL, 0.000000, NULL, NULL, NULL, 0.070000, NULL, NULL, 'IN', 27),
	(350, 'Toys ', '0', NULL, 0.000000, NULL, NULL, NULL, 0.095000, NULL, NULL, 'IN', 36),
	(351, 'Sports & Outdoors', '0', NULL, 0.000000, NULL, NULL, NULL, 0.125000, NULL, NULL, 'IN', 32),
	(352, 'Gym Equipments ', '0', NULL, 0.000000, NULL, NULL, NULL, 0.150000, NULL, NULL, 'ETC', NULL),
	(353, 'Gym Equipments ', '0', NULL, 0.000000, NULL, NULL, NULL, 0.065000, NULL, NULL, 'IN', 352),
	(354, 'Bicycles', '0', NULL, 0.000000, NULL, NULL, NULL, 0.060000, NULL, NULL, 'IN', 49),
	(355, 'Industrial Supplies', '0', NULL, 0.000000, NULL, NULL, NULL, 0.080000, NULL, NULL, 'IN', 52),
	(356, 'Business & Scientific Supplies', '0', NULL, 0.000000, NULL, NULL, NULL, 0.150000, NULL, NULL, 'ETC', NULL),
	(357, 'Business & Scientific Supplies', '0', NULL, 0.000000, NULL, NULL, NULL, 0.115000, NULL, NULL, 'IN', 356),
	(358, 'Bean Bags and Inflatables ', '0', NULL, 0.000000, NULL, NULL, NULL, 0.150000, NULL, NULL, 'ETC', NULL),
	(359, 'Bean Bags and Inflatables ', '0', NULL, 0.000000, NULL, NULL, NULL, 0.070000, NULL, NULL, 'IN', 358),
	(360, 'Furniture', '0', NULL, 0.000000, NULL, NULL, NULL, 0.120000, NULL, NULL, 'IN', 16),
	(361, 'Large Appliances ', '0', NULL, 0.000000, NULL, NULL, NULL, 0.130000, NULL, NULL, 'IN', 24),
	(362, 'Automotive - Other Subcategories', '0', NULL, 0.000000, NULL, NULL, NULL, 0.210000, NULL, NULL, 'IN', 4),
	(363, 'Automotive - Tyres and Rims', '0', NULL, 0.000000, NULL, NULL, NULL, 0.050000, NULL, NULL, 'IN', 5),
	(364, 'Clocks', '0', NULL, 0.000000, NULL, NULL, NULL, 0.150000, NULL, NULL, 'ETC', NULL),
	(365, 'Clocks', '0', NULL, 0.000000, NULL, NULL, NULL, 0.170000, NULL, NULL, 'IN', 364),
	(366, 'Indoor Lighting (except LED bulbs and battens)', '0', NULL, 0.000000, NULL, NULL, NULL, 0.150000, NULL, NULL, 'ETC', NULL),
	(367, 'Indoor Lighting (except LED bulbs and battens)', '0', NULL, 0.000000, NULL, NULL, NULL, 0.115000, NULL, NULL, 'IN', 366),
	(368, 'LED Bulbs and Battens', '0', NULL, 0.000000, NULL, NULL, NULL, 0.150000, NULL, NULL, 'ETC', NULL),
	(369, 'LED Bulbs and Battens', '0', NULL, 0.000000, NULL, NULL, NULL, 0.030000, NULL, NULL, 'IN', 368),
	(370, 'Lawn & Garden- Solar devices', '0', NULL, 0.000000, NULL, NULL, NULL, 0.150000, NULL, NULL, 'ETC', NULL),
	(371, 'Lawn & Garden- Solar devices', '0', NULL, 0.000000, NULL, NULL, NULL, 0.050000, NULL, NULL, 'IN', 370),
	(372, 'Lawn & Garden- Chemical pest control', '0', NULL, 0.000000, NULL, NULL, NULL, 0.150000, NULL, NULL, 'ETC', NULL),
	(373, 'Lawn & Garden- Chemical pest control', '0', NULL, 0.000000, NULL, NULL, NULL, 0.030000, NULL, NULL, 'IN', 372),
	(374, 'Lawn & Garden- Other subcategories', '0', NULL, 0.000000, NULL, NULL, NULL, 0.150000, NULL, NULL, 'ETC', NULL),
	(375, 'Lawn & Garden- Other subcategories', '0', NULL, 0.000000, NULL, NULL, NULL, 0.100000, NULL, NULL, 'IN', 374),
	(376, 'Craft Materials', '0', NULL, 0.000000, NULL, NULL, NULL, 0.150000, NULL, NULL, 'ETC', NULL),
	(377, 'Craft Materials', '0', NULL, 0.000000, NULL, NULL, NULL, 0.075000, NULL, NULL, 'IN', 376),
	(378, 'Home', '0', NULL, 0.000000, NULL, NULL, NULL, 0.150000, NULL, NULL, 'ETC', NULL),
	(379, 'Home', '0', NULL, 0.000000, NULL, NULL, NULL, 0.170000, NULL, NULL, 'IN', 378),
	(380, 'Home Storage', '0', NULL, 0.000000, NULL, NULL, NULL, 0.150000, NULL, NULL, 'ETC', NULL),
	(381, 'Home Storage', '0', NULL, 0.000000, NULL, NULL, NULL, 0.120000, NULL, NULL, 'IN', 380),
	(382, 'Laptops', '0', NULL, 0.300000, NULL, NULL, NULL, 0.070000, NULL, NULL, 'FR', 335),
	(384, 'Furniture', '0', NULL, 0.250000, 175.000000, NULL, NULL, 0.153000, 0.102000, NULL, 'UK', 16),
	(385, 'Furniture', '0', NULL, 0.300000, 200.000000, NULL, NULL, 0.150000, 0.100000, NULL, 'DE,ES,NL', 16),
	(386, 'mattresses', '0', NULL, 0.000000, NULL, NULL, NULL, NULL, NULL, NULL, 'ETC', NULL),
	(387, 'mattresses', '0', NULL, 0.250000, NULL, NULL, NULL, 0.150000, NULL, NULL, 'UK', 386),
	(388, 'mattresses', '0', NULL, 0.300000, NULL, NULL, NULL, 0.150000, NULL, NULL, 'DE,FR,IT,ES,NL', 386),
	(389, 'Grocery & Gourmet', '0', 'gt', 0.000000, 10.000000, NULL, NULL, 0.080000, 0.150000, NULL, 'DE,ES,NL', 46),
	(390, 'Beauty', '0', 'gt', 0.300000, 10.000000, NULL, NULL, 0.080000, 0.150000, NULL, 'DE,ES,NL', 7),
	(391, 'Health & Personal Care', '0', 'gt', 0.300000, 10.000000, NULL, NULL, 0.080000, 0.150000, NULL, 'DE,ES,NL', 17),
	(392, 'Baby products (excluding Baby Clothing)', '0', 'gt', 0.250000, 10.000000, NULL, NULL, 0.081600, 0.153000, NULL, 'UK', 6),
	(393, 'Baby products (excluding Baby Clothing)', '0', 'gt', 0.300000, 10.000000, NULL, NULL, 0.080000, 0.150000, NULL, 'DE,ES,NL', 6),
	(394, 'Activewear', '0', NULL, 0.300000, NULL, NULL, NULL, 0.170000, NULL, NULL, 'US', NULL),
	(395, 'Baby Products (excluding Baby Apparel)', '0', 'gt', 10.000000, 200.000000, NULL, NULL, 0.080000, 0.150000, NULL, 'MX', 6),
	(396, 'Camera and Photo', '0', NULL, 10.000000, NULL, NULL, NULL, 0.100000, NULL, NULL, 'MX', 9),
	(397, 'Consumer Electronics', '0', NULL, 10.000000, NULL, NULL, NULL, 0.100000, NULL, NULL, 'MX', 13),
	(398, 'Electronics Accessories', '0', NULL, 10.000000, 2000.000000, NULL, NULL, 0.150000, 0.080000, NULL, 'MX', 14),
	(399, 'Grocery', '0', 'gt', 10.000000, 300.000000, NULL, NULL, 0.080000, 0.150000, NULL, 'MX', 46),
	(400, 'Home Entertainment', '0', NULL, 0.000000, NULL, NULL, NULL, 0.150000, NULL, NULL, 'ETC', NULL),
	(401, 'Home Entertainment', '0', NULL, 10.000000, NULL, NULL, NULL, 0.100000, NULL, NULL, 'MX', 400),
	(402, 'Home', '0', NULL, 10.000000, NULL, NULL, NULL, 0.150000, NULL, NULL, 'MX', 378),
	(403, 'Home Improvement', '0', NULL, 10.000000, NULL, NULL, NULL, 0.150000, NULL, NULL, 'MX', 34),
	(404, 'Kitchen', '0', NULL, 10.000000, NULL, NULL, NULL, 0.150000, NULL, NULL, 'MX', 22),
	(405, 'Musical Instruments', '0', NULL, 10.000000, NULL, NULL, NULL, 0.150000, NULL, NULL, 'MX', 26),
	(406, 'Office Products', '0', NULL, 10.000000, NULL, NULL, NULL, 0.100000, NULL, NULL, 'MX', 27),
	(407, 'Outdoors & Sports (excluding Sports Collectibles)', '0', NULL, 10.000000, NULL, NULL, NULL, 0.150000, NULL, NULL, 'MX', 32),
	(408, 'Personal Computers', '0', NULL, 10.000000, NULL, NULL, NULL, 0.100000, NULL, NULL, 'MX', 29),
	(409, 'Pet Supplies', '0', 'gt', 10.000000, 200.000000, NULL, NULL, 0.080000, 0.150000, NULL, 'MX', 18),
	(410, 'Power Tools', '0', NULL, 10.000000, NULL, NULL, NULL, 0.120000, NULL, NULL, 'MX', 35),
	(411, 'Toys & Games', '0', NULL, 10.000000, NULL, NULL, NULL, 0.150000, NULL, NULL, 'MX', 36),
	(412, 'Wireless', '0', NULL, 10.000000, NULL, NULL, NULL, 0.100000, NULL, NULL, 'MX', 287),
	(413, 'Books', '1', NULL, 0.000000, NULL, NULL, NULL, 0.150000, NULL, NULL, 'MX', 8),
	(414, 'Music', '1', NULL, 0.000000, NULL, NULL, NULL, 0.150000, NULL, NULL, 'MX', 101),
	(415, 'Video', '1', NULL, 0.000000, NULL, NULL, NULL, 0.150000, NULL, NULL, 'MX', 102),
	(416, 'Video Games', '1', NULL, 0.000000, NULL, NULL, NULL, 0.150000, NULL, NULL, 'MX', 104),
	(417, 'Software', '1', NULL, 0.000000, NULL, NULL, NULL, 0.150000, NULL, NULL, 'MX', 31),
	(418, 'DVD', '1', NULL, 0.000000, NULL, NULL, NULL, 0.150000, NULL, NULL, 'MX', 103),
	(419, 'Game Consoles', '0', NULL, 10.000000, NULL, NULL, NULL, 0.080000, NULL, NULL, 'MX', 39),
	(420, 'Automotive & Powersports', '0', NULL, 10.000000, NULL, NULL, NULL, 0.120000, NULL, NULL, 'MX', 4),
	(421, 'Tires', '0', NULL, 10.000000, NULL, NULL, NULL, 0.100000, NULL, NULL, 'MX', 5),
	(422, 'Beauty', '0', 'gt', 10.000000, 200.000000, NULL, NULL, 0.080000, 0.150000, NULL, 'MX', 7),
	(423, 'Beer, Wine & Spirits', '0', NULL, 10.000000, NULL, NULL, NULL, 0.080000, NULL, NULL, 'MX', 42),
	(424, 'Health & Personal Care', '0', 'gt', 10.000000, 200.000000, NULL, NULL, 0.080000, 0.150000, NULL, 'MX', 17),
	(425, 'Clothing, Shoes & Accessories', '0', NULL, 10.000000, NULL, NULL, NULL, 0.150000, NULL, NULL, 'MX', 11),
	(426, 'Luggage', '0', NULL, 10.000000, NULL, NULL, NULL, 0.150000, NULL, NULL, 'MX', 23),
	(427, 'Watches', '0', NULL, 20.000000, 5000.000000, NULL, NULL, 0.160000, 0.050000, NULL, 'MX', 40),
	(428, 'Jewelry,Jewellery', '0', NULL, 20.000000, 5000.000000, NULL, NULL, 0.200000, 0.050000, NULL, 'MX', 21),
	(429, 'Industrial & Scientific', '0', NULL, 10.000000, NULL, NULL, NULL, 0.120000, NULL, NULL, 'MX', 20),
	(430, 'Business', '0', NULL, 10.000000, NULL, NULL, NULL, 0.120000, NULL, NULL, 'MX', 356),
	(431, 'Everything Else', '0', NULL, 10.000000, NULL, NULL, NULL, 0.150000, NULL, NULL, 'MX', 41),
	(432, 'Amazon Device Accessories', '0', NULL, 0.300000, NULL, NULL, NULL, 0.463500, NULL, NULL, 'FR,IT', 2),
	(433, 'Amazon Device Accessories', '0', NULL, 0.300000, NULL, NULL, NULL, 0.450000, NULL, NULL, 'DE,ES,NL', 2),
	(434, 'Additive Manufacturing', '0', NULL, 0.300000, NULL, NULL, NULL, 0.120000, NULL, NULL, 'DE,ES,NL', 51),
	(436, 'Baby Products (excluding Baby Clothing)', '0', 'gt', 0.300000, 10.000000, NULL, NULL, 0.082400, 0.154500, NULL, 'FR,IT', 6),
	(437, 'Beauty', '0', 'gt', 0.300000, 10.000000, NULL, NULL, 0.080000, 0.150000, NULL, 'FR,IT', 7),
	(438, 'Beer, Wine & Spirits', '0', NULL, 0.000000, NULL, NULL, NULL, 0.103000, NULL, NULL, 'FR,IT', 42),
	(439, 'Books, Music, VHS, DVD', '1', NULL, 0.000000, NULL, NULL, NULL, 0.154500, NULL, NULL, 'FR.IT', 8),
	(440, 'Business, Industrial & Scientific Supplies', '0', NULL, 0.250000, NULL, NULL, NULL, 0.153000, NULL, NULL, 'UK', 356),
	(441, 'Business, Industrial & Scientific Supplies', '0', NULL, 0.300000, NULL, NULL, NULL, 0.150000, NULL, NULL, 'DE,ES,NL', 356),
	(442, 'Business, Industrial & Scientific Supplies', '0', NULL, 0.300000, NULL, NULL, NULL, 0.154500, NULL, NULL, 'FR,IT', 356),
	(443, 'Car & Motorbike', '0', NULL, 0.300000, NULL, NULL, NULL, 0.154500, NULL, NULL, 'FR,IT', 444),
	(444, 'Car & Motorbike', '0', NULL, 0.000000, NULL, NULL, NULL, 0.150000, NULL, NULL, 'ETC', NULL),
	(445, 'Clothing', '0', NULL, 0.300000, 45.000000, NULL, NULL, 0.150000, 0.070000, NULL, 'DE,ES,NL', 11),
	(446, 'Clothing', '0', NULL, 0.300000, 45.000000, NULL, NULL, 0.154500, 0.072100, NULL, 'FR,IT', 11),
	(447, 'Shoes', '0', NULL, 0.250000, 40.000000, NULL, NULL, 0.153000, 0.071400, NULL, 'UK', 30),
	(448, 'Shoes', '0', NULL, 0.300000, 45.000000, NULL, NULL, 0.150000, 0.070000, NULL, 'DE,ES,NL', 30),
	(449, 'Shoes', '0', NULL, 0.300000, 45.000000, NULL, NULL, 0.154500, 0.072100, NULL, 'FR,IT', 30),
	(450, 'Bags', '0', NULL, 0.250000, 40.000000, NULL, NULL, 0.153000, 0.071400, NULL, 'UK', 260),
	(451, 'Bags', '0', NULL, 0.300000, 45.000000, NULL, NULL, 0.150000, 0.070000, NULL, 'DE,ES,NL', 260),
	(452, 'Bags', '0', NULL, 0.300000, 45.000000, NULL, NULL, 0.154500, 0.072100, NULL, 'FR,IT', 260),
	(453, 'Computers', '0', NULL, 0.300000, NULL, NULL, NULL, 0.072100, NULL, NULL, 'FR,IT', 29),
	(454, 'Computer Accessories', '0', NULL, 0.300000, 100.000000, NULL, NULL, 0.154500, 0.052400, NULL, 'FR,IT', 43),
	(455, 'Consumer Electronics', '0', NULL, 0.300000, NULL, NULL, NULL, 0.072100, NULL, NULL, 'FR,IT', 13),
	(456, 'DIY & Tools', '0', NULL, 0.300000, NULL, NULL, NULL, 0.120000, NULL, NULL, 'DE,ES,NL', 45),
	(457, 'DIY & Tools', '0', NULL, 0.300000, NULL, NULL, NULL, 0.123600, NULL, NULL, 'FR,IT', 45),
	(458, 'Education Supplies', '0', NULL, 0.300000, NULL, NULL, NULL, 0.154500, NULL, NULL, 'FR,IT', 155),
	(459, 'Education Supplies', '0', NULL, 0.300000, NULL, NULL, NULL, 0.150000, NULL, NULL, 'DE,ES,NL', 155),
	(460, 'Electronic Accessories', '0', NULL, 0.300000, 100.000000, NULL, NULL, 0.154500, 0.082400, NULL, 'FR,IT', 14),
	(461, 'Flow Control & Filtration', '0', NULL, 0.300000, NULL, NULL, NULL, 0.123600, NULL, NULL, 'FR,IT', 157),
	(462, 'Fluid Transfer', '0', NULL, 0.300000, NULL, NULL, NULL, 0.123600, NULL, NULL, 'FR,IT', 160),
	(463, 'Food Service', '0', NULL, 0.300000, NULL, NULL, NULL, 0.154500, NULL, NULL, 'FR,IT', 50),
	(464, 'Furniture', '0', NULL, 0.300000, 200.000000, NULL, NULL, 0.154500, 0.103000, NULL, 'FR,IT', 16),
	(465, 'Grocery & Gourmet', '0', 'gt', 0.000000, 10.000000, NULL, NULL, 0.082400, 0.154500, NULL, 'FR,IT', 46),
	(466, 'Health & Personal Care', '0', 'gt', 0.300000, 10.000000, NULL, NULL, 0.082400, 0.154500, NULL, 'FR,IT', 17),
	(467, 'Industrial Electrical Supplies', '0', NULL, 0.300000, NULL, NULL, NULL, 0.123600, NULL, NULL, 'FR,IT', 164),
	(468, 'Industrial Tools & Instruments', '0', NULL, 0.300000, NULL, NULL, NULL, 0.123600, NULL, NULL, 'FR,IT', 52),
	(469, 'Jewellery', '0', NULL, 0.300000, 250.000000, NULL, NULL, 0.206000, 0.051500, NULL, 'FR,IT', 21),
	(471, 'Large Appliances (with the exception of Accessories, Microwaves and Range Hoods)', '0', NULL, 0.300000, NULL, NULL, NULL, 0.072100, NULL, NULL, 'FR,IT', 24),
	(472, 'Material Handling', '0', NULL, 0.300000, NULL, NULL, NULL, 0.123600, NULL, NULL, 'FR,IT', 142),
	(473, 'Metalworking', '0', NULL, 0.300000, NULL, NULL, NULL, 0.123600, NULL, NULL, 'FR.IT', 143),
	(474, 'Musical Instruments & DJ', '0', NULL, 0.300000, NULL, NULL, NULL, 0.123600, NULL, NULL, 'FR,IT', 26),
	(475, 'Personal Care Appliances', '0', 'gt', 0.250000, 10.000000, NULL, NULL, 0.081600, 0.153000, NULL, 'UK', 251),
	(476, 'Personal Care Appliances', '0', 'gt', 0.300000, 10.000000, NULL, NULL, 0.080000, 0.150000, NULL, 'DE,ES,NL', 251),
	(477, 'Personal Care Appliances', '0', 'gt', 0.300000, 10.000000, NULL, NULL, 0.082400, 0.154500, NULL, 'FR,IT', 251),
	(478, 'Renewable Energy Supplies', '0', NULL, 0.250000, NULL, NULL, NULL, 0.122400, NULL, NULL, 'UK', 479),
	(479, 'Renewable Energy Supplies', '0', NULL, 0.000000, NULL, NULL, NULL, 0.150000, NULL, NULL, 'ETC', NULL),
	(480, 'Renewable Energy Supplies', '0', NULL, 0.300000, NULL, NULL, NULL, 0.120000, NULL, NULL, 'DE,ES,NL', 479),
	(481, 'Renewable Energy Supplies', '0', NULL, 0.300000, NULL, NULL, NULL, 0.123600, NULL, NULL, 'FR,IT', 479),
	(482, 'Software', '1', NULL, 0.000000, NULL, NULL, NULL, 0.154500, NULL, NULL, 'FR,IT', 31),
	(483, 'Sports & Outdoors', '0', NULL, 0.250000, NULL, NULL, NULL, 0.153000, NULL, NULL, 'UK', 32),
	(484, 'Sports & Outdoors', '0', NULL, 0.300000, NULL, NULL, NULL, 0.154500, NULL, NULL, 'FR,IT', 32),
	(485, 'Tyres', '0', NULL, 0.300000, NULL, NULL, NULL, 0.072100, NULL, NULL, 'FR,IT', 5),
	(486, 'Video Game Consoles', '1', NULL, 0.000000, NULL, NULL, NULL, 0.082400, NULL, NULL, 'FR,IT', 39),
	(487, 'Video Games', '1', NULL, 0.000000, NULL, NULL, NULL, 0.150000, NULL, NULL, 'DE,ES,NL', 104),
	(488, 'Video Games', '1', NULL, 0.000000, NULL, NULL, NULL, 0.154500, NULL, NULL, 'FR,IT', 104),
	(489, 'Watches', '0', NULL, 0.300000, 250.000000, NULL, NULL, 0.154500, 0.051500, NULL, 'FR,IT', 40),
	(490, 'Handmade', '0', NULL, 0.000000, NULL, NULL, NULL, 0.150000, NULL, NULL, 'ETC', NULL),
	(491, 'Handmade', '0', NULL, 0.250000, NULL, NULL, NULL, 0.122400, NULL, NULL, 'UK', 490),
	(492, 'Handmade', '0', NULL, 0.300000, NULL, NULL, NULL, 0.120000, NULL, NULL, 'DE,ES,NL', 490),
	(493, 'Handmade', '0', NULL, 0.300000, NULL, NULL, NULL, 0.123600, NULL, NULL, 'FR,IT', 490),
	(494, 'Everything Else', '0', NULL, 0.300000, NULL, NULL, NULL, 0.150000, NULL, NULL, 'FR,IT', 41),
	(495, 'Home', '0', NULL, 0.250000, NULL, NULL, NULL, 0.153000, NULL, NULL, 'UK', 378),
	(497, 'Camera', '0', NULL, 3.000000, NULL, NULL, NULL, 0.150000, NULL, NULL, 'AE', 9),
	(502, 'PC store', '0', NULL, 3.000000, NULL, NULL, NULL, 0.150000, NULL, NULL, 'AE', 29),
	(503, 'Perfumes', '0', NULL, 3.000000, NULL, NULL, NULL, 0.150000, NULL, NULL, 'AE', 247),
	(504, 'Sports &Outdoor', '0', NULL, 3.000000, NULL, NULL, NULL, 0.150000, NULL, NULL, 'AE', 32),
	(505, 'Stamps collectibles', '0', NULL, 3.000000, NULL, NULL, NULL, 0.150000, NULL, NULL, 'AE', 12),
	(506, 'Tools', '0', NULL, 3.000000, NULL, NULL, NULL, 0.150000, NULL, NULL, 'AE', 45),
	(507, 'Video & DVD', '0', NULL, 3.000000, NULL, NULL, NULL, 0.150000, NULL, NULL, 'AE', 102),
	(508, 'All Other Categories', '0', NULL, 3.000000, NULL, NULL, NULL, 0.150000, NULL, NULL, 'AE', 41),
	(512, 'Music instruments', '0', NULL, 0.000000, NULL, NULL, NULL, 0.150000, NULL, NULL, 'SA', 26),
	(515, 'Perfumes', '0', NULL, 0.000000, NULL, NULL, NULL, 0.150000, NULL, NULL, 'SA', 247),
	(516, 'Sports & Outdoor', '0', NULL, 0.000000, NULL, NULL, NULL, 0.150000, NULL, NULL, 'SA', 32),
	(517, 'Stamps collectibles', '0', NULL, 0.000000, NULL, NULL, NULL, 0.150000, NULL, NULL, 'SA', 12),
	(518, 'Tools', '0', NULL, 0.000000, NULL, NULL, NULL, 0.150000, NULL, NULL, 'SA', 45),
	(519, 'Video & DVD', '0', NULL, 0.000000, NULL, NULL, NULL, 0.150000, NULL, NULL, 'SA', 102),
	(521, 'Portable Audio', '0', NULL, 0.000000, NULL, NULL, NULL, 0.150000, NULL, NULL, 'SA', 310),
	(522, 'Production of additives', '0', NULL, 1.000000, NULL, NULL, NULL, 0.120000, NULL, NULL, 'PL', 51),
	(523, 'Accessories for Amazon devices', '0', NULL, 1.000000, NULL, NULL, NULL, 0.450000, NULL, NULL, 'PL', 2),
	(524, 'Baby products (no baby clothes)', '0', NULL, 1.000000, 40.000000, NULL, NULL, 0.080000, 0.150000, NULL, 'PL', 6),
	(525, 'Beauty', '0', NULL, 1.000000, 40.000000, NULL, NULL, 0.080000, 0.150000, NULL, 'PL', 7),
	(526, 'Books, music, VHS, DVD', '0', NULL, 1.000000, NULL, NULL, NULL, 0.150000, NULL, NULL, 'PL', 8),
	(527, 'Business, Industrial & Scientific Supplies', '0', NULL, 1.000000, NULL, NULL, NULL, 0.150000, NULL, NULL, 'PL', 356),
	(528, 'Car & Motorbike', '0', NULL, 1.000000, NULL, NULL, NULL, 0.150000, NULL, NULL, 'PL', 444),
	(529, 'Clothing, Shoes & Accessories', '0', NULL, 1.000000, 180.000000, NULL, NULL, 0.150000, 0.070000, NULL, 'PL', 11),
	(530, 'Computers', '0', NULL, 1.000000, NULL, NULL, NULL, 0.070000, NULL, NULL, 'PL', 29),
	(531, 'Computer accessories', '0', NULL, 1.000000, 400.000000, NULL, NULL, 0.150000, 0.080000, NULL, 'PL', 43),
	(532, 'Consumer electronics', '0', NULL, 1.000000, NULL, NULL, NULL, 0.070000, NULL, NULL, 'PL', 13),
	(533, 'DIY & Tools', '0', NULL, 1.000000, NULL, NULL, NULL, 0.120000, NULL, NULL, 'PL', 45),
	(534, 'Educational materials', '0', NULL, 1.000000, NULL, NULL, NULL, 0.150000, NULL, NULL, 'PL', 155),
	(535, 'Electronic accessories', '0', NULL, 1.000000, 400.000000, NULL, NULL, 0.150000, 0.080000, NULL, 'PL', 14),
	(536, 'Health & personal Care', '0', NULL, 1.000000, 40.000000, NULL, NULL, 0.080000, 0.150000, NULL, 'PL', 17),
	(537, 'Home & kitchen', '0', NULL, 1.000000, NULL, NULL, NULL, 0.150000, NULL, NULL, 'PL', 22),
	(538, 'Industrial Tools & Instruments', '0', NULL, 1.000000, NULL, NULL, NULL, 0.120000, NULL, NULL, 'PL', 52),
	(539, 'Industrial Electrical Supplies', '0', NULL, 1.000000, NULL, NULL, NULL, 0.120000, NULL, NULL, 'PL', 164),
	(540, 'Jewelry', '0', NULL, 1.000000, 1000.000000, NULL, NULL, 0.200000, 0.050000, NULL, 'PL', 21),
	(541, 'Material Handling', '0', NULL, 1.000000, NULL, NULL, NULL, 0.120000, NULL, NULL, 'PL', 142),
	(542, 'Metalworking', '0', NULL, 1.000000, NULL, NULL, NULL, 0.120000, NULL, NULL, 'PL', 143),
	(543, 'Musical Instruments & DJ', '0', NULL, 1.000000, NULL, NULL, NULL, 0.120000, NULL, NULL, 'PL', 26),
	(544, 'Software', '0', NULL, NULL, NULL, NULL, NULL, 0.150000, NULL, NULL, 'PL', 31),
	(545, 'Sports & Outdoors', '0', NULL, 1.000000, NULL, NULL, NULL, 0.150000, NULL, NULL, 'PL', 32),
	(546, 'Tires', '0', NULL, 1.000000, NULL, NULL, NULL, 0.070000, NULL, NULL, 'PL', 5),
	(547, 'Video Games', '0', NULL, NULL, NULL, NULL, NULL, 0.150000, NULL, NULL, 'PL', 104),
	(548, 'Video Game Consoles', '0', NULL, NULL, NULL, NULL, NULL, 0.080000, NULL, NULL, 'PL', 39),
	(549, 'Watches', '0', NULL, 1.000000, 1000.000000, NULL, NULL, 0.150000, 0.050000, NULL, 'PL', 40),
	(550, 'Everything else', '0', NULL, 1.000000, NULL, NULL, NULL, 0.150000, NULL, NULL, 'PL', 41),
	(551, 'Flow Control & Filtration', '0', NULL, 1.000000, NULL, NULL, NULL, 0.120000, NULL, NULL, 'PL', 157),
	(552, 'Fluid Transfer', '0', NULL, 1.000000, NULL, NULL, NULL, 0.120000, NULL, NULL, 'PL', 160),
	(553, 'Lawn & Garden', '0', NULL, 1.000000, NULL, NULL, NULL, 0.150000, NULL, NULL, 'PL', 370),
	(554, 'Luggage', '0', NULL, 1.000000, NULL, NULL, NULL, 0.150000, NULL, NULL, 'PL', 23),
	(555, 'Office Products', '0', NULL, 1.000000, NULL, NULL, NULL, 0.150000, NULL, NULL, 'PL', 27),
	(556, 'Pet Products', '0', NULL, 1.000000, NULL, NULL, NULL, 0.150000, NULL, NULL, 'PL', 18),
	(557, 'Personal Care Appliances', '0', NULL, 1.000000, 40.000000, NULL, NULL, 0.080000, 0.150000, NULL, 'PL', 251),
	(558, 'Cycling Accessories', '0', NULL, 1.000000, NULL, NULL, NULL, 0.080000, NULL, NULL, 'PL', 49),
	(559, 'Toys', '0', NULL, 1.000000, NULL, NULL, NULL, 0.150000, NULL, NULL, 'PL', 36),
	(560, 'Additive Manufacturing', '0', NULL, 3.000000, NULL, NULL, NULL, 0.120000, NULL, NULL, 'SE', 51),
	(561, 'Amazon Device Accessories', '0', NULL, 3.000000, NULL, NULL, NULL, 0.450000, NULL, NULL, 'SE', 2),
	(562, 'Baby products (no baby clothes)', '0', NULL, 3.000000, 105.000000, NULL, NULL, 0.080000, 0.150000, NULL, 'SE', 6),
	(563, 'Beauty', '0', NULL, 3.000000, 105.000000, NULL, NULL, 0.080000, 0.150000, NULL, 'SE', 7),
	(564, 'Books, music, VHS, DVD', '0', NULL, 3.000000, NULL, NULL, NULL, 0.150000, NULL, NULL, 'SE', 8),
	(565, 'Business, Industrial & Scientific Supplies', '0', NULL, 3.000000, NULL, NULL, NULL, 0.150000, NULL, NULL, 'SE', 356),
	(566, 'Car & Motorbike', '0', NULL, 3.000000, NULL, NULL, NULL, 0.150000, NULL, NULL, 'SE', 444),
	(567, 'Clothing, Shoes and Bags', '0', NULL, 3.000000, 470.000000, NULL, NULL, 0.150000, 0.070000, NULL, 'SE', 30),
	(568, 'Computers', '0', NULL, 3.000000, NULL, NULL, NULL, 0.070000, NULL, NULL, 'SE', 29),
	(569, 'Computer Accessories', '0', NULL, 3.000000, 1050.000000, NULL, NULL, 0.150000, 0.080000, NULL, 'SE', 43),
	(570, 'Consumer Electronics', '0', NULL, 3.000000, NULL, NULL, NULL, 0.070000, NULL, NULL, 'SE', 13),
	(571, 'Cycling Accessories', '0', NULL, 3.000000, NULL, NULL, NULL, 0.080000, NULL, NULL, 'SE', 49),
	(572, 'DIY & Tools', '0', NULL, 3.000000, NULL, NULL, NULL, 0.120000, NULL, NULL, 'SE', 45),
	(573, 'Education Supplies', '0', NULL, 3.000000, NULL, NULL, NULL, 0.150000, NULL, NULL, 'SE', 155),
	(574, 'Electronic Accessories', '0', NULL, 3.000000, 1050.000000, NULL, NULL, 0.150000, 0.080000, NULL, 'SE', 14),
	(575, 'Health & Personal Care', '0', NULL, 3.000000, 105.000000, NULL, NULL, 0.080000, 0.150000, NULL, 'SE', 17),
	(576, 'Home & kitchen', '0', NULL, 3.000000, NULL, NULL, NULL, 0.150000, NULL, NULL, 'SE', 22),
	(577, 'Industrial Tools & Instruments', '0', NULL, 3.000000, NULL, NULL, NULL, 0.120000, NULL, NULL, 'SE', 52),
	(578, 'Industrial Electrical Supplies', '0', NULL, 3.000000, NULL, NULL, NULL, 0.120000, NULL, NULL, 'SE', 164),
	(579, 'Jewelry', '0', NULL, 3.000000, 2600.000000, NULL, NULL, 0.200000, 0.050000, NULL, 'SE', 21),
	(580, 'Material Handling', '0', NULL, 3.000000, NULL, NULL, NULL, 0.120000, NULL, NULL, 'SE', 142),
	(581, 'Metalworking', '0', NULL, 3.000000, NULL, NULL, NULL, 0.120000, NULL, NULL, 'SE', 143),
	(582, 'Musical Instruments & DJ', '0', NULL, 3.000000, NULL, NULL, NULL, 0.120000, NULL, NULL, 'SE', 26),
	(583, 'Personal Care Appliances', '0', NULL, 3.000000, 105.000000, NULL, NULL, 0.080000, 0.150000, NULL, 'SE', 251),
	(584, 'Software', '0', NULL, NULL, NULL, NULL, NULL, 0.150000, NULL, NULL, 'SE', 31),
	(585, 'Sports & Outdoors', '0', NULL, 3.000000, NULL, NULL, NULL, 0.150000, NULL, NULL, 'SE', 32),
	(586, 'Tires', '0', NULL, 3.000000, NULL, NULL, NULL, 0.070000, NULL, NULL, 'SE', 5),
	(587, 'Video Games', '0', NULL, NULL, NULL, NULL, NULL, 0.150000, NULL, NULL, 'SE', 104),
	(588, 'Video Game Consoles', '0', NULL, NULL, NULL, NULL, NULL, 0.080000, NULL, NULL, 'SE', 39),
	(589, 'Watches', '0', NULL, 3.000000, 2600.000000, NULL, NULL, 0.150000, 0.050000, NULL, 'SE', 40),
	(590, 'Everything else', '0', NULL, 3.000000, NULL, NULL, NULL, 0.150000, NULL, NULL, 'SE', 41),
	(591, 'Flow Control & Filtration', '0', NULL, 3.000000, NULL, NULL, NULL, 0.120000, NULL, NULL, 'SE', 157),
	(592, 'Fluid Transfer', '0', NULL, 3.000000, NULL, NULL, NULL, 0.120000, NULL, NULL, 'SE', 160),
	(593, 'Furniture', '0', NULL, 3.000000, 2100.000000, NULL, NULL, 0.150000, 0.100000, NULL, 'SE', 16),
	(594, 'Grocery & Gourmet', '0', NULL, 3.000000, 105.000000, NULL, NULL, 0.080000, 0.150000, NULL, 'SE', 46),
	(595, 'Apparel', '0', NULL, 3.000000, NULL, NULL, NULL, 0.150000, NULL, NULL, 'AE', 11),
	(596, 'Automotive', '0', NULL, 3.000000, NULL, NULL, NULL, 0.100000, NULL, NULL, 'AE', 4),
	(597, 'Baby', '0', NULL, 3.000000, 50.000000, NULL, NULL, 0.080000, 0.110000, NULL, 'AE', 6),
	(598, 'Beauty', '0', NULL, 3.000000, NULL, NULL, NULL, 0.090000, NULL, NULL, 'AE', 7),
	(599, 'Books', '1', NULL, 3.000000, NULL, NULL, NULL, 0.100000, NULL, NULL, 'AE', 8),
	(601, 'Consumer Electronics', '0', NULL, 3.000000, NULL, NULL, NULL, 0.050000, NULL, NULL, 'AE', 13),
	(602, 'Electronics Accessories', '0', NULL, 3.000000, 250.000000, NULL, NULL, 0.100000, 0.080000, NULL, 'AE', 14),
	(603, 'Furniture', '0', NULL, 3.000000, NULL, NULL, NULL, 0.100000, NULL, NULL, 'AE', 16),
	(604, 'Gift Cards', '0', NULL, 3.000000, NULL, NULL, NULL, 0.050000, NULL, NULL, 'AE', 346),
	(605, 'Grocery', '0', NULL, 3.000000, NULL, NULL, NULL, 0.090000, NULL, NULL, 'AE', 46),
	(606, 'Health & Personal Care', '0', NULL, 3.000000, 50.000000, NULL, NULL, 0.080000, 0.110000, NULL, 'AE', 17),
	(607, 'Home', '0', NULL, 3.000000, NULL, NULL, NULL, 0.100000, NULL, NULL, 'AE', 378),
	(608, 'Jewelry', '0', NULL, 3.000000, 1000.000000, NULL, NULL, 0.150000, 0.050000, NULL, 'AE', 21),
	(609, 'Kitchen', '0', NULL, 3.000000, NULL, NULL, NULL, 0.100000, NULL, NULL, 'AE', 22),
	(610, 'Luggage', '0', NULL, 3.000000, NULL, NULL, NULL, 0.150000, NULL, NULL, 'AE', 23),
	(611, 'Major appliances', '0', NULL, 3.000000, NULL, NULL, NULL, 0.060000, NULL, NULL, 'AE', 24),
	(612, 'Mobile Phones', '0', NULL, 3.000000, NULL, NULL, NULL, 0.040000, NULL, NULL, 'AE', 337),
	(613, 'Music', '0', NULL, 3.000000, NULL, NULL, NULL, 0.100000, NULL, NULL, 'AE', 101),
	(614, 'Music instruments', '0', NULL, 3.000000, NULL, NULL, NULL, 0.110000, NULL, NULL, 'AE', 26),
	(615, 'Office products', '0', NULL, 3.000000, NULL, NULL, NULL, 0.110000, NULL, NULL, 'AE', 27),
	(617, 'PC store', '0', NULL, 3.000000, NULL, NULL, NULL, 0.050000, NULL, NULL, 'AE', 31),
	(619, 'Personal care Appliances', '0', NULL, 3.000000, NULL, NULL, NULL, 0.090000, NULL, NULL, 'AE', 251),
	(620, 'Pet Products', '0', NULL, 3.000000, NULL, NULL, NULL, 0.090000, NULL, NULL, 'AE', 18),
	(621, 'Shoes', '0', NULL, 3.000000, NULL, NULL, NULL, 0.150000, NULL, NULL, 'AE', 30),
	(622, 'Small Appliances', '0', NULL, 3.000000, NULL, NULL, NULL, 0.100000, NULL, NULL, 'AE', 279),
	(624, 'Stamps collectibles', '0', NULL, 3.000000, NULL, NULL, NULL, 0.100000, NULL, NULL, 'AE', 15),
	(625, 'Tools', '0', NULL, 3.000000, NULL, NULL, NULL, 0.110000, NULL, NULL, 'AE', 34),
	(626, 'Toys', '0', NULL, 3.000000, NULL, NULL, NULL, 0.110000, NULL, NULL, 'AE', 36),
	(627, 'Video & DVD', '0', NULL, 3.000000, NULL, NULL, NULL, 0.100000, NULL, NULL, 'AE', 103),
	(628, 'Video Game Consoles', '0', NULL, 3.000000, NULL, NULL, NULL, 0.050000, NULL, NULL, 'AE', 39),
	(629, 'Video Games', '0', NULL, 3.000000, NULL, NULL, NULL, 0.100000, NULL, NULL, 'AE', 104),
	(630, 'Watches', '0', NULL, 3.000000, 5000.000000, NULL, NULL, 0.150000, 0.050000, NULL, 'AE', 40),
	(632, 'Apparel', '0', NULL, 0.000000, NULL, NULL, NULL, 0.150000, NULL, NULL, 'SA', 11),
	(633, 'Automotive', '0', NULL, 0.000000, NULL, NULL, NULL, 0.070000, NULL, NULL, 'SA', 4),
	(634, 'Baby', '0', NULL, 0.000000, NULL, NULL, NULL, 0.140000, NULL, NULL, 'SA', 6),
	(635, 'Beauty', '0', NULL, 0.000000, NULL, NULL, NULL, 0.070000, NULL, NULL, 'SA', 7),
	(636, 'Books', '0', NULL, 0.000000, NULL, NULL, NULL, 0.100000, NULL, NULL, 'SA', 8),
	(637, 'Camera', '0', NULL, 0.000000, NULL, NULL, NULL, 0.050000, NULL, NULL, 'SA', 9),
	(638, 'Consumer Electronics', '0', NULL, 0.000000, NULL, NULL, NULL, 0.050000, NULL, NULL, 'SA', 13),
	(639, 'Electronics Accessories', '0', NULL, 0.000000, NULL, NULL, NULL, 0.070000, NULL, NULL, 'SA', 14),
	(640, 'Furniture', '0', NULL, 0.000000, NULL, NULL, NULL, 0.150000, NULL, NULL, 'SA', 16),
	(641, 'Gift Cards', '0', NULL, 0.000000, NULL, NULL, NULL, 0.100000, NULL, NULL, 'SA', 346),
	(642, 'Grocery', '0', NULL, 0.000000, 25.000000, NULL, NULL, 0.030000, 0.090000, NULL, 'SA', 46),
	(643, 'Health & Personal Care', '0', NULL, 3.000000, NULL, NULL, NULL, 0.070000, NULL, NULL, 'SA', 17),
	(644, 'Home', '0', NULL, 0.000000, NULL, NULL, NULL, 0.100000, NULL, NULL, 'SA', 378),
	(645, 'Jewelry', '0', NULL, 0.000000, 1000.000000, NULL, NULL, 0.150000, 0.050000, NULL, 'SA', 21),
	(646, 'Kitchen', '0', NULL, 0.000000, NULL, NULL, NULL, 0.080000, NULL, NULL, 'SA', 22),
	(647, 'Luggage', '0', NULL, 0.000000, NULL, NULL, NULL, 0.150000, NULL, NULL, 'SA', 23),
	(648, 'Major appliances', '0', NULL, 0.000000, NULL, NULL, NULL, 0.050000, NULL, NULL, 'SA', 24),
	(649, 'Mobile Phones', '0', NULL, 0.000000, NULL, NULL, NULL, 0.050000, NULL, NULL, 'SA', 337),
	(650, 'Music', '0', NULL, 0.000000, NULL, NULL, NULL, 0.150000, NULL, NULL, 'SA', 101),
	(652, 'Office products', '0', NULL, 0.000000, NULL, NULL, NULL, 0.150000, NULL, NULL, 'SA', 27),
	(654, 'Personal computers', '0', NULL, 0.000000, NULL, NULL, NULL, 0.050000, NULL, NULL, 'SA', 29),
	(656, 'Personal care Appliances', '0', NULL, 0.000000, NULL, NULL, NULL, 0.090000, NULL, NULL, 'SA', 251),
	(657, 'Pet Products', '0', NULL, 0.000000, NULL, NULL, NULL, 0.140000, NULL, NULL, 'SA', 18),
	(659, 'Shoes', '0', NULL, 0.000000, NULL, NULL, NULL, 0.150000, NULL, NULL, 'SA', 30),
	(660, 'Small Appliances', '0', NULL, 0.000000, NULL, NULL, NULL, 0.100000, NULL, NULL, 'SA', 279),
	(661, 'Sports', '0', NULL, 0.000000, NULL, NULL, NULL, 0.100000, NULL, NULL, 'SA', 33),
	(662, 'Stamps collectibles', '0', NULL, 0.000000, NULL, NULL, NULL, 0.100000, NULL, NULL, 'SA', 15),
	(663, 'Tools', '0', NULL, 0.000000, NULL, NULL, NULL, 0.080000, NULL, NULL, 'SA', 34),
	(664, 'Toys', '0', NULL, 0.000000, NULL, NULL, NULL, 0.100000, NULL, NULL, 'SA', 36),
	(665, 'Video & DVD', '0', NULL, 0.000000, NULL, NULL, NULL, 0.100000, NULL, NULL, 'SA', 103),
	(666, 'Video Game Consoles', '0', NULL, 0.000000, NULL, NULL, NULL, 0.050000, NULL, NULL, 'SA', 39),
	(667, 'Video Games', '0', NULL, 0.000000, NULL, NULL, NULL, 0.100000, NULL, NULL, 'SA', 104),
	(668, 'Watches', '0', NULL, 0.000000, 5000.000000, NULL, NULL, 0.150000, 0.050000, NULL, 'SA', 40),
	(669, 'Wireless', '0', NULL, 0.000000, NULL, NULL, NULL, 0.100000, NULL, NULL, 'SA', 287),
	(670, 'All Other Categories', '0', NULL, 0.000000, NULL, NULL, NULL, 0.100000, NULL, NULL, 'SA', 41),
	(671, 'Camera', '0', NULL, 0.000000, NULL, NULL, NULL, 0.060000, NULL, NULL, 'TR', 9),
	(672, 'Mobile Phones', '0', NULL, 0.000000, NULL, NULL, NULL, 0.060000, NULL, NULL, 'TR', 10),
	(673, 'Clothes', '0', NULL, 0.000000, NULL, NULL, NULL, 0.100000, NULL, NULL, 'TR', 11),
	(674, 'Computer', '0', NULL, 0.000000, NULL, NULL, NULL, 0.060000, NULL, NULL, 'TR', 29),
	(675, 'Electronic', '0', NULL, 0.000000, NULL, NULL, NULL, 0.060000, NULL, NULL, 'TR', 310),
	(676, 'Electronic Accessories', '0', NULL, 0.000000, NULL, NULL, NULL, 0.100000, NULL, NULL, 'TR', 14),
	(677, 'Personal Care Devices', '0', NULL, 0.000000, NULL, NULL, NULL, 0.100000, NULL, NULL, 'TR', 17),
	(678, 'DIY Market', '0', NULL, 0.000000, NULL, NULL, NULL, 0.100000, NULL, NULL, 'TR', 45),
	(679, 'Furniture', '0', NULL, 0.000000, NULL, NULL, NULL, 0.200000, NULL, NULL, 'TR', 16),
	(680, 'Kitchen', '0', NULL, 0.000000, NULL, NULL, NULL, 0.060000, NULL, NULL, 'TR', 22),
	(681, 'White Goods', '0', NULL, 0.000000, NULL, NULL, NULL, 0.070000, NULL, NULL, 'TR', 34),
	(682, 'Toys and Games', '0', NULL, 0.000000, NULL, NULL, NULL, 0.100000, NULL, NULL, 'TR', 36),
	(683, 'Books', '0', NULL, 0.000000, NULL, NULL, NULL, 0.100000, NULL, NULL, 'TR', 8),
	(684, 'Baby Products', '0', NULL, 0.000000, NULL, NULL, NULL, 0.100000, NULL, NULL, 'TR', 6),
	(685, 'Office Products', '0', NULL, 0.000000, NULL, NULL, NULL, 0.100000, NULL, NULL, 'TR', 27),
	(686, 'Sport', '0', NULL, 0.000000, NULL, NULL, NULL, 0.100000, NULL, NULL, 'TR', 32),
	(687, 'Shoes', '0', NULL, 0.000000, NULL, NULL, NULL, 0.100000, NULL, NULL, 'TR', 30),
	(688, 'Watches', '0', NULL, 0.000000, NULL, NULL, NULL, 0.100000, NULL, NULL, 'TR', 40),
	(689, 'Suitcases', '0', NULL, 0.000000, NULL, NULL, NULL, 0.100000, NULL, NULL, 'TR', 23),
	(690, 'Beauty', '0', NULL, 0.000000, NULL, NULL, NULL, 0.100000, NULL, NULL, 'TR', 7),
	(691, 'Health', '0', NULL, 0.000000, NULL, NULL, NULL, 0.100000, NULL, NULL, 'TR', 251),
	(692, 'Food', '0', NULL, 0.000000, NULL, NULL, NULL, 0.100000, NULL, NULL, 'TR', 50),
	(693, 'Video Game Consoles', '0', NULL, 0.000000, NULL, NULL, NULL, 0.060000, NULL, NULL, 'TR', 39),
	(694, 'Video games', '0', NULL, 0.000000, NULL, NULL, NULL, 0.100000, NULL, NULL, 'TR', 104),
	(695, 'Automotive and Motorcycle', '0', NULL, 0.000000, NULL, NULL, NULL, 0.070000, NULL, NULL, 'TR', 444),
	(696, 'Pet', '0', NULL, 0.000000, NULL, NULL, NULL, 0.100000, NULL, NULL, 'TR', 18),
	(697, 'Musical', '0', NULL, 0.000000, NULL, NULL, NULL, 0.100000, NULL, NULL, 'TR', 26),
	(698, 'everything else', '0', NULL, 0.000000, NULL, NULL, NULL, 0.100000, NULL, NULL, 'TR', 41);
 
INSERT IGNORE INTO `t_role` (`id`, `name`, `type`, `issystem`, `shopid`, `oldid`) VALUES
	(1, 'admin', 'admin', b'1', 26138972975530053, NULL),
	(26138972975989571, '标准版', 'manager', b'1', 26138972975530053, NULL),
	(26138972975989575, '专业版', 'manager', b'1', 26138972975530053, NULL),
	(26138972975989587, '入门版', 'manager', b'1', 26138972975530053, NULL),
	(26138972975989596, '旗舰版', 'manager', b'1', 26138972975530053, NULL),
	(26138972975989603, 'manager', 'manager', b'1', 26138972975530053, NULL),
	(26138972975989607, '初级版', 'manager', b'1', 26138972975530053, NULL),
	(1683718377898323970, '测试子账号', 'actor', b'0', 1681961902624497666, NULL),
	(8817926179639476807, '客服', 'support', b'1', 26138972975530053, NULL);
 

-- 正在导出表  db_wimoor.t_shop 的数据：~15 rows (大约)
INSERT IGNORE INTO `t_shop` (`id`, `name`, `remark`, `invitecode`, `fromcode`, `oldid`, `boss_email`) VALUES
	(26138972975530053, '系统管理', '系统管理', NULL, NULL, NULL, NULL),
	(1681922481543995394, '刘飞', NULL, NULL, NULL, NULL, NULL),
	(1681961902624497666, '码上跨境', NULL, NULL, NULL, NULL, NULL),
	(1682311497816858625, 'lyl', NULL, NULL, NULL, NULL, NULL),
	(1682761365647646722, '测试公司', NULL, NULL, NULL, NULL, NULL),
	(1683401571337887746, 'AAAAAAA', NULL, NULL, NULL, NULL, NULL),
	(1683405637585592322, 'BBBB', NULL, NULL, NULL, NULL, NULL),
	(1683483144812879874, '测试公司', NULL, NULL, NULL, NULL, NULL),
	(1683573326568349697, '测试公司', NULL, NULL, NULL, NULL, NULL),
	(1683573528587001858, '测试公司', NULL, NULL, NULL, NULL, NULL),
	(1683573783453884417, '测试公司', NULL, NULL, NULL, NULL, NULL),
	(1683577324901883905, '测试公司', NULL, NULL, NULL, NULL, NULL),
	(1683648779710750722, 'RR', NULL, NULL, NULL, NULL, NULL),
	(1683648971595964418, '555', NULL, NULL, NULL, NULL, NULL),
	(1683787819051126786, '测试公司', NULL, NULL, NULL, NULL, NULL),
	(1684097101181345793, '测试公司', NULL, NULL, NULL, NULL, NULL);

-- 正在导出表  db_wimoor.t_summaryall 的数据：~5 rows (大约)
INSERT IGNORE INTO `t_summaryall` (`id`, `amazonauthid`, `purchase_date`, `sales_channel`, `order_status`, `fulfillChannel`, `discount`, `is_business_order`, `quantity`, `ordernumber`, `discount_amount`, `price`) VALUES
	(100407052731426557, 1681964203112263682, '2023-07-22', 'Amazon.com', 'Pending', 'Merchant', '1', 'false', 1, 1, 0.00, 10.99),
	(100407052731426558, 1681964203112263682, '2023-07-22', 'Amazon.com', 'Shipped', 'Merchant', '1', 'false', 1, 1, 0.00, 18.78),
	(100414745890260544, 1681964203112263682, '2023-07-23', 'Amazon.com', 'Cancelled', 'Merchant', '1', 'false', 0, 1, 0.00, NULL),
	(100414745890260545, 1681964203112263682, '2023-07-24', 'Amazon.com', 'Pending', 'Merchant', '1', 'false', 2, 2, 0.00, 27.23),
	(100414745890260546, 1681964203112263682, '2023-07-25', 'Amazon.com', 'Pending', 'Merchant', '1', 'false', 1, 1, 0.00, 11.50);
 
-- 正在导出表  db_wimoor.t_sys_dict 的数据：~16 rows (大约)
INSERT IGNORE INTO `t_sys_dict` (`id`, `name`, `code`, `status`, `remark`, `gmt_create`, `gmt_modified`) VALUES
	(1, '性别', 'gender', 1, NULL, '2019-12-06 19:03:32', '2021-02-08 14:58:01'),
	(2, '授权方式', 'grant_type', 1, NULL, '2020-10-17 08:09:50', '2021-01-31 09:48:24'),
	(3, '微服务列表', 'micro_service', 1, NULL, '2021-06-17 00:13:43', '2021-06-17 00:17:22'),
	(4, '请求方式', 'request_method', 1, NULL, '2021-06-17 00:18:07', '2021-06-17 00:18:07'),
	(1575330968132694017, '用户状态', 'user_status', 1, NULL, '2022-09-29 11:45:46', '2022-09-29 11:45:46'),
	(1580461846135635969, '数据权限', 'limit_data_type', 1, NULL, '2022-10-13 15:34:02', '2022-10-13 15:34:02'),
	(1581888127234539522, '销售渠道及发货方式', 'salesChannel', 1, NULL, '2022-10-17 14:01:34', '2022-10-17 14:01:34'),
	(1581888461944193026, '卖家销售计划', 'sellerplan', 1, NULL, '2022-10-17 14:02:54', '2022-10-17 14:02:54'),
	(1581888764215099394, '运费计算', 'shipmentstyle', 1, NULL, '2022-10-17 14:04:06', '2022-10-17 14:04:06'),
	(1581889181447684098, '配送方式', 'isfba', 1, NULL, '2022-10-17 14:05:46', '2022-10-17 14:05:46'),
	(1581889888674447362, '订单状态', 'order_status', 1, NULL, '2022-10-17 14:08:34', '2022-10-17 14:08:34'),
	(1581890253167853570, '卖家类型', 'is_business_order', 1, NULL, '2022-10-17 14:10:01', '2022-10-17 14:10:01'),
	(1581890529090142210, '客户类型', 'customer', 1, NULL, '2022-10-17 14:11:07', '2022-10-17 14:11:07'),
	(1581907412451393537, '物流方式US', 'logistics_us', 1, NULL, '2022-10-17 15:18:12', '2022-10-17 15:18:12'),
	(1581907799845699586, '物流方式UK', 'logistics_uk', 1, NULL, '2022-10-17 15:19:45', '2022-10-17 15:19:45'),
	(1593091333478154241, '采购币种', 'currency_purchase', 1, NULL, '2022-11-17 11:59:07', '2022-11-17 11:59:07');

-- 正在导出表  db_wimoor.t_sys_dict_item 的数据：~56 rows (大约)
INSERT IGNORE INTO `t_sys_dict_item` (`id`, `name`, `value`, `dict_code`, `sort`, `status`, `defaulted`, `remark`, `gmt_create`, `gmt_modified`) VALUES
	(1, '男', '1', 'gender', 1, 1, 0, NULL, '2019-05-05 13:07:52', '2019-07-02 14:23:05'),
	(2, '女', '2', 'gender', 2, 1, 0, NULL, '2019-04-19 11:33:00', '2019-07-02 14:23:05'),
	(3, '未知', '0', 'gender', 1, 1, 0, NULL, '2020-10-17 08:09:31', '2020-10-17 08:09:31'),
	(6, '密码模式', 'password', 'grant_type', 1, 1, 0, NULL, '2020-10-17 09:11:52', '2021-01-31 09:48:18'),
	(7, '授权码模式', 'authorization_code', 'grant_type', 1, 1, 0, NULL, '2020-10-17 09:12:15', '2020-12-14 10:11:00'),
	(8, '客户端模式', 'client_credentials', 'grant_type', 1, 1, 0, NULL, '2020-10-17 09:12:36', '2020-12-14 10:11:00'),
	(9, '刷新模式', 'refresh_token', 'grant_type', 1, 1, 0, NULL, '2020-10-17 09:12:57', '2021-01-08 17:33:12'),
	(10, '简化模式', 'implicit', 'grant_type', 1, 1, 0, NULL, '2020-10-17 09:13:23', '2020-12-14 10:11:00'),
	(11, '进销存', 'erp', 'micro_service', 1, 1, 0, NULL, '2021-06-17 00:14:12', '2021-06-17 00:14:12'),
	(12, '亚马逊', 'amazon', 'micro_service', 2, 1, 0, NULL, '2021-06-17 00:15:06', '2021-06-17 00:15:06'),
	(13, '系统管理', 'admin', 'micro_service', 3, 1, 0, NULL, '2021-06-17 00:15:26', '2021-06-17 00:16:18'),
	(14, '登录管理', 'auth', 'micro_service', 4, 1, 0, NULL, '2021-06-17 00:15:40', '2021-06-17 00:16:10'),
	(15, '网关', 'gateway', 'micro_service', 5, 1, 0, NULL, '2021-06-17 00:16:01', '2021-06-17 00:16:01'),
	(16, '不限', '*', 'request_method', 1, 1, 0, NULL, '2021-06-17 00:18:34', '2021-06-17 00:18:34'),
	(17, 'GET', 'GET', 'request_method', 2, 1, 0, NULL, '2021-06-17 00:18:55', '2021-06-17 00:18:55'),
	(18, 'POST', 'POST', 'request_method', 3, 1, 0, NULL, '2021-06-17 00:19:06', '2021-06-17 00:19:06'),
	(19, 'PUT', 'PUT', 'request_method', 4, 1, 0, NULL, '2021-06-17 00:19:17', '2021-06-17 00:19:17'),
	(20, 'DELETE', 'DELETE', 'request_method', 5, 1, 0, NULL, '2021-06-17 00:19:30', '2021-06-17 00:19:30'),
	(21, 'PATCH', 'PATCH', 'request_method', 6, 1, 0, NULL, '2021-06-17 00:19:42', '2021-06-17 00:19:42'),
	(22, '启用', '0', 'user_status', 1, 1, 0, '', '2022-09-29 11:46:08', '2022-09-29 11:46:08'),
	(23, '停用', '1', 'user_status', 1, 1, 0, '', '2022-09-29 11:46:24', '2022-09-29 11:46:24'),
	(24, '过期', '2', 'user_status', 1, 1, 0, '', '2022-09-29 11:46:40', '2022-09-29 11:46:40'),
	(25, '只能查看自己开发的产品', 'onwer', 'limit_data_type', 1, 1, 0, '', '2022-10-13 15:35:20', '2022-10-13 15:35:20'),
	(26, '只能查看自己运营的产品', 'operations', 'limit_data_type', 1, 1, 0, '', '2022-10-13 15:35:56', '2022-10-13 15:35:56'),
	(1581888203172413441, '亚马逊订单、亚马逊配送', 'amz_fba', 'salesChannel', 1, 1, 0, '', '2022-10-17 14:01:52', '2022-10-17 14:01:52'),
	(1581888260445634561, '亚马逊订单、卖家自配送', 'amz_byself', 'salesChannel', 2, 1, 0, '', '2022-10-17 14:02:06', '2022-10-17 14:02:06'),
	(1581888320076054529, '非亚马逊订单、亚马逊FBA配送', 'unamz_fba', 'salesChannel', 3, 1, 0, '', '2022-10-17 14:02:20', '2022-10-17 14:02:20'),
	(1581888538905477122, '专业卖家（全球开店）', 'profession', 'sellerplan', 1, 1, 0, '', '2022-10-17 14:02:20', '2022-10-17 14:02:20'),
	(1581888617208938498, '个人卖家', 'person', 'sellerplan', 2, 1, 0, '', '2022-10-17 14:02:20', '2022-10-17 14:02:20'),
	(1581888830808064001, '手动输入', 'manually', 'shipmentstyle', 1, 1, 0, '', '2022-10-17 14:02:20', '2022-10-17 14:02:20'),
	(1581888899045195777, '根据产品重量计算', 'weight', 'shipmentstyle', 2, 1, 0, '', '2022-10-17 14:02:20', '2022-10-17 14:02:20'),
	(1581888956754624513, '根据产品重量与材积重量大者计算', 'dim_weight', 'shipmentstyle', 3, 1, 0, '', '2022-10-17 14:02:20', '2022-10-17 14:02:20'),
	(1581889240427986946, '亚马逊配送', 'AMAZON', 'isfba', 1, 1, 0, '', '2022-10-17 14:02:20', '2022-10-17 14:02:20'),
	(1581889289572646913, '卖家自配送', 'DEFAULT', 'isfba', 1, 1, 0, '', '2022-10-17 14:02:20', '2022-10-17 14:02:20'),
	(1581889946530676737, 'Pending', 'Pending', 'order_status', 1, 1, 0, '', '2022-10-17 14:02:20', '2022-10-17 14:02:20'),
	(1581889989820088321, 'Unshipped', 'Unshipped', 'order_status', 2, 1, 0, '', '2022-10-17 14:02:20', '2022-10-17 14:02:20'),
	(1581890027619155970, 'Shipped', 'Shipped', 'order_status', 3, 1, 0, '', '2022-10-17 14:02:20', '2022-10-17 14:02:20'),
	(1581890075367112705, 'Cancelled', 'Cancelled', 'order_status', 4, 1, 0, '', '2022-10-17 14:02:20', '2022-10-17 14:02:20'),
	(1581890341944492033, '企业买家', 'true', 'is_business_order', 1, 1, 0, '', '2022-10-17 14:02:20', '2022-10-17 14:02:20'),
	(1581890392456495106, '个人买家', 'false', 'is_business_order', 2, 1, 0, '', '2022-10-17 14:02:20', '2022-10-17 14:02:20'),
	(1581890576955539458, '供应商', 'supplier', 'customer', 1, 1, 0, '', '2022-10-17 14:02:20', '2022-10-17 14:02:20'),
	(1581890632278409218, '采购商', 'purchaser', 'customer', 2, 1, 0, '', '2022-10-17 14:02:20', '2022-10-17 14:02:20'),
	(1581890814340562946, '根据产品体积计算', 'volume', 'shipmentstyle', 4, 1, 0, '', '2022-10-17 14:02:20', '2022-10-17 14:02:20'),
	(1581907475923795969, 'Domestic Standard', 'us_std', 'logistics_us', 1, 1, 0, '', '2022-10-17 15:18:27', '2022-10-17 15:18:27'),
	(1581907542286073858, 'Domestic Expedited', 'us_exp', 'logistics_us', 2, 1, 0, '', '2022-10-17 15:18:43', '2022-10-17 15:18:43'),
	(1581907700616855553, 'International', 'us_int', 'logistics_us', 3, 1, 0, '', '2022-10-17 15:18:27', '2022-10-17 15:18:27'),
	(1581907871127896066, 'Standard Delivery UK', 'uk_std', 'logistics_uk', 1, 1, 0, '', '2022-10-17 15:18:27', '2022-10-17 15:18:27'),
	(1581907922722029570, 'Express Delivery UK', 'uk_exp', 'logistics_uk', 2, 1, 0, '', '2022-10-17 15:18:27', '2022-10-17 15:18:27'),
	(1581907973166923778, 'European Amazon.co.uk Marketplace countries', 'uk_eur', 'logistics_uk', 3, 1, 0, '', '2022-10-17 15:18:27', '2022-10-17 15:18:27'),
	(1581908033657176065, 'US (including US protectorates)', 'uk_us', 'logistics_uk', 4, 1, 0, '', '2022-10-17 15:18:27', '2022-10-17 15:18:27'),
	(1581908186447282178, 'Rest of World Amazon.co.uk Marketplace countries', 'uk_rest', 'logistics_uk', 5, 1, 0, '', '2022-10-17 15:18:27', '2022-10-17 15:18:27'),
	(1593091447772938242, '人民币', 'CNY', 'currency', 1, 1, 0, '', '2022-11-17 11:59:34', '2022-11-17 11:59:34'),
	(1593091513082445826, '美元', 'USD', 'currency', 2, 1, 0, '', '2022-11-17 11:59:50', '2022-11-17 11:59:50'),
	(1593092822900740097, '人民币', 'CNY', 'currency_purchase', 1, 1, 0, '', '2022-11-17 12:05:02', '2022-11-17 12:05:02'),
	(1593092896791793666, '美元', 'USD', 'currency_purchase', 2, 1, 0, '', '2022-11-17 12:05:19', '2022-11-17 12:05:19'),
	(1628336451638321154, '禁止查看主页销售数据', 'home', 'limit_data_type', 1, 1, 0, '', '2023-02-22 18:10:38', '2023-02-22 18:10:38');



-- 正在导出表  db_wimoor.t_sys_menu 的数据：~163 rows (大约)
INSERT IGNORE INTO `t_sys_menu` (`id`, `name`, `parent_id`, `apppath`, `path`, `component`, `icon`, `appicon`, `sort`, `visible`, `redirect`, `runui`, `runapp`, `gmt_create`, `gmt_modified`, `oldid`) VALUES
	(1, '计算器运用', 81, NULL, NULL, NULL, NULL, '', 11, 1, '', b'1', NULL, NULL, NULL, '94a71ce4-ab14-11e6-bab5-00e04c023f0e'),
	(2, '商品管理', 121, NULL, NULL, NULL, NULL, '', 33, 1, '', b'1', NULL, NULL, NULL, 'fbb2f3c4-ab13-11e6-bab5-00e04c023f0e'),
	(3, '广告综合管理', 61, NULL, NULL, NULL, NULL, '', 41, 1, NULL, b'1', NULL, NULL, NULL, '5f0c468a-94a9-463f-bf27-fb7c6e8ecf56'),
	(4, 'AMZ财务', 84, NULL, NULL, NULL, NULL, '', 51, 1, '', b'1', NULL, NULL, NULL, '9f224295-ab14-11e6-bab5-00e04c023f0e'),
	(5, '授权管理', 87, NULL, NULL, NULL, NULL, '', 61, 1, '', b'1', NULL, NULL, NULL, 'a68e5f1e-ab14-11e6-bab5-00e04c023f0e'),
	(7, '库位列表', 30, NULL, '/erp/warehouse/shelf/create', 'erp/warehouse/shelf/create/index', NULL, '', 215, 1, '', b'1', NULL, '2022-10-29 10:04:05', '2022-10-29 10:04:04', 'aa534e6d-1b7a-46df-8aba-98da7486f446'),
	(8, '订单管理', 121, NULL, NULL, NULL, NULL, '', 34, 1, '', b'1', NULL, NULL, NULL, 'fbb2f3c4-ab13-11e6-bab5-00e04c023f0e'),
	(9, '商品周边', 121, NULL, NULL, NULL, NULL, '', 34, 1, '', b'1', NULL, NULL, NULL, 'fbb2f3c4-ab13-11e6-bab5-00e04c023f0e'),
	(10, '发货', 0, NULL, '', NULL, 'Cruise', '', 5, 1, NULL, b'1', NULL, NULL, NULL, '64cf3804-ab14-11e6-bab5-00e04c023f0e'),
	(11, '发货处理', 10, NULL, '', NULL, 'Commodity', '', 5, 1, NULL, b'1', NULL, NULL, NULL, '64cf3804-ab14-11e6-bab5-00e04c023f0e'),
	(12, '发货基础数据', 10, NULL, '', NULL, 'Commodity', '', 5, 1, NULL, b'1', NULL, NULL, NULL, '64cf3804-ab14-11e6-bab5-00e04c023f0e'),
	(13, '客服', 0, NULL, NULL, NULL, 'Mail', '', 8, 1, NULL, b'1', NULL, NULL, NULL, '9f224295-ab14-11e6-bab5-00e04c023f0e'),
	(14, '回款记录', 4, NULL, '/amazon/payment/record', 'amazon/payment/record/index', NULL, '', 516, 1, '', b'1', NULL, NULL, '2022-10-28 15:39:41', '00d42d7d-db12-11e7-969d-00e04c023f0e'),
	(16, '产品', 0, NULL, NULL, NULL, 'Commodity', '', 1, 1, NULL, b'1', NULL, NULL, NULL, '4371c442-e609-11eb-a844-00e04c023f0e'),
	(17, '标签管理', 126, NULL, '/sys/tags', 'sys/tag/index', NULL, '', 52, 1, '', b'1', NULL, NULL, NULL, 'b97ed6fc-2211-49b8-b641-20e0043200ad'),
	(18, '品牌管理', 127, NULL, '/erp/baseinfo/brand', 'erp/baseinfo/brand/index', NULL, '', 53, 1, '', b'1', NULL, NULL, NULL, 'b97ed6fc-2211-49b8-b641-20e0043200ad'),
	(19, '品类管理', 127, NULL, '/erp/baseinfo/category', 'erp/baseinfo/category/index', NULL, '', 54, 1, '', b'1', NULL, NULL, NULL, 'b97ed6fc-2211-49b8-b641-20e0043200ad'),
	(20, '利润报表', 4, NULL, '/finance/profitReport', 'amazon/payment/profitReport/index', NULL, '', 511, 1, '/amzfinconfig/getCommPage.do', b'1', NULL, NULL, '2023-07-12 11:24:11', '00d42d7d-db12-11e7-969d-00e04c023f0e'),
	(22, '系统管理', 1010, NULL, NULL, NULL, NULL, '', 618, 1, '', b'1', NULL, '2022-09-23 15:29:16', '2022-09-23 15:29:18', '03c78157-c45a-11e6-bab5-00e04c023f0e'),
	(23, 'FBA每日库存', 1113, NULL, '/amazon/inventory/fba_today', 'amazon/inventory/fba/daily', NULL, '', 4002, 1, 'pages/shipment/shipment_sumchart.jsp', b'1', NULL, NULL, NULL, '0577e542-476f-4f20-8db7-df6c71978709'),
	(24, '趋势分析', 2, NULL, '/amazon/listing/analysis', 'amazon/listing/analysis/index', NULL, '', 314, 1, '/product/showSaleItem.do', b'1', NULL, NULL, NULL, '0659f8ec-066b-11e8-9208-00e04c023f0e'),
	(26, '1688绑定', 5, NULL, '/erp/open1688/bind', 'erp/purchase/open1688/bind/index', NULL, '', 611, 1, '', b'1', NULL, NULL, '2023-07-20 17:54:36', '08bf14e4-0287-46e2-925f-48bd925df6a7'),
	(27, '货件处理', 11, NULL, '/erp/ship/shipment_handing', 'erp/ship/shipment_handing/list/index', NULL, '', 245, 1, '/shipFormtrace/listpage.do', b'1', NULL, NULL, NULL, '094c6f1e-43be-411c-8c8c-36fd80111eb1'),
	(28, '采购记账', 216, NULL, '/finance/account', 'erp/finance/account/index', NULL, '', 513, 1, '/pages/finance/faccount.jsp', b'1', NULL, NULL, NULL, '0954fd88-3876-4201-b659-3da8f8e44dd3'),
	(30, '基础信息', 63, NULL, NULL, NULL, NULL, '', 21, 1, NULL, b'1', NULL, NULL, NULL, '18cca274-23bc-4af7-92a6-2d6a85abb8df'),
	(31, '采购规划', 306, NULL, '/erp/purchase/plan', 'erp/purchase/plan_amz/index', NULL, '', 232, 1, '/purchase_plan/listpage.do', b'1', NULL, NULL, NULL, '19573eb3-7ceb-4b54-bfa2-e2da5a17056a'),
	(32, '采购付款明细', 299, NULL, '/erp/purchase/paymentDetail', 'erp/purchase/report/payment/index', NULL, '', 3133, 1, '/pages/inventory_report/purchase_pay_detail.jsp', b'1', NULL, NULL, NULL, '1a9d6f80-933e-4e45-82e4-23d4415f420f'),
	(33, '周转报告', 3003, NULL, '/erp/inventory/report/turns', 'erp/warehouse/inventory/report/turns/index', NULL, '', 354, 1, '/pages/inventory_report/inventory_turnover_rate.jsp', b'1', NULL, NULL, NULL, '230270d9-98f7-11e7-8bdb-00e04c023f0e'),
	(34, '采购单', 306, NULL, '/erp/purchase/orders', 'erp/purchase/orders/index', NULL, '', 233, 1, '', b'1', NULL, NULL, '2022-11-08 17:03:24', '23af9ac3-0cc6-45d8-ac67-bd00ef37271a'),
	(35, '利润计算', 1, NULL, '/amazon/profit/calculator', 'amazon/profit/calculator/index', NULL, '', 111, 1, '/showProfitPage2.do', b'1', NULL, NULL, NULL, '245a89cf-ab16-11e6-bab5-00e04c023f0e'),
	(36, '发货单', 11, NULL, '/erp/ship/shipment_add/list', 'erp/ship/shipment_add/list/index', NULL, '', 244, 1, '/shipForm/listpage.do', b'1', NULL, NULL, NULL, '26df7e28-27f0-427a-91ed-a6b064b065f7'),
	(37, '利润计算方案设置', 102, NULL, NULL, NULL, NULL, '', 15, 1, '/pages/profit/profitCfg.jsp', b'1', NULL, NULL, NULL, '2f74b1a7-c5de-11e6-bab5-00e04c023f0e'),
	(38, '广告检索', 3, NULL, NULL, NULL, NULL, '', 413, 1, '/advert/view.do', b'1', NULL, NULL, NULL, '30f8eefb-b508-4a34-8acb-ef24af32363e'),
	(39, '销售报表', 2, NULL, '/amazon/sales/report', 'amazon/sales/report/index', NULL, '', 315, 1, '/osum/showordersum.do', b'1', NULL, NULL, NULL, '3202960e-ab14-11e6-bab5-00e04c023f0e'),
	(40, '套餐管理', 22, NULL, NULL, NULL, NULL, '', 616, 1, '/menuPackage/view.do', b'1', NULL, '2022-09-23 15:29:15', '2022-09-23 15:29:19', '34b2102c-9812-4a5e-9555-862a9f36a33a'),
	(41, '品牌广告', 3, NULL, '/amazon/sb', 'amazon/advertisement/sb/campaigns/index', NULL, '', 411, 1, '/advManager/view.do', b'1', NULL, NULL, NULL, '360a7833-0689-4846-8a3f-2c7bd8583a86'),
	(42, '评论跟踪', 132, NULL, NULL, NULL, NULL, '', 320, 1, '/reviewManager/showReviewGrab.do', b'1', NULL, NULL, NULL, '36831918-d6da-4e7a-90ca-3854ee2b2d64'),
	(43, '商品分析', 2, NULL, '/amazon/sale/listing', 'amazon/listing/products/index', NULL, '', 312, 1, '/product/showproduct.do', b'1', NULL, NULL, NULL, '3a089e9e-ab14-11e6-bab5-00e04c023f0e'),
	(44, '供应商', 307, NULL, '/erp/baseinfo/supplier', 'erp/baseinfo/supplier/index', NULL, '', 212, 1, '/customer/listpage.do', b'1', NULL, NULL, NULL, '3afde8ca-ff2c-4a52-ad76-80ea3031f226'),
	(45, '补货', 63, NULL, NULL, NULL, NULL, '', 24, 1, NULL, b'1', NULL, NULL, NULL, '3dd6df00-8f98-486c-b43d-5dedc51b3cdd'),
	(46, '库存盘点', 50, NULL, '/erp/warehouse/stocktake', 'erp/warehouse/stocktake/index', NULL, '', 226, 1, '/pages/stockTaking/stockTaking.jsp', b'1', NULL, NULL, NULL, '3e2072a8-81a0-4e1e-bbb5-d3c50887d4e9'),
	(48, '跟卖', 0, NULL, NULL, NULL, 'Workbench', '', 0, 1, NULL, b'1', NULL, NULL, NULL, '4371c442-e609-11eb-a844-00e04c023f0e'),
	(50, '操作', 63, NULL, NULL, NULL, NULL, '', 26, 1, NULL, b'1', NULL, NULL, NULL, '449d37c8-c751-11ea-81be-00e04c023f0e'),
	(51, '文档API', 22, NULL, '/doc/api/index', 'sys/swagger/index', NULL, '', 15, 1, '/userInfoMgn/userList.do', b'1', NULL, NULL, NULL, '46842738070a4bf9bbcd739a2a7faf3c'),
	(52, '采购统计', 299, NULL, '/erp/purchase/summary', 'erp/purchase/report/summary/index', NULL, '', 3132, 1, '/pages/inventory_report/purchase_form_report.jsp', b'1', NULL, NULL, NULL, '49aa06b4-8ea1-427b-b7bb-e9fa267fd944'),
	(53, '库存报表', 3003, NULL, '/erp/inventory/report/base', 'erp/warehouse/inventory/report/base/index', NULL, '', 215, 1, NULL, b'1', NULL, NULL, NULL, 'aa534e6d-1b7a-46df-8aba-98da7486f446'),
	(54, '邮件模板', 22, NULL, NULL, NULL, NULL, '', 91, 1, 'pages/frame/emailtemplate.jsp', b'1', NULL, NULL, NULL, '4a9a932e-1727-44f1-a8b4-566a2e9ebc84'),
	(56, '订单地址下载', 108, NULL, NULL, NULL, NULL, '', 1, 1, '/orderManager/viewAddress.do', b'1', NULL, NULL, NULL, '4b344592-5244-11ec-9957-98039b06df68'),
	(57, 'FBA发货规划', 11, NULL, '/erp/ship/ship_plan', 'erp/ship/ship_plan/index', NULL, '', 241, 1, '/shipment_plan/listpage.do', b'1', NULL, NULL, NULL, '4d87f9e9-a029-43f4-acb5-b61057f3da7b'),
	(58, '产品发货统计', 83, NULL, NULL, NULL, NULL, '', 3172, 1, 'pages/shipment/shipment_report.jsp', b'1', NULL, NULL, NULL, '4ec72750-0045-45f8-96d5-eac8551cd26d'),
	(60, '承运商发货统计', 83, NULL, NULL, NULL, NULL, '', 3173, 1, 'pages/shipment/shipment_report2.jsp', b'1', NULL, NULL, NULL, '5b1b2bf6-8f13-4237-8578-82372014424f'),
	(61, '广告', 0, NULL, NULL, NULL, 'Ad', '', 6, 1, NULL, b'1', NULL, NULL, NULL, '5f0c468a-94a9-463f-bf27-fb7c6e8ecf56'),
	(62, '标签打印', 12, NULL, '/amazon/product/label', 'amazon/listing/product_label/index', NULL, '', 220, 1, NULL, b'1', NULL, NULL, NULL, '63aba288-77aa-4200-9d77-ccc903ab629f'),
	(63, '仓库', 0, NULL, '', NULL, 'HomeTwo', '', 4, 1, NULL, b'1', NULL, NULL, NULL, '64cf3804-ab14-11e6-bab5-00e04c023f0e'),
	(64, '订单销售', 4, NULL, NULL, NULL, NULL, '', 514, 1, '/orderManager/vieworderprice.do', b'1', NULL, NULL, NULL, '656c47d1-e5c1-4e87-b29c-1318cffd1a14'),
	(65, '订单统计规则', 102, NULL, NULL, NULL, NULL, '', 16, 1, '/pages/config/summaryconfig.jsp', b'1', NULL, NULL, NULL, '69e64ea8-c5df-11e6-bab5-00e04c023f0e'),
	(66, '今日订单', 8, NULL, '/amazon/sale/order/today', 'amazon/order/today/index', NULL, '', 317, 1, NULL, b'1', NULL, NULL, NULL, '6ea2aed2-0c97-11ec-988d-00e04c023f0e'),
	(69, '标签配置', 102, NULL, NULL, NULL, NULL, '', 17, 1, '/pages/config/tagmaintain.jsp', b'1', NULL, NULL, NULL, '7f9cb482-c838-11e6-bab5-00e04c023f0e'),
	(70, '加工单', 306, NULL, '/erp/purchase/process', 'erp/purchase/process/index', NULL, '', 234, 1, '/assemblyCon/listpage.do', b'1', NULL, NULL, NULL, '87bae8ad-9f0b-43a9-8705-8a86d3c45067'),
	(72, '管理菜单', 22, NULL, '/sys/menu', 'sys/menu/index', NULL, '', 12, 1, NULL, b'1', NULL, NULL, NULL, '89077900-c45a-11e6-bab5-00e04c023f0e'),
	(73, '代料单', 50, NULL, '/erp/warehouse/exchange', 'erp/warehouse/exchange/index', NULL, '', 223, 1, '/dispatchForm/listpage.do', b'1', NULL, NULL, NULL, '905b697c-52c6-4863-8549-624b7efe3944'),
	(74, 'FBA滞销', 8, NULL, '/amazon/inventory/planning', 'amazon/inventory/planning/index', NULL, '', 355, 1, NULL, b'1', NULL, NULL, NULL, '8c92ce4f-98f9-11e7-8bdb-00e04c023f0e'),
	(75, '差评管理', 132, NULL, NULL, NULL, NULL, '', 319, 1, '/reviewManager/view.do', b'1', NULL, NULL, NULL, '8faf7b27-fefb-11ea-b6fc-00e04c023f0e'),
	(76, '调库单', 50, NULL, '/erp/warehouse/transfer', 'erp/warehouse/transfer/index', NULL, '', 222, 1, NULL, b'1', NULL, NULL, NULL, '905b697c-52c6-4863-8549-624b7efe3944'),
	(78, '采购详情', 299, NULL, '/erp/purchase/detailinfo', 'erp/purchase/report/detail/index', NULL, '', 3135, 1, '/pages/inventory_report/purchase_payrec_sum.jsp', b'1', NULL, NULL, NULL, '919aed45-d54f-47fd-be49-68c925476bb2'),
	(79, '广告统计', 3, NULL, NULL, NULL, NULL, '', 412, 1, '/advReport/view.do', b'1', NULL, NULL, NULL, '93aa696f-96cc-4ad6-8fc9-639508ec242d'),
	(80, '出库单', 50, NULL, '/erp/warehouse/outbound', 'erp/warehouse/outbound/index', NULL, '', 224, 1, NULL, b'1', NULL, NULL, NULL, '94748e76-fcb3-44b2-8a27-5d9289bf1316'),
	(81, '计算器', 0, NULL, '', '', 'calculator', '', 0, 1, NULL, b'1', NULL, NULL, NULL, '94a71ce4-ab14-11e6-bab5-00e04c023f0e'),
	(82, '补货图表', 109, NULL, NULL, NULL, NULL, '', 3131, 1, 'pages/purchase/purchase_sumchart.jsp', b'1', NULL, NULL, NULL, '94bcdfe1-2fd3-4f41-b6e6-3d0547ebcfa2'),
	(83, '发货报表', 117, NULL, NULL, NULL, NULL, '', 246, 1, NULL, b'1', NULL, NULL, NULL, '950ae70d-c733-11ea-81be-00e04c023f0e'),
	(84, '财务', 0, NULL, NULL, NULL, 'Finance', '', 7, 1, NULL, b'1', NULL, NULL, NULL, '9f224295-ab14-11e6-bab5-00e04c023f0e'),
	(86, '客户管理', 22, NULL, NULL, NULL, NULL, '', 615, 1, '/syscustomer/tariffpackage.do', b'1', NULL, '2022-09-23 15:29:14', '2022-09-23 15:29:20', 'a096f45c-8331-48d6-924f-9de290964101'),
	(87, '设置', 0, NULL, NULL, NULL, 'Config', '', 9, 1, NULL, b'1', NULL, NULL, NULL, 'a68e5f1e-ab14-11e6-bab5-00e04c023f0e'),
	(88, '库存货值', 216, NULL, '/finance/inventoryValue', 'erp/finance/inventoryValue/index', NULL, '', 512, 1, '/pages/financeInv/inventoryCost.jsp', b'1', NULL, NULL, NULL, 'a8935020-da23-11e7-969d-00e04c023f0e'),
	(89, '仓库列表', 30, NULL, '/erp/warehouse/base', 'erp/warehouse/base/index', NULL, '', 213, 1, '/warehouse/listpage.do', b'1', NULL, NULL, NULL, 'aa534e6d-1b7a-46df-8aba-98da7486f446'),
	(90, '系统任务', 22, NULL, NULL, NULL, NULL, '', 23, 1, '/pages/config/task.jsp', b'1', NULL, '2022-09-23 15:29:14', '2022-09-23 15:29:21', 'abb7cff5-3b97-464f-9eef-ae275ea389de'),
	(91, '入库单', 50, NULL, '/erp/warehouse/inbound', 'erp/warehouse/inbound/index', NULL, '', 225, 1, NULL, b'1', NULL, NULL, NULL, 'abd814fe-0f24-4b0d-852a-d6e802958de8'),
	(92, '订单列表', 8, NULL, '/amazon/sale/order/list', 'amazon/order/order_manager/index', NULL, '', 315, 1, NULL, b'1', NULL, NULL, NULL, 'ac2fc244-ce00-45db-b1ba-6c6c226cff9c'),
	(93, '物流公司', 12, NULL, '/erp/transportation', 'erp/ship/transportation/index', NULL, '', 217, 1, NULL, b'1', NULL, NULL, NULL, 'b1da83e1-938e-11e7-8bdb-00e04c023f0e'),
	(96, '出入库明细', 3003, NULL, '/erp/inventory/record', 'erp/warehouse/record/index', NULL, '', 353, 1, '', b'1', NULL, NULL, NULL, 'b569bcbb-9115-11e7-8bdb-00e04c023f0e'),
	(97, 'FBA费用', 9, NULL, '/amazon/report/fbafee', 'amazon/report/fba_fee/index', NULL, '', 318, 1, NULL, b'1', NULL, NULL, NULL, 'b8cfc389-98f9-11e7-8bdb-00e04c023f0e'),
	(98, '产品管理', 126, NULL, '/erp/product/localproduct', 'erp/baseinfo/material/index', NULL, '', 51, 1, '/pages/inventory/material/material_list.jsp', b'1', NULL, NULL, NULL, 'b97ed6fc-2211-49b8-b641-20e0043200ad'),
	(99, 'FBA费设置', 22, NULL, '/fbafee/detail', 'amazon/profit/fbafee/index', NULL, '', 16, 1, '/pages/profit/feeRulesMgn.jsp', b'1', NULL, NULL, NULL, 'bb93896c-c592-11e6-bab5-00e04c023f0e'),
	(100, '店铺管理', 5, NULL, '/amazon/storeAuth', 'amazon/storeAuth/index', NULL, '', 612, 1, '/pages/shop/shop.jsp', b'1', NULL, NULL, NULL, 'bd48cc5e-ab14-11e6-bab5-00e04c023f0e'),
	(101, '流量报表', 9, NULL, '/amazon/report/pageview', 'amazon/report/pageview/index', NULL, '', 325, 1, NULL, b'1', NULL, NULL, NULL, 'c0c38ebf-3c55-11ec-93f3-00e04c023f0e'),
	(102, '计算方案', 1, NULL, '/amazon/profit/config', 'amazon/profit/config/index', NULL, '', 114, 1, '/pages/config/configmain.jsp', b'1', NULL, NULL, NULL, 'c3edc4d9-ab14-11e6-bab5-00e04c023f0e'),
	(103, '发货订单执行明细', 83, NULL, NULL, NULL, NULL, '', 3174, 1, '/pages/shipment/shipment_detail_report.jsp', b'1', NULL, NULL, NULL, 'c446300e-e8d0-4f4a-b038-f6b7968eb017'),
	(104, '公告发布', 22, NULL, NULL, NULL, NULL, '', 89, 1, 'pages/config/createannounce.jsp', b'1', NULL, NULL, NULL, 'c75fca6b-8570-47a8-8d31-4f34256d1598'),
	(105, '帮助页面', 22, NULL, NULL, NULL, NULL, '', 90, 1, 'pages/help/maintainhelp.jsp', b'1', NULL, NULL, NULL, 'd01db224-ae10-4995-a2ae-74be34754ec3'),
	(106, '销售计划', 2, NULL, '/amazon/sales/forecast', 'amazon/sales/forecast/index', NULL, '', 317, 1, '/salepreform/view.do', b'1', NULL, NULL, NULL, 'd220edf6-e609-11eb-a844-00e04c023f0e'),
	(107, '每日库存', 3003, NULL, '/erp/inventory/daily', 'erp/warehouse/inventory/daily/index', NULL, '', 352, 1, '/pages/inventory/inventoryByday.jsp', b'1', NULL, NULL, NULL, 'd2630d32-a11f-4bf0-8795-d1e01267ddd0'),
	(108, '我的应用', 5, NULL, NULL, NULL, NULL, '', 617, 1, NULL, b'1', NULL, NULL, NULL, 'd46d7376-5189-11ec-9957-98039b06df68'),
	(109, '补货报表', 45, NULL, NULL, NULL, NULL, '', 313, 1, NULL, b'1', NULL, NULL, NULL, 'd48110df-abce-439b-964a-7536123e8839'),
	(110, 'SKU配对', 129, NULL, '/amazon/listing/relation', 'amazon/listing/relation_msku/index', NULL, '', 323, 1, '/productInfo/viewMsku.do', b'1', NULL, NULL, NULL, 'da886ff9-7ec5-4513-a09f-fd4c4cf96ef0'),
	(112, '采购订单', 45, NULL, NULL, NULL, NULL, '', 231, 1, '/purchase_form/listpage.do', b'1', NULL, NULL, NULL, 'e6b8542b-d68e-47dc-9791-e23048591a6c'),
	(113, '权限管理', 22, NULL, NULL, NULL, NULL, '', 17, 1, '/pages/config/rolemanager.jsp', b'1', NULL, NULL, NULL, 'e7aeaa2c-c590-11e6-bab5-00e04c023f0e'),
	(114, '销量详情', 2, NULL, '/amazon/sales/details', 'amazon/sales/details/index', NULL, '', 316, 1, '/product/showOrderSummary.do', b'1', NULL, NULL, NULL, 'ed8fddbd-278e-4676-bdf1-e50aa502753d'),
	(115, '广告报表下载', 3, NULL, NULL, NULL, NULL, '', 414, 1, '/advReport/downloadview.do', b'1', NULL, NULL, NULL, 'eeb317c8-44fc-4e45-af9d-43a9b66f8cb3'),
	(116, '业绩报告', 4, NULL, '/finance/performanpce', 'amazon/payment/performanpce/index', NULL, '', 515, 1, 'pages/profit/user_sales_rank_report.jsp', b'1', NULL, NULL, '2023-07-12 11:24:10', 'f05a7192-53fd-4ce6-9d88-f4fc91dcb497'),
	(117, 'FBA发货', 63, NULL, NULL, NULL, NULL, '', 25, 1, NULL, b'1', NULL, NULL, NULL, 'f2482e17-2a54-4f7b-a46c-70a4a58f2dcf'),
	(118, 'Store管理', 22, NULL, NULL, NULL, NULL, '', 619, 1, '/appstore/appmanager.do', b'1', NULL, '2022-09-23 15:29:13', '2022-09-23 15:29:22', 'f7fb4f71-01ac-485d-8263-c22bc32c4139'),
	(119, '头程费用分摊', 83, NULL, NULL, NULL, NULL, '', 3175, 1, '/pages/shipment/shipment_fee_report.jsp', b'1', NULL, NULL, NULL, 'f8778944-428f-40d9-a7c1-c5c7db647b1e'),
	(120, '库存详情', 3003, NULL, NULL, NULL, NULL, '', 351, 1, '/pages/inventory/inventoryReport.jsp', b'1', NULL, NULL, NULL, 'fa274873-ae85-49e9-a7d9-ad199e92e7e3'),
	(121, '销售', 0, NULL, NULL, NULL, 'SalesReport', '', 2, 1, NULL, b'1', NULL, NULL, NULL, 'fbb2f3c4-ab13-11e6-bab5-00e04c023f0e'),
	(122, '账号管理', 5, NULL, '/sys/subuser', 'sys/subUser/index', NULL, '', 613, 1, NULL, b'1', NULL, NULL, NULL, 'fd0fff3c-9fcd-45b7-a9e7-1f64e23e27da'),
	(123, '订单处理', 13, NULL, '', '', NULL, '', 20, 1, '', b'1', NULL, NULL, NULL, '08bf14e4-0287-46e2-925f-48bd925df6a7'),
	(124, 'VAT发票', 123, NULL, '/service/VatInvioce', 'amazon/service/VatInvioce/index', NULL, '', 120, 1, '', b'1', NULL, NULL, NULL, '08bf14e4-0287-46e2-925f-48bd925df6a7'),
	(125, '辅料管理', 128, NULL, '/erp/material/consumable', 'erp/baseinfo/material/consumable', NULL, '', 56, 1, '', b'1', NULL, NULL, NULL, 'b97ed6fc-2211-49b8-b641-20e0043200ad'),
	(126, '产品组', 16, NULL, NULL, NULL, '', '', 71, 1, NULL, b'1', NULL, NULL, NULL, '4371c442-e609-11eb-a844-00e04c023f0e'),
	(127, '产品基础数据', 16, NULL, NULL, NULL, '', '', 72, 1, NULL, b'1', NULL, NULL, NULL, '4371c442-e609-11eb-a844-00e04c023f0e'),
	(128, '辅料包材', 16, NULL, NULL, NULL, '', '', 73, 1, NULL, b'1', NULL, NULL, NULL, '4371c442-e609-11eb-a844-00e04c023f0e'),
	(129, '产品组四', 16, NULL, NULL, NULL, '', '', 74, 1, NULL, b'1', NULL, NULL, NULL, '4371c442-e609-11eb-a844-00e04c023f0e'),
	(131, '退货订单', 8, NULL, '/amazon/sale/order/refund', 'amazon/order/refund/index', NULL, '', 316, 1, NULL, b'1', NULL, NULL, NULL, 'ac2fc244-ce00-45db-b1ba-6c6c226cff9c'),
	(132, '评论', 13, NULL, '', '', NULL, '', 21, 1, '', b'1', NULL, NULL, NULL, '08bf14e4-0287-46e2-925f-48bd925df6a7'),
	(133, ' 分类广告', 61, NULL, NULL, NULL, NULL, '', 40, 1, NULL, b'1', NULL, NULL, NULL, '5f0c468a-94a9-463f-bf27-fb7c6e8ecf56'),
	(141, '发货地址', 12, NULL, '/amazon/address', 'amazon/address/index', NULL, '', 218, 1, NULL, b'1', NULL, NULL, NULL, 'b1da83e1-938e-11e7-8bdb-00e04c023f0e'),
	(142, 'FBA库存', 1113, NULL, '/amazon/inventory/fba', 'amazon/inventory/fba/detail', NULL, '', 4001, 1, NULL, b'1', NULL, NULL, NULL, 'b1da83e1-938e-11e7-8bdb-00e04c023f0e'),
	(163, '调价队列', 2, NULL, '/amazon/sale/priceadjust', 'amazon/listing/price_adjust/index', NULL, '', 313, 1, '', b'1', NULL, NULL, NULL, '3a089e9e-ab14-11e6-bab5-00e04c023f0e'),
	(199, '采购', 0, NULL, NULL, NULL, 'ShoppingBag', '', 3, 1, NULL, b'1', NULL, NULL, NULL, 'fbb2f3c4-ab13-11e6-bab5-00e04c023f0e'),
	(202, '采购入库明细', 299, NULL, '/erp/purchase/storageDetail', 'erp/purchase/report/receive/index', NULL, '', 332, 1, NULL, b'1', NULL, NULL, NULL, 'fbb2f3c4-ab13-11e6-bab5-00e04c023f0e'),
	(211, '财务单据', 84, NULL, NULL, NULL, NULL, '', 51, 1, '', b'1', NULL, NULL, NULL, '9f224295-ab14-11e6-bab5-00e04c023f0e'),
	(212, '海外仓', 225, NULL, '/erp/warehouse/oversea', 'erp/warehouse/base/index', NULL, '', 212, 1, '/warehouse/listpage.do', b'1', NULL, NULL, NULL, 'aa534e6d-1b7a-46df-8aba-98da7486f446'),
	(213, '海外仓备货单', 225, NULL, '/erp/warehouse/overseas/stock', 'erp/warehouse/overseas/stock/index', NULL, '', 213, 1, '/warehouse/listpage.do', b'1', NULL, NULL, NULL, 'aa534e6d-1b7a-46df-8aba-98da7486f446'),
	(214, '财务配置', 84, NULL, NULL, NULL, NULL, '', 53, 1, '', b'1', NULL, NULL, NULL, '9f224295-ab14-11e6-bab5-00e04c023f0e'),
	(215, '库位库存', 30, NULL, '/erp/warehouse/shelf/inv', 'erp/warehouse/shelf/inv/index', '', '', 216, 1, '', NULL, NULL, NULL, NULL, 'aa534e6d-1b7a-46df-8aba-98da7486f446'),
	(216, '财务其他', 84, NULL, NULL, NULL, NULL, '', 51, 1, '', b'1', NULL, NULL, NULL, '9f224295-ab14-11e6-bab5-00e04c023f0e'),
	(217, '其它费用', 216, NULL, '/finance/costSharing', 'amazon/payment/costSharing/index', NULL, '', 1, 1, '', b'1', NULL, NULL, '2022-10-28 15:39:41', '00d42d7d-db12-11e7-969d-00e04c023f0e'),
	(218, '批次成本', 216, NULL, '/finance/jobCosting', 'amazon/payment/jobCosting/index', NULL, '', 2, 1, '', b'1', NULL, NULL, '2022-10-28 15:39:41', '00d42d7d-db12-11e7-969d-00e04c023f0e'),
	(219, '汇率管理', 214, NULL, '/finance/exchangeRate', 'erp/finance/exchangeRate/index', NULL, '', 2, 1, '', b'1', NULL, NULL, '2022-10-28 15:39:41', '00d42d7d-db12-11e7-969d-00e04c023f0e'),
	(225, '海外仓管理', 63, NULL, NULL, NULL, NULL, '', 22, 1, NULL, b'1', NULL, NULL, NULL, '18cca274-23bc-4af7-92a6-2d6a85abb8df'),
	(236, '请款单', 306, NULL, '/finance/paymentRequest', 'erp/finance/paymentRequest/index', NULL, '', 345, 1, '', b'1', NULL, NULL, '2022-10-28 15:39:41', '00d42d7d-db12-11e7-969d-00e04c023f0e'),
	(299, '采购报表', 199, NULL, NULL, NULL, NULL, '', 46, 1, NULL, b'1', NULL, NULL, NULL, 'fbb2f3c4-ab13-11e6-bab5-00e04c023f0e'),
	(306, '采购处理', 199, NULL, NULL, NULL, NULL, '', 45, 1, NULL, b'1', NULL, NULL, NULL, 'fbb2f3c4-ab13-11e6-bab5-00e04c023f0e'),
	(307, '采购基础数据', 199, NULL, NULL, NULL, NULL, '', 45, 1, NULL, b'1', NULL, NULL, NULL, 'fbb2f3c4-ab13-11e6-bab5-00e04c023f0e'),
	(317, '角色权限', 5, NULL, '/sys/ruleAuth', 'sys/ruleAuth/index', NULL, '', 614, 1, '/pages/config/role_list.jsp', b'1', NULL, NULL, NULL, 'fd0fff3c-9fcd-45b7-a9e7-1f64e23e27da'),
	(401, '店铺利润', 4, NULL, '/finance/profitGroup', 'amazon/payment/profitReport/profitGroup/index', NULL, '', 510, 1, NULL, b'1', NULL, NULL, '2023-07-12 11:24:10', '00d42d7d-db12-11e7-969d-00e04c023f0e'),
	(402, '月度利润', 4, NULL, '/finance/profitMonth', 'amazon/payment/monthReport/index', NULL, '', 512, 1, NULL, b'1', NULL, NULL, '2023-07-12 11:24:10', '00d42d7d-db12-11e7-969d-00e04c023f0e'),
	(403, '账期SKU', 4, NULL, '/finance/settlementsku', 'amazon/payment/settlement_sku/index', NULL, '', 512, 1, NULL, b'1', NULL, NULL, '2023-07-12 11:24:10', '00d42d7d-db12-11e7-969d-00e04c023f0e'),
	(971, '赔偿费用', 4, NULL, '/amazon/report/reimbursements', 'amazon/report/reimbursements_fee/index', NULL, '', 620, 1, NULL, b'1', NULL, NULL, NULL, 'bb93896c-c592-11e6-bab5-00e04c023f0e'),
	(972, 'FBA仓储费', 4, NULL, '/amazon/report/storage', 'amazon/report/storage_fee/index', NULL, '', 621, 1, NULL, b'1', NULL, NULL, NULL, 'bb93896c-c592-11e6-bab5-00e04c023f0e'),
	(1010, '系统', 0, NULL, NULL, NULL, 'Config', '', 40, 1, NULL, b'1', NULL, NULL, '2022-09-23 19:20:52', 'a68e5f1e-ab14-11e6-bab5-00e04c023f0e'),
	(1061, '商品搜索', 2, NULL, '/amazon/listing/catalog', 'amazon/listing/catalog/index', NULL, '', 318, 1, '/salepreform/view.do', b'1', NULL, NULL, NULL, 'd220edf6-e609-11eb-a844-00e04c023f0e'),
	(1113, '报表分析', 10, NULL, '', NULL, 'Commodity', '', 6, 1, NULL, b'1', NULL, NULL, NULL, '64cf3804-ab14-11e6-bab5-00e04c023f0e'),
	(1251, '箱子管理', 128, NULL, '/erp/material/package', 'erp/baseinfo/material/package', NULL, '', 57, 1, '', b'1', NULL, NULL, NULL, 'b97ed6fc-2211-49b8-b641-20e0043200ad'),
	(2201, '数据字典', 22, NULL, '/sys/dict', 'sys/dict/index', NULL, '', 14, 1, NULL, b'1', NULL, NULL, NULL, '89077900-c45a-11e6-bab5-00e04c023f0e'),
	(3001, '仓库地址', 30, NULL, '/erp/warehouse/address', 'erp/warehouse/address/index', NULL, '', 214, 1, '', b'1', NULL, '2022-10-29 10:04:02', '2022-10-29 10:04:03', 'aa534e6d-1b7a-46df-8aba-98da7486f446'),
	(3003, '报表', 63, NULL, NULL, NULL, NULL, '', 28, 1, NULL, b'1', NULL, NULL, NULL, '18cca274-23bc-4af7-92a6-2d6a85abb8df'),
	(4000, '发货统计', 1113, NULL, '/amazon/ship/report', 'amazon/report/ship/ship_summary/index', NULL, '', 4003, 1, NULL, b'1', NULL, NULL, NULL, 'b1da83e1-938e-11e7-8bdb-00e04c023f0e'),
	(4001, '费用分摊', 1113, NULL, '/amazon/shipfee/report', 'amazon/report/ship/fee_summary/index', NULL, '', 4004, 1, NULL, b'1', NULL, NULL, NULL, 'b1da83e1-938e-11e7-8bdb-00e04c023f0e'),
	(4002, '发货详情', 1113, NULL, '/amazon/shipdetail/report', 'amazon/report/ship/detail/index', NULL, '', 4004, 1, NULL, b'1', NULL, NULL, NULL, 'b1da83e1-938e-11e7-8bdb-00e04c023f0e'),
	(6101, '部门管理', 5, NULL, '/sys/dept', 'sys/dept/index', '', '', 618, 1, NULL, b'1', NULL, NULL, NULL, NULL),
	(6103, '本地滞销', 3003, NULL, '/erp/inventory/report/unsalable', 'erp/warehouse/inventory/report/unsalable/index', NULL, '', 355, 1, '/pages/inventory_report/inventory_turnover_rate.jsp', b'1', NULL, NULL, NULL, '230270d9-98f7-11e7-8bdb-00e04c023f0e'),
	(66600, 'AMZ跟卖', 48, NULL, NULL, NULL, NULL, '', 0, 1, '', b'1', NULL, NULL, NULL, '4371c442-e609-11eb-a844-00e04c023f0e'),
	(66601, '跟卖管理', 66600, NULL, '/customized/follow', 'customized/amazon_follow_ui/index', NULL, '', 718, 1, NULL, b'1', NULL, NULL, NULL, '147ff39c-e9f9-11eb-a844-00e04c023f0e');

-- 正在导出表  db_wimoor.t_sys_menu_favorite 的数据：~0 rows (大约)

-- 正在导出表  db_wimoor.t_sys_message_template 的数据：~0 rows (大约)

-- 正在导出表  db_wimoor.t_sys_notify 的数据：~0 rows (大约)
 
-- 正在导出表  db_wimoor.t_sys_permission 的数据：~6 rows (大约)
INSERT IGNORE INTO `t_sys_permission` (`id`, `name`, `menu_id`, `url_perm`, `btn_perm`, `gmt_create`, `gmt_modified`) VALUES
	(1590216687451979778, '库位编辑', 7, 'POST:/erp/v1/warehouse/shelf/add', 'erp:wh:shelf:add', '2022-11-09 13:36:18', '2022-11-09 13:36:18'),
	(1627577448918474754, '删除1688授权', 26, 'GET:/erp/api/v1/purchase1688/delete', 'erp:purchase:open1688:delete', '2023-02-20 15:54:37', '2023-02-20 15:54:37'),
	(1628579022289592322, '导出', 98, 'GET:/erp/api/v1/material/downloadMaterialList', 'erp:material:download', '2023-02-23 10:14:31', '2023-02-23 10:14:31'),
	(1628580738779144193, '导出', 44, 'GET:/erp/api/v1/customer/downloadCustomerList', 'erp:customer:download', '2023-02-23 10:21:20', '2023-02-23 10:21:20'),
	(1648888310276505601, '本地已完成', 27, 'GET:/amazon/api/v1/shipForm/marketShipped', 'amz:ship:localdone', '2023-04-20 11:16:23', '2023-04-20 11:16:23'),
	(1648888789660286977, '删除货件', 27, 'GET:/erp/api/v1/shipForm/disableShipment', 'amz:ship:delete', '2023-04-20 11:18:17', '2023-04-20 11:18:17');

-- 正在导出表  db_wimoor.t_sys_potential_customer 的数据：~0 rows (大约)

-- 正在导出表  db_wimoor.t_sys_quartz_task 的数据：~49 rows (大约)
INSERT IGNORE INTO `t_sys_quartz_task` (`id`, `name`, `fgroup`, `priority`, `description`, `cron`, `server`, `bean`, `method`, `parameter`, `path`, `isdelete`, `createdate`) VALUES
	(1, '阿里云巴巴订单跟踪', '阿里巴巴', 75, '物流信息跟踪', '0 0 1 * * ?', 'wimoor-erp', NULL, NULL, '', 'http://wimoor-erp/erp/api/v1/purchase_form/refreshAlibabaOrder', b'1', '2022-05-09 11:23:14'),
	(2, '亚马逊订单跟踪', '亚马逊订单', 65, '亚马逊订单', '0 0/6 * * * ?', 'wimoor-amazon', 'ordersController', 'refreshOrderAction', '', 'http://wimoor-amazon/amazon/api/v0/orders/refreshOrder', b'0', '2022-06-09 14:10:28'),
	(3, '亚马逊订单详情跟踪', '亚马逊订单', 64, '亚马逊订单详情', '0/20 * * * * ?', 'wimoor-amazon', 'ordersController', 'refreshOrdersItemAction', '', 'http://wimoor-amazon/amazon/api/v0/orders/refreshOrdersItem', b'0', '2022-06-09 14:10:29'),
	(4, '订单购买', '亚马逊报表', 100, '亚马逊订单报表', '0 45 5,6,7 * * ?', 'wimoor-amazon', 'reportController', 'requestReportAction', 'GET_FLAT_FILE_ALL_ORDERS_DATA_BY_ORDER_DATE_GENERAL', 'http://wimoor-amazon/amazon/api/v1/report/requestReport/GET_FLAT_FILE_ALL_ORDERS_DATA_BY_ORDER_DATE_GENERAL', b'0', '2022-06-09 14:13:43'),
	(5, '订单更新', '亚马逊报表', 99, '订单更新报表', '27 25 2,4 * * ?', 'wimoor-amazon', 'reportController', 'requestReportAction', 'GET_FLAT_FILE_ALL_ORDERS_DATA_BY_LAST_UPDATE_GENERAL', 'http://wimoor-amazon/amazon/api/v1/report/requestReport/GET_FLAT_FILE_ALL_ORDERS_DATA_BY_LAST_UPDATE_GENERAL', b'0', '2022-06-09 14:15:48'),
	(6, '退货', '亚马逊报表', 97, '退货报表', '38 18 17 * * ?', 'wimoor-amazon', 'reportController', 'requestReportAction', 'GET_FBA_FULFILLMENT_CUSTOMER_RETURNS_DATA', 'http://wimoor-amazon/amazon/api/v1/report/requestReport/GET_FBA_FULFILLMENT_CUSTOMER_RETURNS_DATA', b'0', '2022-06-09 14:15:48'),
	(7, '订单发货', '亚马逊报表', 96, '订单发货报表', '43 30 18 * * ?', 'wimoor-amazon', 'reportController', 'requestReportAction', 'GET_AMAZON_FULFILLED_SHIPMENTS_DATA_GENERAL', 'http://wimoor-amazon/amazon/api/v1/report/requestReport/GET_AMAZON_FULFILLED_SHIPMENTS_DATA_GENERAL', b'0', '2022-06-09 14:16:43'),
	(8, '移除', '亚马逊报表', 95, '订单移除报表', '55 10 19 * * ?', 'wimoor-amazon', 'reportController', 'requestReportAction', 'GET_FBA_FULFILLMENT_REMOVAL_ORDER_DETAIL_DATA', 'http://wimoor-amazon/amazon/api/v1/report/requestReport/GET_FBA_FULFILLMENT_REMOVAL_ORDER_DETAIL_DATA', b'0', '2022-06-09 14:35:44'),
	(9, '订单', '亚马逊汇总', 72, '订单汇总', '0 5/30 * * * ?', 'wimoor-amazon', 'reportController', 'summaryOrderReportAction', '', 'http://wimoor-amazon/amazon/api/v1/report/summaryOrderReport', b'0', '2022-06-09 14:35:45'),
	(10, '库存', '亚马逊报表', 98, '亚马逊库存报表', '10 0 4,5 * * ?', 'wimoor-amazon', 'reportController', 'requestReportAction', 'GET_FBA_MYI_UNSUPPRESSED_INVENTORY_DATA', 'http://wimoor-amazon/amazon/api/v1/report/requestReport/GET_FBA_MYI_UNSUPPRESSED_INVENTORY_DATA', b'0', '2022-06-09 14:35:46'),
	(11, '仓库健康', '亚马逊报表', 94, '亚马逊库存健康报表', '35 12 1 * * ?', 'wimoor-amazon', 'reportController', 'requestReportAction', 'GET_FBA_FULFILLMENT_INVENTORY_HEALTH_DATA', 'http://wimoor-amazon/amazon/api/v1/report/requestReport/GET_FBA_FULFILLMENT_INVENTORY_HEALTH_DATA', b'0', '2022-06-09 14:35:47'),
	(12, '更新处理', '亚马逊报表', 68, '亚马逊报表更新处理', '0 2/5 * * * ?', 'wimoor-amazon', 'reportController', 'refreshReportAction', '', 'http://wimoor-amazon/amazon/api/v1/report/refreshReport', b'0', '2022-06-09 14:35:48'),
	(13, '账期', '亚马逊报表', 93, '亚马逊账期报表', '55 10 19 * * ?', 'wimoor-amazon', 'reportController', 'requestReportAction', 'GET_V2_SETTLEMENT_REPORT_DATA_FLAT_FILE_V2', 'http://wimoor-amazon/amazon/api/v1/report/requestReport/GET_V2_SETTLEMENT_REPORT_DATA_FLAT_FILE_V2', b'0', '2022-06-09 14:35:49'),
	(14, '商品分类', '亚马逊报表', 92, '亚马逊商品分类报表', '0 41 13 ? * 1L', NULL, NULL, NULL, '', NULL, b'1', '2022-06-09 14:35:50'),
	(15, 'FBA费用', '亚马逊报表', 91, '亚马逊FBA费用报表', '10 25,41 2 * * ?', 'wimoor-amazon', 'reportController', 'requestReportAction', 'GET_FBA_ESTIMATED_FBA_FEES_TXT_DATA', 'http://wimoor-amazon/amazon/api/v1/report/requestReport/GET_FBA_ESTIMATED_FBA_FEES_TXT_DATA', b'0', '2022-06-09 14:35:51'),
	(16, '仓储费', '亚马逊报表', 90, '亚马逊仓储费报表', '20 40 22 * * ?', 'wimoor-amazon', 'reportController', 'requestReportAction', 'GET_FBA_STORAGE_FEE_CHARGES_DATA', 'http://wimoor-amazon/amazon/api/v1/report/requestReport/GET_FBA_STORAGE_FEE_CHARGES_DATA', b'0', '2022-06-09 14:35:51'),
	(17, '长期仓储费', '亚马逊报表', 89, '亚马逊长期仓储费报表', '30 0 22 * * ?', 'wimoor-amazon', 'reportController', 'requestReportAction', 'GET_FBA_FULFILLMENT_LONGTERM_STORAGE_FEE_CHARGES_DATA', 'http://wimoor-amazon/amazon/api/v1/report/requestReport/GET_FBA_FULFILLMENT_LONGTERM_STORAGE_FEE_CHARGES_DATA', b'0', '2022-06-09 14:35:52'),
	(18, '上架商品', '亚马逊报表', 88, '亚马逊上架商品报表', '40 40 21 * * ?', 'wimoor-amazon', 'reportController', 'requestReportAction', 'GET_FLAT_FILE_OPEN_LISTINGS_DATA', 'http://wimoor-amazon/amazon/api/v1/report/requestReport/GET_FLAT_FILE_OPEN_LISTINGS_DATA', b'0', '2022-06-09 14:35:53'),
	(19, '全部商品', '亚马逊报表', 87, '亚马逊全部商品报表', '5 30 23 * * ?', 'wimoor-amazon', 'reportController', 'requestReportAction', 'GET_MERCHANT_LISTINGS_ALL_DATA', 'http://wimoor-amazon/amazon/api/v1/report/requestReport/GET_MERCHANT_LISTINGS_ALL_DATA', b'0', '2022-06-09 14:35:54'),
	(21, '提交处理', '亚马逊Feed', 73, '亚马逊Feed数据提交', '0 0/5 * * * ?', 'wimoor-amazon', 'feedController', 'processAction', '', 'http://wimoor-amazon/amazon/api/v0/feed/process', b'0', '2022-06-09 14:37:35'),
	(22, '流量汇总', '亚马逊汇总', 77, '汇总客户提交的流量报表', '0 10 0 * * ?', 'wimoor-amazon', 'amzProductPageviewsController', 'refreshSummaryAction', '', 'http://wimoor-amazon/amazon/api/v1/report/product/amzProductPageviews/refreshSummary', b'0', '2022-06-28 15:23:35'),
	(23, '流量上传迁移', '亚马逊汇总', 74, '客户提交的流量报表迁移模拟队列', '0 1/10 * * * ?', 'wimoor-amazon', 'amzProductPageviewsController', 'refreshDownloadAction', '', 'http://wimoor-amazon/amazon/api/v1/report/product/amzProductPageviews/refreshDownload', b'0', '2022-06-28 15:27:58'),
	(24, '预留库存', '亚马逊报表', 76, '亚马逊预留库存报表', '0 5 3 * * ?', 'wimoor-amazon', 'reportController', 'requestReportAction', 'GET_RESERVED_INVENTORY_DATA', 'http://wimoor-amazon/amazon/api/v1/report/requestReport/GET_RESERVED_INVENTORY_DATA', b'0', '2022-06-28 18:54:18'),
	(25, '报表申请', '亚马逊广告', 67, '亚马逊广告报表申请', '55 0/30 * * * ?', 'wimoor-amazon-adv', 'schedulingConfigController', 'requestReport', '', 'http://wimoor-amazon-adv/amazonadv/api/v1/advschedule/requestReport', b'0', '2022-07-04 16:40:51'),
	(26, '报表读取', '亚马逊广告', 70, '亚马逊广告报表读取', '0 0/5 * * * ?', 'wimoor-amazon-adv', 'schedulingConfigController', 'readReport', '', 'http://wimoor-amazon-adv/amazonadv/api/v1/advschedule/readReport', b'0', '2022-07-04 16:40:52'),
	(27, '快照申请', '亚马逊广告', 66, '亚马逊广告快照申请', '45 45 0/1 * * ?', 'wimoor-amazon-adv', 'schedulingConfigController', 'requestSnapshot', '', 'http://wimoor-amazon-adv/amazonadv/api/v1/advschedule/requestSnapshot', b'0', '2022-07-04 16:40:52'),
	(28, '快照读取', '亚马逊广告', 69, '亚马逊广告快照读取', '30 0/12 * * * ?', 'wimoor-amazon-adv', 'schedulingConfigController', 'readSnapshot', '', 'http://wimoor-amazon-adv/amazonadv/api/v1/advschedule/readSnapshot', b'0', '2022-07-04 16:47:12'),
	(29, '账期未出账', '亚马逊财务', 83, '亚马逊财务账期未出账', '0 37 0 * * ?', 'wimoor-amazon', 'amzFinAccountController', 'refreshAmzFin', '', 'http://wimoor-amazon/amazon/api/v1/amzFinAccount/refreshAmzFin', b'0', '2022-05-09 11:23:14'),
	(30, '更新Portfolios', '亚马逊广告', 84, '亚马逊广告更新Portfolios', '40 30 5 * * ?', 'wimoor-amazon-adv', 'schedulingConfigController', 'refreshListPortfolios', '', 'http://wimoor-amazon-adv/amazonadv/api/v1/advschedule/refreshListPortfolios', b'0', '2022-07-05 09:00:58'),
	(31, 'Remind', '亚马逊广告', 85, '亚马逊广告提醒', '38 20 1 * * ?', 'wimoor-amazon-adv', 'schedulingConfigController', 'refreshRemaindAction', '', 'http://wimoor-amazon-adv/amazonadv/api/v1/advschedule/refreshRemaind', b'0', '2022-07-05 09:12:20'),
	(32, '更新商品对象', '亚马逊商品', 63, '亚马逊产品更新商品对象', '0/10 * 19-23 * * ?', 'wimoor-amazon', 'amzProductRefreshController', 'refreshAction', '', 'http://wimoor-amazon/amazon/api/v1/report/product/amzProductRefresh/refresh', b'0', '2022-07-14 10:46:11'),
	(33, '更新关系', '亚马逊商品', 62, '亚马逊产品更新关系', '0/30 * * * * ?', 'wimoor-amazon', 'amzProductRefreshController', 'refreshCatalogAction', '', 'http://wimoor-amazon/amazon/api/v1/report/product/amzProductRefresh/refreshCatalog', b'0', '2022-07-14 10:46:12'),
	(34, '价格', '亚马逊商品', 50, '亚马逊商品价格', '0 2/3 * * * ?', 'wimoor-amazon', 'amzProductRefreshController', 'refreshPriceAction', '', 'http://wimoor-amazon/amazon/api/v1/report/product/amzProductRefresh/refreshPrice', b'0', '2022-07-14 10:47:42'),
	(35, '授权迁移', '亚马逊权限', 59, '亚马逊权限授权迁移', '0 37 0/5 * * ?', 'wimoor-amazon', 'amazonAuthorityController', 'getRefreshTokenAction', '', 'http://wimoor-amazon/amazon/api/v1/amzauthority/getRefreshToken', b'0', '2022-07-15 09:39:57'),
	(36, '处理报表', '亚马逊报表', 71, '亚马逊报表处理', '0 1/10 * * * ?', 'wimoor-amazon', 'reportController', 'processReportAction', '', 'http://wimoor-amazon/amazon/api/v1/report/processReport', b'0', '2022-07-18 13:07:58'),
	(37, '店铺绩效', '亚马逊报表', 82, '亚马逊店铺绩效报表', '43 40 19 * * ?', 'wimoor-amazon', 'reportController', 'requestReportAction', 'GET_V2_SELLER_PERFORMANCE_REPORT', 'http://wimoor-amazon/amazon/api/v1/report/requestReport/GET_V2_SELLER_PERFORMANCE_REPORT', b'0', '2022-07-20 13:41:24'),
	(38, '今日订单迁移', '亚马逊订单', 81, '亚马逊订单迁移归档', '43 10 23 * * ?', 'wimoor-amazon', 'ordersController', 'removeOrdersDataArchiveAction', '', 'http://wimoor-amazon/amazon/api/v0/orders/removeOrdersDataArchive', b'0', '2022-07-21 15:21:26'),
	(39, '广告数据汇总', '亚马逊产品', 80, '亚马逊广告数据汇总', '43 40 1 * * ?', 'wimoor-amazon', 'productInOptController', 'refreshAllProductAdvAction', '', 'http://wimoor-amazon/amazon/api/v1/report/product/productInOpt/refreshAllProductAdv', b'0', '2022-07-21 19:35:47'),
	(40, '站点获取', '亚马逊授权', 79, '亚马逊站点授权', '43 40 18 * * ?', 'wimoor-amazon', 'amazonSellerMarketController', 'refreshMarket', '', 'http://wimoor-amazon/amazon/api/v1/amazonSellerMarket/refreshMarket', b'0', '2022-07-23 17:16:15'),
	(41, '新增productRefresh', '亚马逊商品', 78, '亚马逊商品productRefresh', '43 40 19 * * ?', 'wimoor-amazon', 'amzProductRefreshController', 'insertAction', '', 'http://wimoor-amazon/amazon/api/v1/report/product/amzProductRefresh/insert', b'0', '2022-07-26 11:16:56'),
	(66, '更新商品对象2', '亚马逊商品', 63, '亚马逊产品更新商品对象2', '0/50 * 8-18 * * ?', 'wimoor-amazon', 'amzProductRefreshController', 'refreshAction', '', 'http://wimoor-amazon/amazon/api/v1/report/product/amzProductRefresh/refresh', b'0', '2022-07-14 10:46:11'),
	(67, '消息订阅', '亚马逊消息', 58, '亚马逊消息订阅', '0 5 13 * * ?', 'wimoor-amazon', 'amzNotificationsController', 'refreshSubscriptionsAction', '', 'http://wimoor-amazon/amazon/api/v1/amzNotifications/refreshSubscriptions', b'0', '2022-08-06 14:52:18'),
	(110, '流量', '亚马逊报表', 93, '亚马逊流量报表', '20 20 16 * * ?', 'wimoor-amazon', 'reportController', 'requestReportAction', 'GET_SALES_AND_TRAFFIC_REPORT', 'http://wimoor-amazon/amazon/api/v1/report/requestReport/GET_SALES_AND_TRAFFIC_REPORT', b'0', '2022-06-09 14:35:49'),
	(111, '发票', '亚马逊报表', 80, '亚马逊发票报表', '55 30 16 * * ?', 'wimoor-amazon', 'reportController', 'requestReportAction', 'GET_FLAT_FILE_ORDER_REPORT_DATA_INVOICING', 'http://wimoor-amazon/amazon/api/v1/report/requestReport/GET_FLAT_FILE_ORDER_REPORT_DATA_INVOICING', b'0', '2022-08-26 15:34:06'),
	(112, '发货跟踪', '亚马逊FBA', 81, '亚马逊发票报表', '55 0 19 * * ?', 'wimoor-amazon', 'ShipFormController', 'refreshShipmentAction', '', 'http://wimoor-amazon/amazon/api/v1/shipForm/refreshShipment', b'0', '2022-08-26 15:34:06'),
	(120, '欧洲库存', '亚马逊报表', 98, '亚马逊欧洲库存报表', '10 40 6 * * ?', 'wimoor-amazon', 'reportController', 'requestReportAction', 'GET_AFN_INVENTORY_DATA_BY_COUNTRY', 'http://wimoor-amazon/amazon/api/v1/report/requestReport/GET_AFN_INVENTORY_DATA_BY_COUNTRY', b'0', '2022-06-09 14:35:46'),
	(130, '新滞销', '亚马逊报表', 110, '亚马逊库龄报表', '0 30 12 * * ?', 'wimoor-amazon', 'reportController', 'requestReportAction', 'GET_FBA_INVENTORY_PLANNING_DATA', 'http://wimoor-amazon/amazon/api/v1/report/requestReport/GET_FBA_INVENTORY_PLANNING_DATA', b'0', '2022-06-09 14:35:47'),
	(131, '轻小', '亚马逊报表', 94, '亚马逊轻小报表', '0 12 20,21 * * ?', 'wimoor-amazon', 'reportController', 'requestReportAction', 'GET_FBA_UNO_INVENTORY_DATA', 'http://wimoor-amazon/amazon/api/v1/report/requestReport/GET_FBA_UNO_INVENTORY_DATA', b'0', '2022-06-09 14:35:47'),
	(132, '流量2', '亚马逊报表', 93, '亚马逊流量报表2', '20 10 13 * * ?', 'wimoor-amazon', 'reportController', 'requestReportAction', 'GET_SALES_AND_TRAFFIC_REPORT', 'http://wimoor-amazon/amazon/api/v1/report/requestReport/GET_SALES_AND_TRAFFIC_REPORT', b'0', '2022-06-09 14:35:49');

-- 正在导出表  db_wimoor.t_sys_query_field 的数据：~0 rows (大约)

-- 正在导出表  db_wimoor.t_sys_query_user_version 的数据：~0 rows (大约)

-- 正在导出表  db_wimoor.t_sys_query_version_feild 的数据：~0 rows (大约)

-- 正在导出表  db_wimoor.t_sys_role_menu 的数据：~366 rows (大约)
INSERT IGNORE INTO `t_sys_role_menu` (`role_id`, `menu_id`) VALUES
	(26138972975989571, 1),
	(26138972975989596, 1),
	(26138972975989600, 1),
	(26138972975989607, 1),
	(26138972975989571, 2),
	(26138972975989596, 2),
	(26138972975989600, 2),
	(26138972975989607, 2),
	(26138972975989596, 3),
	(26138972975989600, 3),
	(26138972975989571, 4),
	(26138972975989596, 4),
	(26138972975989600, 4),
	(26138972975989607, 4),
	(26138972975989571, 5),
	(26138972975989596, 5),
	(26138972975989600, 5),
	(26138972975989607, 5),
	(1683718377898323970, 5),
	(26138972975989600, 6),
	(26138972975989596, 7),
	(26138972975989600, 7),
	(26138972975989571, 8),
	(26138972975989596, 8),
	(26138972975989600, 8),
	(26138972975989607, 8),
	(26138972975989596, 9),
	(26138972975989600, 9),
	(26138972975989596, 10),
	(26138972975989600, 10),
	(26138972975989596, 11),
	(26138972975989600, 11),
	(26138972975989596, 12),
	(26138972975989600, 12),
	(26138972975989596, 13),
	(26138972975989600, 13),
	(26138972975989571, 14),
	(26138972975989596, 14),
	(26138972975989600, 14),
	(26138972975989607, 14),
	(26138972975989596, 16),
	(26138972975989600, 16),
	(26138972975989607, 16),
	(26138972975989596, 17),
	(26138972975989600, 17),
	(26138972975989607, 17),
	(26138972975989596, 18),
	(26138972975989600, 18),
	(26138972975989607, 18),
	(26138972975989596, 19),
	(26138972975989600, 19),
	(26138972975989607, 19),
	(26138972975989596, 20),
	(26138972975989600, 20),
	(26138972975989607, 20),
	(26138972975989600, 21),
	(26138972975989600, 22),
	(26138972975989596, 23),
	(26138972975989600, 23),
	(26138972975989571, 24),
	(26138972975989596, 24),
	(26138972975989600, 24),
	(26138972975989607, 24),
	(26138972975989600, 25),
	(26138972975989571, 26),
	(26138972975989596, 26),
	(26138972975989600, 26),
	(26138972975989607, 26),
	(26138972975989596, 27),
	(26138972975989600, 27),
	(26138972975989596, 28),
	(26138972975989600, 28),
	(26138972975989600, 29),
	(26138972975989596, 30),
	(26138972975989600, 30),
	(26138972975989596, 31),
	(26138972975989600, 31),
	(26138972975989596, 32),
	(26138972975989600, 32),
	(26138972975989596, 33),
	(26138972975989600, 33),
	(26138972975989596, 34),
	(26138972975989600, 34),
	(26138972975989571, 35),
	(26138972975989596, 35),
	(26138972975989600, 35),
	(26138972975989607, 35),
	(26138972975989596, 36),
	(26138972975989600, 36),
	(26138972975989571, 37),
	(26138972975989596, 37),
	(26138972975989600, 37),
	(26138972975989607, 37),
	(26138972975989596, 38),
	(26138972975989600, 38),
	(26138972975989571, 39),
	(26138972975989596, 39),
	(26138972975989600, 39),
	(26138972975989607, 39),
	(26138972975989600, 40),
	(26138972975989596, 41),
	(26138972975989600, 41),
	(26138972975989596, 42),
	(26138972975989600, 42),
	(26138972975989571, 43),
	(26138972975989596, 43),
	(26138972975989600, 43),
	(26138972975989607, 43),
	(26138972975989596, 44),
	(26138972975989600, 44),
	(26138972975989596, 45),
	(26138972975989600, 45),
	(26138972975989596, 46),
	(26138972975989600, 46),
	(26138972975989600, 47),
	(26138972975989571, 48),
	(26138972975989596, 48),
	(26138972975989600, 48),
	(26138972975989607, 48),
	(26138972975989600, 49),
	(26138972975989596, 50),
	(26138972975989600, 50),
	(26138972975989600, 51),
	(26138972975989596, 52),
	(26138972975989600, 52),
	(26138972975989596, 53),
	(26138972975989600, 53),
	(26138972975989600, 54),
	(26138972975989600, 55),
	(26138972975989596, 56),
	(26138972975989596, 57),
	(26138972975989600, 57),
	(26138972975989596, 58),
	(26138972975989600, 58),
	(26138972975989600, 59),
	(26138972975989596, 60),
	(26138972975989600, 60),
	(26138972975989596, 61),
	(26138972975989600, 61),
	(26138972975989596, 62),
	(26138972975989600, 62),
	(26138972975989596, 63),
	(26138972975989600, 63),
	(26138972975989596, 64),
	(26138972975989600, 64),
	(26138972975989571, 65),
	(26138972975989596, 65),
	(26138972975989600, 65),
	(26138972975989607, 65),
	(26138972975989571, 66),
	(26138972975989596, 66),
	(26138972975989600, 66),
	(26138972975989607, 66),
	(26138972975989571, 69),
	(26138972975989596, 69),
	(26138972975989600, 69),
	(26138972975989607, 69),
	(26138972975989596, 70),
	(26138972975989600, 70),
	(26138972975989600, 71),
	(26138972975989600, 72),
	(26138972975989596, 73),
	(26138972975989600, 73),
	(26138972975989596, 74),
	(26138972975989600, 74),
	(26138972975989596, 75),
	(26138972975989600, 75),
	(26138972975989596, 76),
	(26138972975989600, 76),
	(26138972975989600, 77),
	(26138972975989596, 78),
	(26138972975989600, 78),
	(26138972975989596, 79),
	(26138972975989600, 79),
	(26138972975989596, 80),
	(26138972975989600, 80),
	(26138972975989571, 81),
	(26138972975989596, 81),
	(26138972975989600, 81),
	(26138972975989607, 81),
	(26138972975989596, 82),
	(26138972975989600, 82),
	(26138972975989596, 83),
	(26138972975989600, 83),
	(26138972975989571, 84),
	(26138972975989596, 84),
	(26138972975989600, 84),
	(26138972975989607, 84),
	(26138972975989600, 85),
	(26138972975989600, 86),
	(26138972975989571, 87),
	(26138972975989596, 87),
	(26138972975989600, 87),
	(26138972975989607, 87),
	(1683718377898323970, 87),
	(26138972975989596, 88),
	(26138972975989600, 88),
	(26138972975989596, 89),
	(26138972975989600, 89),
	(26138972975989600, 90),
	(26138972975989596, 91),
	(26138972975989600, 91),
	(26138972975989571, 92),
	(26138972975989596, 92),
	(26138972975989600, 92),
	(26138972975989607, 92),
	(26138972975989596, 93),
	(26138972975989600, 93),
	(26138972975989600, 94),
	(26138972975989596, 96),
	(26138972975989600, 96),
	(26138972975989596, 97),
	(26138972975989600, 97),
	(26138972975989596, 98),
	(26138972975989600, 98),
	(26138972975989607, 98),
	(26138972975989600, 99),
	(26138972975989571, 100),
	(26138972975989596, 100),
	(26138972975989600, 100),
	(26138972975989607, 100),
	(1683718377898323970, 100),
	(26138972975989596, 101),
	(26138972975989600, 101),
	(26138972975989571, 102),
	(26138972975989596, 102),
	(26138972975989600, 102),
	(26138972975989607, 102),
	(26138972975989596, 103),
	(26138972975989600, 103),
	(26138972975989600, 104),
	(26138972975989600, 105),
	(26138972975989571, 106),
	(26138972975989596, 106),
	(26138972975989600, 106),
	(26138972975989607, 106),
	(26138972975989596, 107),
	(26138972975989600, 107),
	(26138972975989596, 108),
	(26138972975989596, 109),
	(26138972975989600, 109),
	(26138972975989596, 110),
	(26138972975989600, 110),
	(26138972975989607, 110),
	(26138972975989600, 111),
	(26138972975989596, 112),
	(26138972975989600, 112),
	(26138972975989600, 113),
	(26138972975989571, 114),
	(26138972975989596, 114),
	(26138972975989600, 114),
	(26138972975989607, 114),
	(26138972975989596, 115),
	(26138972975989600, 115),
	(26138972975989596, 116),
	(26138972975989600, 116),
	(26138972975989596, 117),
	(26138972975989600, 117),
	(26138972975989600, 118),
	(26138972975989596, 119),
	(26138972975989600, 119),
	(26138972975989596, 120),
	(26138972975989600, 120),
	(26138972975989571, 121),
	(26138972975989596, 121),
	(26138972975989600, 121),
	(26138972975989607, 121),
	(26138972975989596, 122),
	(26138972975989600, 122),
	(26138972975989596, 123),
	(26138972975989600, 123),
	(26138972975989596, 124),
	(26138972975989600, 124),
	(26138972975989596, 125),
	(26138972975989600, 125),
	(26138972975989607, 125),
	(26138972975989596, 126),
	(26138972975989600, 126),
	(26138972975989607, 126),
	(26138972975989596, 127),
	(26138972975989600, 127),
	(26138972975989607, 127),
	(26138972975989596, 128),
	(26138972975989600, 128),
	(26138972975989607, 128),
	(26138972975989596, 129),
	(26138972975989600, 129),
	(26138972975989607, 129),
	(26138972975989571, 131),
	(26138972975989596, 131),
	(26138972975989600, 131),
	(26138972975989607, 131),
	(26138972975989596, 132),
	(26138972975989600, 132),
	(26138972975989596, 133),
	(26138972975989596, 141),
	(26138972975989600, 141),
	(26138972975989596, 142),
	(26138972975989571, 163),
	(26138972975989596, 163),
	(26138972975989600, 163),
	(26138972975989607, 163),
	(26138972975989596, 199),
	(26138972975989600, 199),
	(26138972975989596, 202),
	(26138972975989600, 202),
	(26138972975989596, 211),
	(26138972975989600, 211),
	(26138972975989596, 212),
	(26138972975989600, 212),
	(26138972975989596, 213),
	(26138972975989600, 213),
	(26138972975989571, 214),
	(26138972975989596, 214),
	(26138972975989607, 214),
	(26138972975989596, 215),
	(26138972975989600, 215),
	(26138972975989596, 216),
	(26138972975989596, 217),
	(26138972975989596, 218),
	(26138972975989571, 219),
	(26138972975989596, 219),
	(26138972975989607, 219),
	(26138972975989596, 225),
	(26138972975989600, 225),
	(26138972975989596, 236),
	(26138972975989600, 236),
	(26138972975989596, 299),
	(26138972975989600, 299),
	(26138972975989596, 306),
	(26138972975989600, 306),
	(26138972975989596, 307),
	(26138972975989600, 307),
	(26138972975989600, 316),
	(26138972975989596, 317),
	(26138972975989600, 317),
	(26138972975989571, 401),
	(26138972975989596, 401),
	(26138972975989607, 401),
	(26138972975989571, 402),
	(26138972975989596, 402),
	(26138972975989607, 402),
	(26138972975989596, 403),
	(26138972975989596, 971),
	(26138972975989596, 972),
	(26138972975989600, 1010),
	(26138972975989571, 1061),
	(26138972975989596, 1061),
	(26138972975989596, 1113),
	(26138972975989596, 1251),
	(26138972975989607, 1251),
	(26138972975989600, 2201),
	(26138972975989596, 3001),
	(26138972975989600, 3001),
	(26138972975989596, 3003),
	(26138972975989596, 4000),
	(26138972975989596, 4001),
	(26138972975989596, 4002),
	(26138972975989596, 6101),
	(26138972975989596, 6103),
	(26138972975989571, 66600),
	(26138972975989596, 66600),
	(26138972975989607, 66600),
	(26138972975989571, 66601),
	(26138972975989596, 66601),
	(26138972975989607, 66601);

-- 正在导出表  db_wimoor.t_sys_tariff_packages 的数据：~5 rows (大约)
INSERT IGNORE INTO `t_sys_tariff_packages` (`id`, `name`, `roleId`, `isdefault`, `maxShopCount`, `maxProductCount`, `maxOrderCount`, `maxMember`, `maxProfitPlanCount`, `maxMarketCount`, `orderMemoryCount`, `dayOpenAdvCount`, `controlProductCount`, `anysisProductCount`, `yearprice`, `monthprice`, `lastUpdateTime`, `lastUpdateUser`) VALUES
	(0, '免费版', 26138972975989607, b'1', 100000000, 100000000, 1800, 3, 1, 100000000, '12', 50, 100000000, 100000000, 0.00, 0.00, '2019-03-11', 'aeaec5ff-ab13-11e6-bab5-00e04c023f0e'),
	(1, '入门版', 26138972975989587, b'0', 100000000, 100000000, 9000, 10, 2, 100000000, '36', 300, 100000000, 100000000, 380.00, 38.00, '2019-03-11', 'aeaec5ff-ab13-11e6-bab5-00e04c023f0e'),
	(2, '标准版', 26138972975989571, b'0', 100000000, 100000000, 30000, 50, 5, 100000000, '36', 3000, 100000000, 100000000, 899.00, 89.00, '2019-03-11', 'aeaec5ff-ab13-11e6-bab5-00e04c023f0e'),
	(3, '专业版', 26138972975989575, b'0', 100000000, 100000000, 60000, 100, 10, 100000000, '36', 8000, 100000000, 100000000, 1600.00, 140.00, '2019-03-11', 'aeaec5ff-ab13-11e6-bab5-00e04c023f0e'),
	(4, '旗舰版', 26138972975989596, b'0', 100000000, 100000000, 100000000, 100000000, 100000000, 100000000, '72', 100000000, 100000000, 100000000, 8000.00, 1000.00, '2019-03-11', 'aeaec5ff-ab13-11e6-bab5-00e04c023f0e');


INSERT IGNORE INTO `t_sys_user_bind` (`userid`, `bindid`) VALUES
	(26138972975759242, 100407052731416576);
 
-- 正在导出表  db_wimoor.t_user 的数据：~14 rows (大约)
INSERT IGNORE INTO `t_user` (`id`, `account`, `password`, `salt`, `leader_id`, `losingEffect`, `logicDelete`, `disable`, `isActive`, `hasEmail`, `member`, `passwordkey`, `lastlogintime`, `lastloginip`, `lastloginsession`, `opttime`, `createDate`, `ftype`, `oldid`, `deptid`) VALUES (26138972975759242, 'admin@wimoor.com', '348d576749fb860a238cac06f49d828d', 'a339598eb2ec5f757c47bb03dffb25b8', 26138972975759242, '2098-12-31', b'0', b'0', b'1', b'1', 0, NULL, '2022-10-27 09:36:56', '0:0:0:0:0:0:0:1', 'fbe5f44c-b49b-47aa-bd48-047290008ec2', NULL, '2016-11-01 00:00:00', 'email', NULL, NULL);

-- 正在导出表  db_wimoor.t_userinfo 的数据：~15 rows (大约)
INSERT IGNORE INTO `t_userinfo` (`id`, `name`, `sex`, `picture`, `tel`, `company`, `email`, `remark`) VALUES
	(26138972975759242, '系统管理员', NULL, NULL, NULL, NULL, NULL, NULL);

-- 正在导出表  db_wimoor.t_user_role 的数据：~13 rows (大约)
INSERT IGNORE INTO `t_user_role` (`id`, `user_id`, `role_id`) VALUES
	(26138972975989807, 26138972975759242, 1);

-- 正在导出表  db_wimoor.t_user_shop 的数据：~12 rows (大约)
INSERT IGNORE INTO `t_user_shop` (`id`, `user_id`, `shop_id`) VALUES
	(26138972975989613, 26138972975759242, 26138972975530053);
 
-- 正在导出表  db_wimoor.t_variable_closing_fee 的数据：~62 rows (大约)
INSERT IGNORE INTO `t_variable_closing_fee` (`id`, `country`, `typeid`, `isMedia`, `logisticsId`, `name`, `format`) VALUES
	(39, 'JP', 8, '1', '0', NULL, '80'),
	(40, 'JP', 28, '1', '0', NULL, '140'),
	(41, 'JP', 103, '1', '0', NULL, '140'),
	(42, 'JP', 102, '1', '0', NULL, '140'),
	(43, 'JP', 113, '1', '0', NULL, '140'),
	(44, 'UK', 8, '1', '0', NULL, '0.50'),
	(45, 'UK', 101, '1', '0', NULL, '0.50'),
	(46, 'UK', 103, '1', '0', NULL, '0.50'),
	(47, 'UK', 102, '1', '0', NULL, '0.50'),
	(48, 'UK', 104, '1', '0', NULL, '0.50'),
	(49, 'UK', 31, '1', '0', NULL, '0.50'),
	(50, 'ES', 8, '1', '0', NULL, '1.01'),
	(51, 'ES', 101, '1', '0', NULL, '0.81'),
	(52, 'ES', 103, '1', '0', NULL, '0.81'),
	(53, 'ES', 102, '1', '0', NULL, '0.81'),
	(54, 'ES', 104, '1', '0', NULL, '0.81'),
	(55, 'ES', 31, '1', '0', NULL, '0.81'),
	(56, 'IT', 8, '1', '0', NULL, '1.01'),
	(57, 'IT', 101, '1', '0', NULL, '0.81'),
	(58, 'IT', 103, '1', '0', NULL, '0.81'),
	(59, 'IT', 102, '1', '0', NULL, '0.81'),
	(60, 'IT', 104, '1', '0', NULL, '0.81'),
	(61, 'IT', 31, '1', '0', NULL, '0.81'),
	(64, 'FR', 103, '1', '0', NULL, '0.61'),
	(65, 'FR', 102, '1', '0', NULL, '0.61'),
	(66, 'FR', 104, '1', '0', NULL, '0.61'),
	(67, 'FR', 31, '1', '0', NULL, '0.61'),
	(68, 'FR', 8, '1', '0', NULL, '0.61'),
	(69, 'FR', 101, '1', '0', NULL, '0.61'),
	(74, 'DE', 8, '1', '0', NULL, '1.01'),
	(75, 'DE', 101, '1', '0', NULL, '0.81'),
	(76, 'DE', 103, '1', '0', NULL, '0.81'),
	(77, 'DE', 102, '1', '0', NULL, '0.81'),
	(78, 'DE', 104, '1', '0', NULL, '0.81'),
	(79, 'DE', 31, '1', '0', NULL, '0.81'),
	(80, 'US', 8, '1', '0', NULL, '1.8'),
	(81, 'US', 101, '1', '0', NULL, '1.8'),
	(82, 'US', 103, '1', '0', NULL, '1.8'),
	(83, 'US', 102, '1', '0', NULL, '1.8'),
	(84, 'US', 104, '1', '0', NULL, '1.8'),
	(85, 'US', 31, '1', '0', NULL, '1.8'),
	(86, 'US', 39, '1', '0', NULL, '1.8'),
	(87, 'CA', 8, '1', '0', NULL, '1'),
	(88, 'CA', 101, '1', '0', NULL, '1'),
	(89, 'CA', 102, '1', '0', NULL, '1'),
	(90, 'CA', 103, '1', '0', NULL, '1'),
	(91, 'CA', 104, '1', '0', NULL, '1'),
	(92, 'CA', 31, '1', '0', NULL, '1'),
	(93, 'CA', 39, '1', '0', NULL, '1'),
	(94, 'AU', 8, '1', '0', NULL, '1'),
	(95, 'AU', 103, '1', '0', NULL, '1'),
	(96, 'AU', 102, '1', '0', NULL, '1'),
	(97, 'AU', 104, '1', '0', NULL, '1'),
	(98, 'AU', 31, '1', '0', NULL, '1'),
	(99, 'AU', 39, '1', '0', NULL, '1'),
	(100, 'AU', 101, '1', '0', NULL, '1'),
	(101, 'PL', 611, '1', '0', NULL, '3'),
	(102, 'PL', 629, '1', '0', NULL, '3'),
	(103, 'PL', 632, '1', '0', NULL, '3'),
	(104, 'SE', 649, '1', '0', NULL, '9'),
	(105, 'SE', 672, '1', '0', NULL, '9'),
	(106, 'SE', 669, '1', '0', NULL, '9');
 
