USE db_admin;
INSERT INTO `t_role` (`id`, `name`, `type`, `issystem`, `shopid`, `oldid`) VALUES (26138972975989571, '标准版', 'manager', b'1', 26138972975530053, '26138972975989571');
INSERT INTO `t_role` (`id`, `name`, `type`, `issystem`, `shopid`, `oldid`) VALUES (26138972975989575, '专业版', 'manager', b'1', 26138972975530053, '26138972975989575');
INSERT INTO `t_role` (`id`, `name`, `type`, `issystem`, `shopid`, `oldid`) VALUES (26138972975989587, '入门版', 'manager', b'1', 26138972975530053, '26138972975989587');
INSERT INTO `t_role` (`id`, `name`, `type`, `issystem`, `shopid`, `oldid`) VALUES (26138972975989596, '旗舰版', 'manager', b'1', 26138972975530053, '26138972975989596');
INSERT INTO `t_role` (`id`, `name`, `type`, `issystem`, `shopid`, `oldid`) VALUES (26138972975989600, 'admin', 'admin', b'1', 26138972975530053, '26138972975989600');
INSERT INTO `t_role` (`id`, `name`, `type`, `issystem`, `shopid`, `oldid`) VALUES (26138972975989603, 'manager', 'manager', b'1', 26138972975530053, '26138972975989603');
INSERT INTO `t_role` (`id`, `name`, `type`, `issystem`, `shopid`, `oldid`) VALUES (26138972975989607, '免费版', 'manager', b'1', 26138972975530053, '26138972975989607');
INSERT INTO `t_sys_role_menu` (`role_id`, `menu_id`) VALUES (26138972975989600, 1);
INSERT INTO `t_sys_role_menu` (`role_id`, `menu_id`) VALUES (26138972975989600, 2);
INSERT INTO `t_sys_role_menu` (`role_id`, `menu_id`) VALUES (26138972975989600, 3);
INSERT INTO `t_sys_role_menu` (`role_id`, `menu_id`) VALUES (26138972975989600, 4);
INSERT INTO `t_sys_role_menu` (`role_id`, `menu_id`) VALUES (26138972975989600, 5);
INSERT INTO `t_sys_role_menu` (`role_id`, `menu_id`) VALUES (26138972975989600, 6);
INSERT INTO `t_sys_role_menu` (`role_id`, `menu_id`) VALUES (26138972975989600, 7);
INSERT INTO `t_sys_role_menu` (`role_id`, `menu_id`) VALUES (26138972975989600, 8);
INSERT INTO `t_sys_role_menu` (`role_id`, `menu_id`) VALUES (26138972975989600, 9);
INSERT INTO `t_sys_role_menu` (`role_id`, `menu_id`) VALUES (26138972975989600, 10);
INSERT INTO `t_sys_role_menu` (`role_id`, `menu_id`) VALUES (26138972975989600, 11);
INSERT INTO `t_sys_role_menu` (`role_id`, `menu_id`) VALUES (26138972975989600, 12);
INSERT INTO `t_sys_role_menu` (`role_id`, `menu_id`) VALUES (26138972975989600, 13);
INSERT INTO `t_sys_role_menu` (`role_id`, `menu_id`) VALUES (26138972975989600, 16);
INSERT INTO `t_sys_role_menu` (`role_id`, `menu_id`) VALUES (26138972975989600, 17);
INSERT INTO `t_sys_role_menu` (`role_id`, `menu_id`) VALUES (26138972975989600, 18);
INSERT INTO `t_sys_role_menu` (`role_id`, `menu_id`) VALUES (26138972975989600, 19);
INSERT INTO `t_sys_role_menu` (`role_id`, `menu_id`) VALUES (26138972975989600, 20);
INSERT INTO `t_sys_role_menu` (`role_id`, `menu_id`) VALUES (26138972975989600, 21);
INSERT INTO `t_sys_role_menu` (`role_id`, `menu_id`) VALUES (26138972975989600, 22);
INSERT INTO `t_sys_role_menu` (`role_id`, `menu_id`) VALUES (26138972975989600, 23);
INSERT INTO `t_sys_role_menu` (`role_id`, `menu_id`) VALUES (26138972975989600, 24);
INSERT INTO `t_sys_role_menu` (`role_id`, `menu_id`) VALUES (26138972975989600, 25);
INSERT INTO `t_sys_role_menu` (`role_id`, `menu_id`) VALUES (26138972975989600, 26);
INSERT INTO `t_sys_role_menu` (`role_id`, `menu_id`) VALUES (26138972975989600, 27);
INSERT INTO `t_sys_role_menu` (`role_id`, `menu_id`) VALUES (26138972975989600, 28);
INSERT INTO `t_sys_role_menu` (`role_id`, `menu_id`) VALUES (26138972975989600, 29);
INSERT INTO `t_sys_role_menu` (`role_id`, `menu_id`) VALUES (26138972975989600, 30);
INSERT INTO `t_sys_role_menu` (`role_id`, `menu_id`) VALUES (26138972975989600, 31);
INSERT INTO `t_sys_role_menu` (`role_id`, `menu_id`) VALUES (26138972975989600, 32);
INSERT INTO `t_sys_role_menu` (`role_id`, `menu_id`) VALUES (26138972975989600, 33);
INSERT INTO `t_sys_role_menu` (`role_id`, `menu_id`) VALUES (26138972975989600, 34);
INSERT INTO `t_sys_role_menu` (`role_id`, `menu_id`) VALUES (26138972975989600, 35);
INSERT INTO `t_sys_role_menu` (`role_id`, `menu_id`) VALUES (26138972975989600, 36);
INSERT INTO `t_sys_role_menu` (`role_id`, `menu_id`) VALUES (26138972975989600, 37);
INSERT INTO `t_sys_role_menu` (`role_id`, `menu_id`) VALUES (26138972975989600, 38);
INSERT INTO `t_sys_role_menu` (`role_id`, `menu_id`) VALUES (26138972975989600, 39);
INSERT INTO `t_sys_role_menu` (`role_id`, `menu_id`) VALUES (26138972975989600, 40);
INSERT INTO `t_sys_role_menu` (`role_id`, `menu_id`) VALUES (26138972975989600, 41);
INSERT INTO `t_sys_role_menu` (`role_id`, `menu_id`) VALUES (26138972975989600, 42);
INSERT INTO `t_sys_role_menu` (`role_id`, `menu_id`) VALUES (26138972975989600, 43);
INSERT INTO `t_sys_role_menu` (`role_id`, `menu_id`) VALUES (26138972975989600, 44);
INSERT INTO `t_sys_role_menu` (`role_id`, `menu_id`) VALUES (26138972975989600, 45);
INSERT INTO `t_sys_role_menu` (`role_id`, `menu_id`) VALUES (26138972975989600, 46);
INSERT INTO `t_sys_role_menu` (`role_id`, `menu_id`) VALUES (26138972975989600, 47);
INSERT INTO `t_sys_role_menu` (`role_id`, `menu_id`) VALUES (26138972975989600, 48);
INSERT INTO `t_sys_role_menu` (`role_id`, `menu_id`) VALUES (26138972975989600, 49);
INSERT INTO `t_sys_role_menu` (`role_id`, `menu_id`) VALUES (26138972975989600, 50);
INSERT INTO `t_sys_role_menu` (`role_id`, `menu_id`) VALUES (26138972975989600, 51);
INSERT INTO `t_sys_role_menu` (`role_id`, `menu_id`) VALUES (26138972975989600, 52);
INSERT INTO `t_sys_role_menu` (`role_id`, `menu_id`) VALUES (26138972975989600, 53);
INSERT INTO `t_sys_role_menu` (`role_id`, `menu_id`) VALUES (26138972975989600, 54);
INSERT INTO `t_sys_role_menu` (`role_id`, `menu_id`) VALUES (26138972975989600, 55);
INSERT INTO `t_sys_role_menu` (`role_id`, `menu_id`) VALUES (26138972975989600, 57);
INSERT INTO `t_sys_role_menu` (`role_id`, `menu_id`) VALUES (26138972975989600, 58);
INSERT INTO `t_sys_role_menu` (`role_id`, `menu_id`) VALUES (26138972975989600, 59);
INSERT INTO `t_sys_role_menu` (`role_id`, `menu_id`) VALUES (26138972975989600, 60);
INSERT INTO `t_sys_role_menu` (`role_id`, `menu_id`) VALUES (26138972975989600, 61);
INSERT INTO `t_sys_role_menu` (`role_id`, `menu_id`) VALUES (26138972975989600, 62);
INSERT INTO `t_sys_role_menu` (`role_id`, `menu_id`) VALUES (26138972975989600, 63);
INSERT INTO `t_sys_role_menu` (`role_id`, `menu_id`) VALUES (26138972975989600, 64);
INSERT INTO `t_sys_role_menu` (`role_id`, `menu_id`) VALUES (26138972975989600, 65);
INSERT INTO `t_sys_role_menu` (`role_id`, `menu_id`) VALUES (26138972975989600, 66);
INSERT INTO `t_sys_role_menu` (`role_id`, `menu_id`) VALUES (26138972975989600, 69);
INSERT INTO `t_sys_role_menu` (`role_id`, `menu_id`) VALUES (26138972975989600, 70);
INSERT INTO `t_sys_role_menu` (`role_id`, `menu_id`) VALUES (26138972975989600, 71);
INSERT INTO `t_sys_role_menu` (`role_id`, `menu_id`) VALUES (26138972975989600, 72);
INSERT INTO `t_sys_role_menu` (`role_id`, `menu_id`) VALUES (26138972975989600, 74);
INSERT INTO `t_sys_role_menu` (`role_id`, `menu_id`) VALUES (26138972975989600, 75);
INSERT INTO `t_sys_role_menu` (`role_id`, `menu_id`) VALUES (26138972975989600, 76);
INSERT INTO `t_sys_role_menu` (`role_id`, `menu_id`) VALUES (26138972975989600, 77);
INSERT INTO `t_sys_role_menu` (`role_id`, `menu_id`) VALUES (26138972975989600, 78);
INSERT INTO `t_sys_role_menu` (`role_id`, `menu_id`) VALUES (26138972975989600, 79);
INSERT INTO `t_sys_role_menu` (`role_id`, `menu_id`) VALUES (26138972975989600, 80);
INSERT INTO `t_sys_role_menu` (`role_id`, `menu_id`) VALUES (26138972975989600, 81);
INSERT INTO `t_sys_role_menu` (`role_id`, `menu_id`) VALUES (26138972975989600, 82);
INSERT INTO `t_sys_role_menu` (`role_id`, `menu_id`) VALUES (26138972975989600, 83);
INSERT INTO `t_sys_role_menu` (`role_id`, `menu_id`) VALUES (26138972975989600, 84);
INSERT INTO `t_sys_role_menu` (`role_id`, `menu_id`) VALUES (26138972975989600, 85);
INSERT INTO `t_sys_role_menu` (`role_id`, `menu_id`) VALUES (26138972975989600, 86);
INSERT INTO `t_sys_role_menu` (`role_id`, `menu_id`) VALUES (26138972975989600, 87);
INSERT INTO `t_sys_role_menu` (`role_id`, `menu_id`) VALUES (26138972975989600, 88);
INSERT INTO `t_sys_role_menu` (`role_id`, `menu_id`) VALUES (26138972975989600, 89);
INSERT INTO `t_sys_role_menu` (`role_id`, `menu_id`) VALUES (26138972975989600, 90);
INSERT INTO `t_sys_role_menu` (`role_id`, `menu_id`) VALUES (26138972975989600, 91);
INSERT INTO `t_sys_role_menu` (`role_id`, `menu_id`) VALUES (26138972975989600, 92);
INSERT INTO `t_sys_role_menu` (`role_id`, `menu_id`) VALUES (26138972975989600, 93);
INSERT INTO `t_sys_role_menu` (`role_id`, `menu_id`) VALUES (26138972975989600, 94);
INSERT INTO `t_sys_role_menu` (`role_id`, `menu_id`) VALUES (26138972975989600, 96);
INSERT INTO `t_sys_role_menu` (`role_id`, `menu_id`) VALUES (26138972975989600, 97);
INSERT INTO `t_sys_role_menu` (`role_id`, `menu_id`) VALUES (26138972975989600, 98);
INSERT INTO `t_sys_role_menu` (`role_id`, `menu_id`) VALUES (26138972975989600, 99);
INSERT INTO `t_sys_role_menu` (`role_id`, `menu_id`) VALUES (26138972975989600, 100);
INSERT INTO `t_sys_role_menu` (`role_id`, `menu_id`) VALUES (26138972975989600, 101);
INSERT INTO `t_sys_role_menu` (`role_id`, `menu_id`) VALUES (26138972975989600, 102);
INSERT INTO `t_sys_role_menu` (`role_id`, `menu_id`) VALUES (26138972975989600, 103);
INSERT INTO `t_sys_role_menu` (`role_id`, `menu_id`) VALUES (26138972975989600, 104);
INSERT INTO `t_sys_role_menu` (`role_id`, `menu_id`) VALUES (26138972975989600, 105);
INSERT INTO `t_sys_role_menu` (`role_id`, `menu_id`) VALUES (26138972975989600, 106);
INSERT INTO `t_sys_role_menu` (`role_id`, `menu_id`) VALUES (26138972975989600, 107);
INSERT INTO `t_sys_role_menu` (`role_id`, `menu_id`) VALUES (26138972975989600, 109);
INSERT INTO `t_sys_role_menu` (`role_id`, `menu_id`) VALUES (26138972975989600, 110);
INSERT INTO `t_sys_role_menu` (`role_id`, `menu_id`) VALUES (26138972975989600, 111);
INSERT INTO `t_sys_role_menu` (`role_id`, `menu_id`) VALUES (26138972975989600, 113);
INSERT INTO `t_sys_role_menu` (`role_id`, `menu_id`) VALUES (26138972975989600, 114);
INSERT INTO `t_sys_role_menu` (`role_id`, `menu_id`) VALUES (26138972975989600, 115);
INSERT INTO `t_sys_role_menu` (`role_id`, `menu_id`) VALUES (26138972975989600, 116);
INSERT INTO `t_sys_role_menu` (`role_id`, `menu_id`) VALUES (26138972975989600, 117);
INSERT INTO `t_sys_role_menu` (`role_id`, `menu_id`) VALUES (26138972975989600, 118);
INSERT INTO `t_sys_role_menu` (`role_id`, `menu_id`) VALUES (26138972975989600, 119);
INSERT INTO `t_sys_role_menu` (`role_id`, `menu_id`) VALUES (26138972975989600, 120);
INSERT INTO `t_sys_role_menu` (`role_id`, `menu_id`) VALUES (26138972975989600, 121);
INSERT INTO `t_sys_role_menu` (`role_id`, `menu_id`) VALUES (26138972975989600, 122);
INSERT INTO `t_sys_role_menu` (`role_id`, `menu_id`) VALUES (26138972975989600, 123);
INSERT INTO `t_sys_role_menu` (`role_id`, `menu_id`) VALUES (26138972975989600, 124);
INSERT INTO `t_sys_role_menu` (`role_id`, `menu_id`) VALUES (26138972975989600, 125);
INSERT INTO `t_sys_role_menu` (`role_id`, `menu_id`) VALUES (26138972975989600, 126);
INSERT INTO `t_sys_role_menu` (`role_id`, `menu_id`) VALUES (26138972975989600, 127);
INSERT INTO `t_sys_role_menu` (`role_id`, `menu_id`) VALUES (26138972975989600, 128);
INSERT INTO `t_sys_role_menu` (`role_id`, `menu_id`) VALUES (26138972975989600, 129);
INSERT INTO `t_sys_role_menu` (`role_id`, `menu_id`) VALUES (26138972975989600, 131);
INSERT INTO `t_sys_role_menu` (`role_id`, `menu_id`) VALUES (26138972975989600, 132);
INSERT INTO `t_sys_role_menu` (`role_id`, `menu_id`) VALUES (26138972975989600, 141);
INSERT INTO `t_sys_role_menu` (`role_id`, `menu_id`) VALUES (26138972975989600, 163);
INSERT INTO `t_sys_role_menu` (`role_id`, `menu_id`) VALUES (26138972975989600, 199);
INSERT INTO `t_sys_role_menu` (`role_id`, `menu_id`) VALUES (26138972975989600, 202);
INSERT INTO `t_sys_role_menu` (`role_id`, `menu_id`) VALUES (26138972975989600, 215);
INSERT INTO `t_sys_role_menu` (`role_id`, `menu_id`) VALUES (26138972975989600, 299);
INSERT INTO `t_sys_role_menu` (`role_id`, `menu_id`) VALUES (26138972975989600, 306);
INSERT INTO `t_sys_role_menu` (`role_id`, `menu_id`) VALUES (26138972975989600, 307);
INSERT INTO `t_sys_role_menu` (`role_id`, `menu_id`) VALUES (26138972975989600, 316);
INSERT INTO `t_sys_role_menu` (`role_id`, `menu_id`) VALUES (26138972975989600, 317);
INSERT INTO `t_sys_role_menu` (`role_id`, `menu_id`) VALUES (26138972975989600, 1010);
INSERT INTO `t_sys_role_menu` (`role_id`, `menu_id`) VALUES (26138972975989600, 2201);
REPLACE INTO `t_shop` (`id`, `name`, `remark`, `invitecode`, `fromcode`, `oldid`, `boss_email`) VALUES (26138972975530053, 'admin', NULL, '2K6QRT', NULL, '22251d5f-f970-11e6-bd71-00e04c023f0e', NULL);
REPLACE INTO `t_sys_dict` (`id`, `name`, `code`, `status`, `remark`, `gmt_create`, `gmt_modified`) VALUES (1, '性别', 'gender', 1, NULL, '2019-12-06 19:03:32', '2021-02-08 14:58:01');
REPLACE INTO `t_sys_dict` (`id`, `name`, `code`, `status`, `remark`, `gmt_create`, `gmt_modified`) VALUES (2, '授权方式', 'grant_type', 1, NULL, '2020-10-17 08:09:50', '2021-01-31 09:48:24');
REPLACE INTO `t_sys_dict` (`id`, `name`, `code`, `status`, `remark`, `gmt_create`, `gmt_modified`) VALUES (3, '微服务列表', 'micro_service', 1, NULL, '2021-06-17 00:13:43', '2021-06-17 00:17:22');
REPLACE INTO `t_sys_dict` (`id`, `name`, `code`, `status`, `remark`, `gmt_create`, `gmt_modified`) VALUES (4, '请求方式', 'request_method', 1, NULL, '2021-06-17 00:18:07', '2021-06-17 00:18:07');
REPLACE INTO `t_sys_dict` (`id`, `name`, `code`, `status`, `remark`, `gmt_create`, `gmt_modified`) VALUES (1575330968132694017, '用户状态', 'user_status', 1, NULL, '2022-09-29 11:45:46', '2022-09-29 11:45:46');
REPLACE INTO `t_sys_dict` (`id`, `name`, `code`, `status`, `remark`, `gmt_create`, `gmt_modified`) VALUES (1580461846135635969, '数据权限', 'limit_data_type', 1, NULL, '2022-10-13 15:34:02', '2022-10-13 15:34:02');
REPLACE INTO `t_sys_dict` (`id`, `name`, `code`, `status`, `remark`, `gmt_create`, `gmt_modified`) VALUES (1581888127234539522, '销售渠道及发货方式', 'salesChannel', 1, NULL, '2022-10-17 14:01:34', '2022-10-17 14:01:34');
REPLACE INTO `t_sys_dict` (`id`, `name`, `code`, `status`, `remark`, `gmt_create`, `gmt_modified`) VALUES (1581888461944193026, '卖家销售计划', 'sellerplan', 1, NULL, '2022-10-17 14:02:54', '2022-10-17 14:02:54');
REPLACE INTO `t_sys_dict` (`id`, `name`, `code`, `status`, `remark`, `gmt_create`, `gmt_modified`) VALUES (1581888764215099394, '运费计算', 'shipmentstyle', 1, NULL, '2022-10-17 14:04:06', '2022-10-17 14:04:06');
REPLACE INTO `t_sys_dict` (`id`, `name`, `code`, `status`, `remark`, `gmt_create`, `gmt_modified`) VALUES (1581889181447684098, '配送方式', 'isfba', 1, NULL, '2022-10-17 14:05:46', '2022-10-17 14:05:46');
REPLACE INTO `t_sys_dict` (`id`, `name`, `code`, `status`, `remark`, `gmt_create`, `gmt_modified`) VALUES (1581889888674447362, '订单状态', 'order_status', 1, NULL, '2022-10-17 14:08:34', '2022-10-17 14:08:34');
REPLACE INTO `t_sys_dict` (`id`, `name`, `code`, `status`, `remark`, `gmt_create`, `gmt_modified`) VALUES (1581890253167853570, '卖家类型', 'is_business_order', 1, NULL, '2022-10-17 14:10:01', '2022-10-17 14:10:01');
REPLACE INTO `t_sys_dict` (`id`, `name`, `code`, `status`, `remark`, `gmt_create`, `gmt_modified`) VALUES (1581890529090142210, '客户类型', 'customer', 1, NULL, '2022-10-17 14:11:07', '2022-10-17 14:11:07');
REPLACE INTO `t_sys_dict` (`id`, `name`, `code`, `status`, `remark`, `gmt_create`, `gmt_modified`) VALUES (1581907412451393537, '物流方式US', 'logistics_us', 1, NULL, '2022-10-17 15:18:12', '2022-10-17 15:18:12');
REPLACE INTO `t_sys_dict` (`id`, `name`, `code`, `status`, `remark`, `gmt_create`, `gmt_modified`) VALUES (1581907799845699586, '物流方式UK', 'logistics_uk', 1, NULL, '2022-10-17 15:19:45', '2022-10-17 15:19:45');
REPLACE INTO `t_sys_dict` (`id`, `name`, `code`, `status`, `remark`, `gmt_create`, `gmt_modified`) VALUES (1593091333478154241, '采购币种', 'currency_purchase', 1, NULL, '2022-11-17 11:59:07', '2022-11-17 11:59:07');
REPLACE INTO `t_sys_dict_item` (`id`, `name`, `value`, `dict_code`, `sort`, `status`, `defaulted`, `remark`, `gmt_create`, `gmt_modified`) VALUES (1, '男', '1', 'gender', 1, 1, 0, NULL, '2019-05-05 13:07:52', '2019-07-02 14:23:05');
REPLACE INTO `t_sys_dict_item` (`id`, `name`, `value`, `dict_code`, `sort`, `status`, `defaulted`, `remark`, `gmt_create`, `gmt_modified`) VALUES (2, '女', '2', 'gender', 2, 1, 0, NULL, '2019-04-19 11:33:00', '2019-07-02 14:23:05');
REPLACE INTO `t_sys_dict_item` (`id`, `name`, `value`, `dict_code`, `sort`, `status`, `defaulted`, `remark`, `gmt_create`, `gmt_modified`) VALUES (3, '未知', '0', 'gender', 1, 1, 0, NULL, '2020-10-17 08:09:31', '2020-10-17 08:09:31');
REPLACE INTO `t_sys_dict_item` (`id`, `name`, `value`, `dict_code`, `sort`, `status`, `defaulted`, `remark`, `gmt_create`, `gmt_modified`) VALUES (6, '密码模式', 'password', 'grant_type', 1, 1, 0, NULL, '2020-10-17 09:11:52', '2021-01-31 09:48:18');
REPLACE INTO `t_sys_dict_item` (`id`, `name`, `value`, `dict_code`, `sort`, `status`, `defaulted`, `remark`, `gmt_create`, `gmt_modified`) VALUES (7, '授权码模式', 'authorization_code', 'grant_type', 1, 1, 0, NULL, '2020-10-17 09:12:15', '2020-12-14 10:11:00');
REPLACE INTO `t_sys_dict_item` (`id`, `name`, `value`, `dict_code`, `sort`, `status`, `defaulted`, `remark`, `gmt_create`, `gmt_modified`) VALUES (8, '客户端模式', 'client_credentials', 'grant_type', 1, 1, 0, NULL, '2020-10-17 09:12:36', '2020-12-14 10:11:00');
REPLACE INTO `t_sys_dict_item` (`id`, `name`, `value`, `dict_code`, `sort`, `status`, `defaulted`, `remark`, `gmt_create`, `gmt_modified`) VALUES (9, '刷新模式', 'refresh_token', 'grant_type', 1, 1, 0, NULL, '2020-10-17 09:12:57', '2021-01-08 17:33:12');
REPLACE INTO `t_sys_dict_item` (`id`, `name`, `value`, `dict_code`, `sort`, `status`, `defaulted`, `remark`, `gmt_create`, `gmt_modified`) VALUES (10, '简化模式', 'implicit', 'grant_type', 1, 1, 0, NULL, '2020-10-17 09:13:23', '2020-12-14 10:11:00');
REPLACE INTO `t_sys_dict_item` (`id`, `name`, `value`, `dict_code`, `sort`, `status`, `defaulted`, `remark`, `gmt_create`, `gmt_modified`) VALUES (11, '进销存', 'erp', 'micro_service', 1, 1, 0, NULL, '2021-06-17 00:14:12', '2021-06-17 00:14:12');
REPLACE INTO `t_sys_dict_item` (`id`, `name`, `value`, `dict_code`, `sort`, `status`, `defaulted`, `remark`, `gmt_create`, `gmt_modified`) VALUES (12, '亚马逊', 'amazon', 'micro_service', 2, 1, 0, NULL, '2021-06-17 00:15:06', '2021-06-17 00:15:06');
REPLACE INTO `t_sys_dict_item` (`id`, `name`, `value`, `dict_code`, `sort`, `status`, `defaulted`, `remark`, `gmt_create`, `gmt_modified`) VALUES (13, '系统管理', 'admin', 'micro_service', 3, 1, 0, NULL, '2021-06-17 00:15:26', '2021-06-17 00:16:18');
REPLACE INTO `t_sys_dict_item` (`id`, `name`, `value`, `dict_code`, `sort`, `status`, `defaulted`, `remark`, `gmt_create`, `gmt_modified`) VALUES (14, '登录管理', 'auth', 'micro_service', 4, 1, 0, NULL, '2021-06-17 00:15:40', '2021-06-17 00:16:10');
REPLACE INTO `t_sys_dict_item` (`id`, `name`, `value`, `dict_code`, `sort`, `status`, `defaulted`, `remark`, `gmt_create`, `gmt_modified`) VALUES (15, '网关', 'gateway', 'micro_service', 5, 1, 0, NULL, '2021-06-17 00:16:01', '2021-06-17 00:16:01');
REPLACE INTO `t_sys_dict_item` (`id`, `name`, `value`, `dict_code`, `sort`, `status`, `defaulted`, `remark`, `gmt_create`, `gmt_modified`) VALUES (16, '不限', '*', 'request_method', 1, 1, 0, NULL, '2021-06-17 00:18:34', '2021-06-17 00:18:34');
REPLACE INTO `t_sys_dict_item` (`id`, `name`, `value`, `dict_code`, `sort`, `status`, `defaulted`, `remark`, `gmt_create`, `gmt_modified`) VALUES (17, 'GET', 'GET', 'request_method', 2, 1, 0, NULL, '2021-06-17 00:18:55', '2021-06-17 00:18:55');
REPLACE INTO `t_sys_dict_item` (`id`, `name`, `value`, `dict_code`, `sort`, `status`, `defaulted`, `remark`, `gmt_create`, `gmt_modified`) VALUES (18, 'POST', 'POST', 'request_method', 3, 1, 0, NULL, '2021-06-17 00:19:06', '2021-06-17 00:19:06');
REPLACE INTO `t_sys_dict_item` (`id`, `name`, `value`, `dict_code`, `sort`, `status`, `defaulted`, `remark`, `gmt_create`, `gmt_modified`) VALUES (19, 'PUT', 'PUT', 'request_method', 4, 1, 0, NULL, '2021-06-17 00:19:17', '2021-06-17 00:19:17');
REPLACE INTO `t_sys_dict_item` (`id`, `name`, `value`, `dict_code`, `sort`, `status`, `defaulted`, `remark`, `gmt_create`, `gmt_modified`) VALUES (20, 'DELETE', 'DELETE', 'request_method', 5, 1, 0, NULL, '2021-06-17 00:19:30', '2021-06-17 00:19:30');
REPLACE INTO `t_sys_dict_item` (`id`, `name`, `value`, `dict_code`, `sort`, `status`, `defaulted`, `remark`, `gmt_create`, `gmt_modified`) VALUES (21, 'PATCH', 'PATCH', 'request_method', 6, 1, 0, NULL, '2021-06-17 00:19:42', '2021-06-17 00:19:42');
REPLACE INTO `t_sys_dict_item` (`id`, `name`, `value`, `dict_code`, `sort`, `status`, `defaulted`, `remark`, `gmt_create`, `gmt_modified`) VALUES (22, '启用', '0', 'user_status', 1, 1, 0, '', '2022-09-29 11:46:08', '2022-09-29 11:46:08');
REPLACE INTO `t_sys_dict_item` (`id`, `name`, `value`, `dict_code`, `sort`, `status`, `defaulted`, `remark`, `gmt_create`, `gmt_modified`) VALUES (23, '停用', '1', 'user_status', 1, 1, 0, '', '2022-09-29 11:46:24', '2022-09-29 11:46:24');
REPLACE INTO `t_sys_dict_item` (`id`, `name`, `value`, `dict_code`, `sort`, `status`, `defaulted`, `remark`, `gmt_create`, `gmt_modified`) VALUES (24, '过期', '2', 'user_status', 1, 1, 0, '', '2022-09-29 11:46:40', '2022-09-29 11:46:40');
REPLACE INTO `t_sys_dict_item` (`id`, `name`, `value`, `dict_code`, `sort`, `status`, `defaulted`, `remark`, `gmt_create`, `gmt_modified`) VALUES (25, '只能查看自己开发的产品', 'onwer', 'limit_data_type', 1, 1, 0, '', '2022-10-13 15:35:20', '2022-10-13 15:35:20');
REPLACE INTO `t_sys_dict_item` (`id`, `name`, `value`, `dict_code`, `sort`, `status`, `defaulted`, `remark`, `gmt_create`, `gmt_modified`) VALUES (26, '只能查看自己运营的产品', 'operations', 'limit_data_type', 1, 1, 0, '', '2022-10-13 15:35:56', '2022-10-13 15:35:56');
REPLACE INTO `t_sys_dict_item` (`id`, `name`, `value`, `dict_code`, `sort`, `status`, `defaulted`, `remark`, `gmt_create`, `gmt_modified`) VALUES (1581888203172413441, '亚马逊订单、亚马逊配送', 'amz_fba', 'salesChannel', 1, 1, 0, '', '2022-10-17 14:01:52', '2022-10-17 14:01:52');
REPLACE INTO `t_sys_dict_item` (`id`, `name`, `value`, `dict_code`, `sort`, `status`, `defaulted`, `remark`, `gmt_create`, `gmt_modified`) VALUES (1581888260445634561, '亚马逊订单、卖家自配送', 'amz_byself', 'salesChannel', 2, 1, 0, '', '2022-10-17 14:02:06', '2022-10-17 14:02:06');
REPLACE INTO `t_sys_dict_item` (`id`, `name`, `value`, `dict_code`, `sort`, `status`, `defaulted`, `remark`, `gmt_create`, `gmt_modified`) VALUES (1581888320076054529, '非亚马逊订单、亚马逊FBA配送', 'unamz_fba', 'salesChannel', 3, 1, 0, '', '2022-10-17 14:02:20', '2022-10-17 14:02:20');
REPLACE INTO `t_sys_dict_item` (`id`, `name`, `value`, `dict_code`, `sort`, `status`, `defaulted`, `remark`, `gmt_create`, `gmt_modified`) VALUES (1581888538905477122, '专业卖家（全球开店）', 'profession', 'sellerplan', 1, 1, 0, '', '2022-10-17 14:02:20', '2022-10-17 14:02:20');
REPLACE INTO `t_sys_dict_item` (`id`, `name`, `value`, `dict_code`, `sort`, `status`, `defaulted`, `remark`, `gmt_create`, `gmt_modified`) VALUES (1581888617208938498, '个人卖家', 'person', 'sellerplan', 2, 1, 0, '', '2022-10-17 14:02:20', '2022-10-17 14:02:20');
REPLACE INTO `t_sys_dict_item` (`id`, `name`, `value`, `dict_code`, `sort`, `status`, `defaulted`, `remark`, `gmt_create`, `gmt_modified`) VALUES (1581888830808064001, '手动输入', 'manually', 'shipmentstyle', 1, 1, 0, '', '2022-10-17 14:02:20', '2022-10-17 14:02:20');
REPLACE INTO `t_sys_dict_item` (`id`, `name`, `value`, `dict_code`, `sort`, `status`, `defaulted`, `remark`, `gmt_create`, `gmt_modified`) VALUES (1581888899045195777, '根据产品重量计算', 'weight', 'shipmentstyle', 2, 1, 0, '', '2022-10-17 14:02:20', '2022-10-17 14:02:20');
REPLACE INTO `t_sys_dict_item` (`id`, `name`, `value`, `dict_code`, `sort`, `status`, `defaulted`, `remark`, `gmt_create`, `gmt_modified`) VALUES (1581888956754624513, '根据产品重量与材积重量大者计算', 'dim_weight', 'shipmentstyle', 3, 1, 0, '', '2022-10-17 14:02:20', '2022-10-17 14:02:20');
REPLACE INTO `t_sys_dict_item` (`id`, `name`, `value`, `dict_code`, `sort`, `status`, `defaulted`, `remark`, `gmt_create`, `gmt_modified`) VALUES (1581889240427986946, '亚马逊配送', 'AMAZON', 'isfba', 1, 1, 0, '', '2022-10-17 14:02:20', '2022-10-17 14:02:20');
REPLACE INTO `t_sys_dict_item` (`id`, `name`, `value`, `dict_code`, `sort`, `status`, `defaulted`, `remark`, `gmt_create`, `gmt_modified`) VALUES (1581889289572646913, '卖家自配送', 'DEFAULT', 'isfba', 1, 1, 0, '', '2022-10-17 14:02:20', '2022-10-17 14:02:20');
REPLACE INTO `t_sys_dict_item` (`id`, `name`, `value`, `dict_code`, `sort`, `status`, `defaulted`, `remark`, `gmt_create`, `gmt_modified`) VALUES (1581889946530676737, 'Pending', 'Pending', 'order_status', 1, 1, 0, '', '2022-10-17 14:02:20', '2022-10-17 14:02:20');
REPLACE INTO `t_sys_dict_item` (`id`, `name`, `value`, `dict_code`, `sort`, `status`, `defaulted`, `remark`, `gmt_create`, `gmt_modified`) VALUES (1581889989820088321, 'Unshipped', 'Unshipped', 'order_status', 2, 1, 0, '', '2022-10-17 14:02:20', '2022-10-17 14:02:20');
REPLACE INTO `t_sys_dict_item` (`id`, `name`, `value`, `dict_code`, `sort`, `status`, `defaulted`, `remark`, `gmt_create`, `gmt_modified`) VALUES (1581890027619155970, 'Shipped', 'Shipped', 'order_status', 3, 1, 0, '', '2022-10-17 14:02:20', '2022-10-17 14:02:20');
REPLACE INTO `t_sys_dict_item` (`id`, `name`, `value`, `dict_code`, `sort`, `status`, `defaulted`, `remark`, `gmt_create`, `gmt_modified`) VALUES (1581890075367112705, 'Cancelled', 'Cancelled', 'order_status', 4, 1, 0, '', '2022-10-17 14:02:20', '2022-10-17 14:02:20');
REPLACE INTO `t_sys_dict_item` (`id`, `name`, `value`, `dict_code`, `sort`, `status`, `defaulted`, `remark`, `gmt_create`, `gmt_modified`) VALUES (1581890341944492033, '企业买家', 'true', 'is_business_order', 1, 1, 0, '', '2022-10-17 14:02:20', '2022-10-17 14:02:20');
REPLACE INTO `t_sys_dict_item` (`id`, `name`, `value`, `dict_code`, `sort`, `status`, `defaulted`, `remark`, `gmt_create`, `gmt_modified`) VALUES (1581890392456495106, '个人买家', 'false', 'is_business_order', 2, 1, 0, '', '2022-10-17 14:02:20', '2022-10-17 14:02:20');
REPLACE INTO `t_sys_dict_item` (`id`, `name`, `value`, `dict_code`, `sort`, `status`, `defaulted`, `remark`, `gmt_create`, `gmt_modified`) VALUES (1581890576955539458, '供应商', 'supplier', 'customer', 1, 1, 0, '', '2022-10-17 14:02:20', '2022-10-17 14:02:20');
REPLACE INTO `t_sys_dict_item` (`id`, `name`, `value`, `dict_code`, `sort`, `status`, `defaulted`, `remark`, `gmt_create`, `gmt_modified`) VALUES (1581890632278409218, '采购商', 'purchaser', 'customer', 2, 1, 0, '', '2022-10-17 14:02:20', '2022-10-17 14:02:20');
REPLACE INTO `t_sys_dict_item` (`id`, `name`, `value`, `dict_code`, `sort`, `status`, `defaulted`, `remark`, `gmt_create`, `gmt_modified`) VALUES (1581890814340562946, '根据产品体积计算', 'volume', 'shipmentstyle', 4, 1, 0, '', '2022-10-17 14:02:20', '2022-10-17 14:02:20');
REPLACE INTO `t_sys_dict_item` (`id`, `name`, `value`, `dict_code`, `sort`, `status`, `defaulted`, `remark`, `gmt_create`, `gmt_modified`) VALUES (1581907475923795969, 'Domestic Standard', 'us_std', 'logistics_us', 1, 1, 0, '', '2022-10-17 15:18:27', '2022-10-17 15:18:27');
REPLACE INTO `t_sys_dict_item` (`id`, `name`, `value`, `dict_code`, `sort`, `status`, `defaulted`, `remark`, `gmt_create`, `gmt_modified`) VALUES (1581907542286073858, 'Domestic Expedited', 'us_exp', 'logistics_us', 2, 1, 0, '', '2022-10-17 15:18:43', '2022-10-17 15:18:43');
REPLACE INTO `t_sys_dict_item` (`id`, `name`, `value`, `dict_code`, `sort`, `status`, `defaulted`, `remark`, `gmt_create`, `gmt_modified`) VALUES (1581907700616855553, 'International', 'us_int', 'logistics_us', 3, 1, 0, '', '2022-10-17 15:18:27', '2022-10-17 15:18:27');
REPLACE INTO `t_sys_dict_item` (`id`, `name`, `value`, `dict_code`, `sort`, `status`, `defaulted`, `remark`, `gmt_create`, `gmt_modified`) VALUES (1581907871127896066, 'Standard Delivery UK', 'uk_std', 'logistics_uk', 1, 1, 0, '', '2022-10-17 15:18:27', '2022-10-17 15:18:27');
REPLACE INTO `t_sys_dict_item` (`id`, `name`, `value`, `dict_code`, `sort`, `status`, `defaulted`, `remark`, `gmt_create`, `gmt_modified`) VALUES (1581907922722029570, 'Express Delivery UK', 'uk_exp', 'logistics_uk', 2, 1, 0, '', '2022-10-17 15:18:27', '2022-10-17 15:18:27');
REPLACE INTO `t_sys_dict_item` (`id`, `name`, `value`, `dict_code`, `sort`, `status`, `defaulted`, `remark`, `gmt_create`, `gmt_modified`) VALUES (1581907973166923778, 'European Amazon.co.uk Marketplace countries', 'uk_eur', 'logistics_uk', 3, 1, 0, '', '2022-10-17 15:18:27', '2022-10-17 15:18:27');
REPLACE INTO `t_sys_dict_item` (`id`, `name`, `value`, `dict_code`, `sort`, `status`, `defaulted`, `remark`, `gmt_create`, `gmt_modified`) VALUES (1581908033657176065, 'US (including US protectorates)', 'uk_us', 'logistics_uk', 4, 1, 0, '', '2022-10-17 15:18:27', '2022-10-17 15:18:27');
REPLACE INTO `t_sys_dict_item` (`id`, `name`, `value`, `dict_code`, `sort`, `status`, `defaulted`, `remark`, `gmt_create`, `gmt_modified`) VALUES (1581908186447282178, 'Rest of World Amazon.co.uk Marketplace countries', 'uk_rest', 'logistics_uk', 5, 1, 0, '', '2022-10-17 15:18:27', '2022-10-17 15:18:27');
REPLACE INTO `t_sys_dict_item` (`id`, `name`, `value`, `dict_code`, `sort`, `status`, `defaulted`, `remark`, `gmt_create`, `gmt_modified`) VALUES (1593091447772938242, '人民币', 'CNY', 'currency', 1, 1, 0, '', '2022-11-17 11:59:34', '2022-11-17 11:59:34');
REPLACE INTO `t_sys_dict_item` (`id`, `name`, `value`, `dict_code`, `sort`, `status`, `defaulted`, `remark`, `gmt_create`, `gmt_modified`) VALUES (1593091513082445826, '美元', 'USD', 'currency', 2, 1, 0, '', '2022-11-17 11:59:50', '2022-11-17 11:59:50');
REPLACE INTO `t_sys_dict_item` (`id`, `name`, `value`, `dict_code`, `sort`, `status`, `defaulted`, `remark`, `gmt_create`, `gmt_modified`) VALUES (1593092822900740097, '人民币', 'CNY', 'currency_purchase', 1, 1, 0, '', '2022-11-17 12:05:02', '2022-11-17 12:05:02');
REPLACE INTO `t_sys_dict_item` (`id`, `name`, `value`, `dict_code`, `sort`, `status`, `defaulted`, `remark`, `gmt_create`, `gmt_modified`) VALUES (1593092896791793666, '美元', 'USD', 'currency_purchase', 2, 1, 0, '', '2022-11-17 12:05:19', '2022-11-17 12:05:19');
REPLACE INTO `t_sys_dict_item` (`id`, `name`, `value`, `dict_code`, `sort`, `status`, `defaulted`, `remark`, `gmt_create`, `gmt_modified`) VALUES (1628336451638321154, '禁止查看主页销售数据', 'home', 'limit_data_type', 1, 1, 0, '', '2023-02-22 18:10:38', '2023-02-22 18:10:38');
-- --------------------------------------------------------
-- 主机:                           wimoor.rwlb.rds.aliyuncs.com
-- 服务器版本:                        8.0.36 - Source distribution
-- 服务器操作系统:                      Linux
-- HeidiSQL 版本:                  12.6.0.6765
-- --------------------------------------------------------

/*!40101 SET @OLD_CHARACTER_SET_CLIENT=@@CHARACTER_SET_CLIENT */;
/*!40101 SET NAMES utf8 */;
/*!50503 SET NAMES utf8mb4 */;
/*!40103 SET @OLD_TIME_ZONE=@@TIME_ZONE */;
/*!40103 SET TIME_ZONE='+00:00' */;
/*!40014 SET @OLD_FOREIGN_KEY_CHECKS=@@FOREIGN_KEY_CHECKS, FOREIGN_KEY_CHECKS=0 */;
/*!40101 SET @OLD_SQL_MODE=@@SQL_MODE, SQL_MODE='NO_AUTO_VALUE_ON_ZERO' */;
/*!40111 SET @OLD_SQL_NOTES=@@SQL_NOTES, SQL_NOTES=0 */;

-- 导出  表 db_admin.t_sys_menu 结构
CREATE TABLE IF NOT EXISTS `t_sys_menu` (
  `id` bigint NOT NULL AUTO_INCREMENT,
  `name` varchar(64) CHARACTER SET utf8mb4 COLLATE utf8mb4_bin DEFAULT '' COMMENT '菜单名称',
  `parent_id` bigint DEFAULT NULL COMMENT '父菜单ID',
  `apppath` varchar(50) CHARACTER SET utf8mb4 COLLATE utf8mb4_bin DEFAULT NULL,
  `path` varchar(128) CHARACTER SET utf8mb4 COLLATE utf8mb4_bin DEFAULT '' COMMENT '路由路径',
  `component` varchar(128) CHARACTER SET utf8mb4 COLLATE utf8mb4_bin DEFAULT NULL COMMENT '组件路径',
  `icon` varchar(64) CHARACTER SET utf8mb4 COLLATE utf8mb4_bin DEFAULT '' COMMENT '菜单图标',
  `appicon` varchar(64) CHARACTER SET utf8mb4 COLLATE utf8mb4_bin DEFAULT '',
  `sort` int DEFAULT '0' COMMENT '排序',
  `visible` tinyint(1) DEFAULT '1' COMMENT '状态：0-禁用 1-开启',
  `redirect` varchar(128) CHARACTER SET utf8mb4 COLLATE utf8mb4_bin DEFAULT '' COMMENT '跳转路径',
  `runui` bit(1) DEFAULT NULL,
  `runapp` bit(1) DEFAULT NULL,
  `gmt_create` datetime DEFAULT NULL COMMENT '创建时间',
  `gmt_modified` datetime DEFAULT NULL COMMENT '更新时间',
  `oldid` char(40) CHARACTER SET utf8mb4 COLLATE utf8mb4_bin DEFAULT NULL,
  PRIMARY KEY (`id`),
  UNIQUE KEY `name` (`name`)
) ENGINE=InnoDB AUTO_INCREMENT=1012187 DEFAULT CHARSET=utf8mb4 COLLATE=utf8mb4_bin ROW_FORMAT=DYNAMIC COMMENT='菜单管理';

-- 正在导出表  db_admin.t_sys_menu 的数据：~205 rows (大约)
INSERT IGNORE INTO `t_sys_menu` (`id`, `name`, `parent_id`, `apppath`, `path`, `component`, `icon`, `appicon`, `sort`, `visible`, `redirect`, `runui`, `runapp`, `gmt_create`, `gmt_modified`, `oldid`) VALUES
	(1, 'FBA计算器', 81, NULL, ' ', NULL, NULL, '', 11, 1, '', b'1', NULL, NULL, '2024-09-09 15:12:07', '94a71ce4-ab14-11e6-bab5-00e04c023f0e'),
	(2, 'listing', 121, NULL, ' ', NULL, NULL, '', 33, 1, '', b'1', NULL, NULL, '2024-09-09 15:37:46', '3a089e9e-ab14-11e6-bab5-00e04c023f0e'),
	(3, '广告报表', 61, NULL, ' ', NULL, NULL, '', 41, 1, NULL, b'1', NULL, NULL, '2024-09-09 15:48:50', '5f0c468a-94a9-463f-bf27-fb7c6e8ecf56'),
	(4, '平台账目', 84, NULL, ' ', NULL, NULL, '', 51, 1, '', b'1', NULL, NULL, '2024-09-09 15:50:16', '00d42d7d-db12-11e7-969d-00e04c023f0e'),
	(5, '授权管理', 87, NULL, NULL, NULL, NULL, '', 61, 1, '', b'1', NULL, NULL, NULL, 'a68e5f1e-ab14-11e6-bab5-00e04c023f0e'),
	(6, '计划管理', 48, NULL, NULL, NULL, NULL, '', 71, 1, '', b'1', NULL, NULL, NULL, '4371c442-e609-11eb-a844-00e04c023f0e'),
	(7, '库位列表', 30, NULL, '/erp/warehouse/shelf/create', 'erp/warehouse/shelf/create/index', NULL, '', 215, 1, '', b'1', NULL, '2022-10-29 10:04:05', '2022-10-29 10:04:04', 'aa534e6d-1b7a-46df-8aba-98da7486f446'),
	(8, '订单管理', 121, NULL, NULL, NULL, NULL, '', 34, 1, '', b'1', NULL, NULL, NULL, '3a089e9e-ab14-11e6-bab5-00e04c023f0e'),
	(9, 'FBA报表', 121, NULL, ' ', NULL, NULL, '', 34, 1, '', b'1', NULL, NULL, '2024-09-09 15:38:10', '3a089e9e-ab14-11e6-bab5-00e04c023f0e'),
	(10, '发货', 0, NULL, '', NULL, 'Cruise', '', 5, 1, NULL, b'1', NULL, NULL, NULL, '094c6f1e-43be-411c-8c8c-36fd80111eb1'),
	(11, '发货管理', 10, NULL, ' ', NULL, 'Commodity', '', 5, 1, NULL, b'1', NULL, NULL, '2024-09-09 15:45:34', '094c6f1e-43be-411c-8c8c-36fd80111eb1'),
	(12, '物流海关', 10, NULL, ' ', NULL, 'Commodity', '', 3, 1, NULL, b'1', NULL, NULL, '2024-09-09 15:46:27', '094c6f1e-43be-411c-8c8c-36fd80111eb1'),
	(13, '客服', 0, NULL, NULL, NULL, 'Mail', '', 8, 1, NULL, b'1', NULL, NULL, NULL, '9f224295-ab14-11e6-bab5-00e04c023f0e'),
	(14, '回款记录', 4, NULL, '/amazon/payment/record', 'amazon/payment/record/index', NULL, '', 516, 1, '', b'1', NULL, NULL, '2022-10-28 15:39:41', '00d42d7d-db12-11e7-969d-00e04c023f0e'),
	(16, '产品', 0, NULL, NULL, NULL, 'Commodity', '', 1, 1, NULL, b'1', NULL, NULL, NULL, 'b97ed6fc-2211-49b8-b641-20e0043200ad'),
	(17, '标签管理', 126, NULL, '/sys/tags', 'sys/tag/index', NULL, '', 52, 1, '', b'1', NULL, NULL, NULL, 'b97ed6fc-2211-49b8-b641-20e0043200ad'),
	(18, '品牌管理', 127, NULL, '/erp/baseinfo/brand', 'erp/baseinfo/brand/index', NULL, '', 53, 1, '', b'1', NULL, NULL, NULL, 'b97ed6fc-2211-49b8-b641-20e0043200ad'),
	(19, '品类管理', 127, NULL, '/erp/baseinfo/category', 'erp/baseinfo/category/index', NULL, '', 54, 1, '', b'1', NULL, NULL, NULL, 'b97ed6fc-2211-49b8-b641-20e0043200ad'),
	(20, '利润报表', 4, NULL, '/finance/profitReport', 'amazon/payment/profitReport/index', NULL, '', 511, 1, '/amzfinconfig/getCommPage.do', b'1', NULL, NULL, '2023-07-12 11:24:11', '00d42d7d-db12-11e7-969d-00e04c023f0e'),
	(21, '采购审核', 6, NULL, NULL, NULL, NULL, '', 716, 1, '/v2purchaseplan/formlist.do', b'1', NULL, NULL, NULL, '0110555c-f05f-11eb-a2c5-00e04c023f0e'),
	(22, '系统管理', 1010, NULL, NULL, NULL, NULL, '', 618, 1, '', b'1', NULL, '2022-09-23 15:29:16', '2022-09-23 15:29:18', '03c78157-c45a-11e6-bab5-00e04c023f0e'),
	(23, 'FBA每日库存', 1113, NULL, '/amazon/inventory/fba_today', 'amazon/inventory/fba/daily', NULL, '', 4002, 1, 'pages/shipment/shipment_sumchart.jsp', b'1', NULL, NULL, NULL, '094c6f1e-43be-411c-8c8c-36fd80111eb1'),
	(24, '趋势分析', 2, NULL, '/amazon/listing/analysis', 'amazon/listing/analysis/index', NULL, '', 314, 1, '/product/showSaleItem.do', b'1', NULL, NULL, NULL, '3a089e9e-ab14-11e6-bab5-00e04c023f0e'),
	(26, '1688绑定', 5, NULL, '/erp/open1688/bind', 'erp/purchase/open1688/bind/index', NULL, '', 611, 1, '', b'1', NULL, NULL, NULL, '08bf14e4-0287-46e2-925f-48bd925df6a7'),
	(27, '货件跟踪', 11, NULL, '/erp/ship/shipment_handing', 'erp/ship/shipment_handing/list/index', NULL, '', 250, 1, '/shipFormtrace/listpage.do', b'1', NULL, NULL, NULL, '094c6f1e-43be-411c-8c8c-36fd80111eb1'),
	(28, '采购记账', 216, NULL, '/finance/account', 'erp/finance/account/index', NULL, '', 513, 1, '/pages/finance/faccount.jsp', b'1', NULL, NULL, NULL, '00d42d7d-db12-11e7-969d-00e04c023f0e'),
	(29, '出货计划', 6, NULL, NULL, NULL, NULL, '', 713, 1, '/v2shipplan/view.do', b'1', NULL, NULL, NULL, '147ff39c-e9f9-11eb-a844-00e04c023f0e'),
	(30, '基础信息', 63, NULL, NULL, NULL, NULL, '', 21, 1, NULL, b'1', NULL, NULL, NULL, '18cca274-23bc-4af7-92a6-2d6a85abb8df'),
	(31, '采购规划', 306, NULL, '/erp/purchase/plan', 'erp/purchase/plan_amz/index', NULL, '', 232, 1, '/purchase_plan/listpage.do', b'1', NULL, NULL, NULL, '23af9ac3-0cc6-45d8-ac67-bd00ef37271a'),
	(32, '采购付款明细', 299, NULL, '/erp/purchase/paymentDetail', 'erp/purchase/report/payment/index', NULL, '', 3133, 1, '/pages/inventory_report/purchase_pay_detail.jsp', b'1', NULL, NULL, NULL, '23af9ac3-0cc6-45d8-ac67-bd00ef37271a'),
	(33, '周转报告', 3003, NULL, '/erp/inventory/report/turns', 'erp/warehouse/inventory/report/turns/index', NULL, '', 355, 1, '/pages/inventory_report/inventory_turnover_rate.jsp', b'1', NULL, NULL, NULL, '230270d9-98f7-11e7-8bdb-00e04c023f0e'),
	(34, '采购单', 306, NULL, '/erp/purchase/orders', 'erp/purchase/orders/index', NULL, '', 233, 1, '', b'1', NULL, NULL, '2022-11-08 17:03:24', '23af9ac3-0cc6-45d8-ac67-bd00ef37271a'),
	(35, '利润计算', 1, NULL, '/amazon/profit/calculator', 'amazon/profit/calculator/index', NULL, '', 111, 1, '/showProfitPage2.do', b'1', NULL, NULL, NULL, '245a89cf-ab16-11e6-bab5-00e04c023f0e'),
	(36, '发货单(旧)', 11, NULL, '/erp/ship/shipment_add/list', 'erp/ship/shipment_add/list/index', NULL, '', 245, 1, '/shipForm/listpage.do', b'1', NULL, NULL, NULL, '094c6f1e-43be-411c-8c8c-36fd80111eb1'),
	(38, '广告规则', 3, NULL, '/amazon/a/rules', 'amazon/advertisement/rules/index', NULL, '', 413, 1, NULL, b'1', NULL, NULL, NULL, '30f8eefb-b508-4a34-8acb-ef24af32363e'),
	(39, '销售报表', 2, NULL, '/amazon/sales/report', 'amazon/sales/report/index', NULL, '', 315, 1, '/osum/showordersum.do', b'1', NULL, NULL, NULL, '3a089e9e-ab14-11e6-bab5-00e04c023f0e'),
	(40, '套餐管理', 22, NULL, '/sys/tariffpackages', 'sys/tariffpackages/index', NULL, '', 616, 1, NULL, b'1', NULL, '2022-09-23 15:29:15', '2022-09-23 15:29:19', '34b2102c-9812-4a5e-9555-862a9f36a33a'),
	(42, '评论跟踪', 132, NULL, NULL, NULL, NULL, '', 320, 1, '/reviewManager/showReviewGrab.do', b'1', NULL, NULL, NULL, '36831918-d6da-4e7a-90ca-3854ee2b2d64'),
	(43, '商品分析', 2, NULL, '/amazon/sale/listing', 'amazon/listing/products/index', NULL, '', 312, 1, '/product/showproduct.do', b'1', NULL, NULL, NULL, '3a089e9e-ab14-11e6-bab5-00e04c023f0e'),
	(44, '供应商', 307, NULL, '/erp/baseinfo/supplier', 'erp/baseinfo/supplier/index', NULL, '', 212, 1, '/customer/listpage.do', b'1', NULL, NULL, NULL, '23af9ac3-0cc6-45d8-ac67-bd00ef37271a'),
	(46, '库存盘点', 50, NULL, '/erp/warehouse/stocktake', 'erp/warehouse/stocktake/index', NULL, '', 226, 1, '/pages/stockTaking/stockTaking.jsp', b'1', NULL, NULL, NULL, '3e2072a8-81a0-4e1e-bbb5-d3c50887d4e9'),
	(47, '销售图表', 48, NULL, NULL, NULL, NULL, '', 73, 1, '/chartsales/view.do', b'1', NULL, NULL, NULL, '423d2940-f4be-11eb-94be-00e04c023f0e'),
	(48, '订制', 0, NULL, NULL, NULL, 'Workbench', '', 11, 1, NULL, b'1', NULL, NULL, NULL, '4371c442-e609-11eb-a844-00e04c023f0e'),
	(49, '人力计划', 6, NULL, NULL, NULL, NULL, '', 714, 1, '/manplan/view.do', b'1', NULL, NULL, NULL, '43741840-edbe-11eb-a2c5-00e04c023f0e'),
	(50, '出入库', 63, NULL, ' ', NULL, NULL, '', 26, 1, NULL, b'1', NULL, NULL, '2024-09-09 15:41:51', '449d37c8-c751-11ea-81be-00e04c023f0e'),
	(51, '文档API', 22, NULL, '/doc/api/index', 'sys/swagger/index', NULL, '', 15, 1, NULL, b'1', NULL, NULL, NULL, '46842738070a4bf9bbcd739a2a7faf3c'),
	(52, '采购统计', 299, NULL, '/erp/purchase/summary', 'erp/purchase/report/summary/index', NULL, '', 3132, 1, '/pages/inventory_report/purchase_form_report.jsp', b'1', NULL, NULL, NULL, '23af9ac3-0cc6-45d8-ac67-bd00ef37271a'),
	(53, '库存报表', 3003, NULL, '/erp/inventory/report/base', 'erp/warehouse/inventory/report/base/index', NULL, '', 215, 1, NULL, b'1', NULL, NULL, NULL, 'aa534e6d-1b7a-46df-8aba-98da7486f446'),
	(54, '在线客户', 22, NULL, '/sys/online', 'sys/online/index', NULL, '', 91, 1, NULL, b'1', NULL, NULL, NULL, '4a9a932e-1727-44f1-a8b4-566a2e9ebc84'),
	(56, '订单地址下载', 108, NULL, NULL, NULL, NULL, '', 1, 1, '/orderManager/viewAddress.do', b'1', NULL, NULL, NULL, '4b344592-5244-11ec-9957-98039b06df68'),
	(57, 'FBA发货规划', 11, NULL, '/erp/ship/ship_plan', 'erp/ship/ship_plan/index', NULL, '', 241, 1, '/shipment_plan/listpage.do', b'1', NULL, NULL, NULL, '094c6f1e-43be-411c-8c8c-36fd80111eb1'),
	(61, '广告', 0, NULL, NULL, NULL, 'Ad', '', 6, 1, NULL, b'1', NULL, NULL, NULL, '5f0c468a-94a9-463f-bf27-fb7c6e8ecf56'),
	(62, '标签打印', 12, NULL, '/amazon/product/label', 'amazon/listing/product_label/index', NULL, '', 220, 1, NULL, b'1', NULL, NULL, NULL, '094c6f1e-43be-411c-8c8c-36fd80111eb1'),
	(63, '仓库', 0, NULL, '', NULL, 'HomeTwo', '', 4, 1, NULL, b'1', NULL, NULL, NULL, '64cf3804-ab14-11e6-bab5-00e04c023f0e'),
	(66, '今日订单', 8, NULL, '/amazon/sale/order/today', 'amazon/order/today/index', NULL, '', 317, 1, NULL, b'1', NULL, NULL, NULL, '3a089e9e-ab14-11e6-bab5-00e04c023f0e'),
	(70, '加工单', 306, NULL, '/erp/purchase/process', 'erp/purchase/process/index', NULL, '', 234, 1, '/assemblyCon/listpage.do', b'1', NULL, NULL, NULL, '23af9ac3-0cc6-45d8-ac67-bd00ef37271a'),
	(71, '提货付款', 6, NULL, NULL, NULL, NULL, '', 717, 1, '/pickpay/view.do', b'1', NULL, NULL, NULL, '880d01f2-f32e-11eb-a2c5-00e04c023f0e'),
	(72, '管理菜单', 22, NULL, '/sys/menu', 'sys/menu/index', NULL, '', 12, 1, NULL, b'1', NULL, NULL, NULL, '89077900-c45a-11e6-bab5-00e04c023f0e'),
	(73, '代料单', 50, NULL, '/erp/warehouse/exchange', 'erp/warehouse/exchange/index', NULL, '', 223, 1, '/dispatchForm/listpage.do', b'1', NULL, NULL, NULL, '905b697c-52c6-4863-8549-624b7efe3944'),
	(74, 'FBA滞销', 9, NULL, '/amazon/inventory/planning', 'amazon/inventory/planning/index', NULL, '', 355, 1, NULL, b'1', NULL, NULL, NULL, '3a089e9e-ab14-11e6-bab5-00e04c023f0e'),
	(75, '差评管理', 132, '', '/report/feedback', 'amazon/report/performance/orderfeedback/index', NULL, '', 319, 1, '/reviewManager/view.do', b'1', NULL, NULL, NULL, '8faf7b27-fefb-11ea-b6fc-00e04c023f0e'),
	(76, '调库单', 50, NULL, '/erp/warehouse/transfer', 'erp/warehouse/transfer/index', NULL, '', 222, 1, NULL, b'1', NULL, NULL, NULL, '905b697c-52c6-4863-8549-624b7efe3944'),
	(78, '采购详情', 299, NULL, '/erp/purchase/detailinfo', 'erp/purchase/report/detail/index', NULL, '', 3135, 1, '/pages/inventory_report/purchase_payrec_sum.jsp', b'1', NULL, NULL, NULL, '23af9ac3-0cc6-45d8-ac67-bd00ef37271a'),
	(79, '广告统计', 3, NULL, '/amazon/a/summary', 'amazon/advertisement/overview/index', NULL, '', 412, 1, NULL, b'1', NULL, NULL, NULL, '93aa696f-96cc-4ad6-8fc9-639508ec242d'),
	(80, '出库单', 50, NULL, '/erp/warehouse/outbound', 'erp/warehouse/outbound/index', NULL, '', 224, 1, NULL, b'1', NULL, NULL, NULL, '94748e76-fcb3-44b2-8a27-5d9289bf1316'),
	(81, '计算器', 0, NULL, '', '', 'calculator', '', 0, 1, NULL, b'1', NULL, NULL, NULL, '94a71ce4-ab14-11e6-bab5-00e04c023f0e'),
	(84, '财务', 0, NULL, NULL, NULL, 'Finance', '', 7, 1, NULL, b'1', NULL, NULL, NULL, '00d42d7d-db12-11e7-969d-00e04c023f0e'),
	(85, '销售月报', 6, NULL, NULL, NULL, NULL, '', 711, 1, '/salemonth/view.do', b'1', NULL, NULL, NULL, '9f8895d5-f045-11eb-a2c5-00e04c023f0e'),
	(86, '客户管理', 22, NULL, '/sys/customer', 'sys/customer/index', NULL, '', 615, 1, NULL, b'1', NULL, '2022-09-23 15:29:14', '2022-09-23 15:29:20', 'a096f45c-8331-48d6-924f-9de290964101'),
	(87, '设置', 0, NULL, NULL, NULL, 'Config', '', 9, 1, NULL, b'1', NULL, NULL, NULL, 'a68e5f1e-ab14-11e6-bab5-00e04c023f0e'),
	(88, '库存货值', 216, NULL, '/finance/inventoryValue', 'erp/finance/inventoryValue/index', NULL, '', 512, 1, '/pages/financeInv/inventoryCost.jsp', b'1', NULL, NULL, NULL, '00d42d7d-db12-11e7-969d-00e04c023f0e'),
	(89, '仓库列表', 30, NULL, '/erp/warehouse/base', 'erp/warehouse/base/index', NULL, '', 213, 1, '/warehouse/listpage.do', b'1', NULL, NULL, NULL, 'aa534e6d-1b7a-46df-8aba-98da7486f446'),
	(90, '系统任务', 22, NULL, '/sys/task', 'sys/task/index', NULL, '', 23, 1, NULL, b'1', NULL, '2022-09-23 15:29:14', '2022-09-23 15:29:21', 'abb7cff5-3b97-464f-9eef-ae275ea389de'),
	(91, '入库单', 50, NULL, '/erp/warehouse/inbound', 'erp/warehouse/inbound/index', NULL, '', 225, 1, NULL, b'1', NULL, NULL, NULL, 'abd814fe-0f24-4b0d-852a-d6e802958de8'),
	(92, '订单列表', 8, NULL, '/amazon/sale/order/list', 'amazon/order/order_manager/index', NULL, '', 315, 1, NULL, b'1', NULL, NULL, NULL, '3a089e9e-ab14-11e6-bab5-00e04c023f0e'),
	(93, '物流公司', 12, NULL, '/erp/transportation', 'erp/ship/transportation/index', NULL, '', 217, 1, NULL, b'1', NULL, NULL, NULL, '094c6f1e-43be-411c-8c8c-36fd80111eb1'),
	(94, '物料需求', 6, NULL, NULL, NULL, NULL, '', 715, 1, '/v2purchaseplan/view.do', b'1', NULL, NULL, NULL, 'b3d41e98-edda-11eb-a2c5-00e04c023f0e'),
	(96, '出入库明细', 3003, NULL, '/erp/inventory/record', 'erp/warehouse/record/index', NULL, '', 353, 1, '', b'1', NULL, NULL, NULL, 'b569bcbb-9115-11e7-8bdb-00e04c023f0e'),
	(97, 'FBA费用', 9, NULL, '/amazon/report/fbafee', 'amazon/report/fba_fee/index', NULL, '', 318, 1, NULL, b'1', NULL, NULL, NULL, '3a089e9e-ab14-11e6-bab5-00e04c023f0e'),
	(98, '产品管理', 126, NULL, '/erp/product/localproduct', 'erp/baseinfo/material/index', NULL, '', 51, 1, '/pages/inventory/material/material_list.jsp', b'1', NULL, NULL, NULL, 'b97ed6fc-2211-49b8-b641-20e0043200ad'),
	(99, 'FBA费设置', 22, NULL, '/fbafee/detail', 'amazon/profit/fbafee/index', NULL, '', 16, 1, NULL, b'1', NULL, NULL, NULL, 'bb93896c-c592-11e6-bab5-00e04c023f0e'),
	(100, '店铺管理', 5, NULL, '/amazon/storeAuth', 'amazon/storeAuth/index', NULL, '', 612, 1, '/pages/shop/shop.jsp', b'1', NULL, NULL, NULL, 'bd48cc5e-ab14-11e6-bab5-00e04c023f0e'),
	(101, '流量报表', 9, NULL, '/amazon/report/pageview', 'amazon/report/pageview/index', NULL, '', 325, 1, NULL, b'1', NULL, NULL, NULL, '3a089e9e-ab14-11e6-bab5-00e04c023f0e'),
	(102, '计算方案', 1, NULL, '/amazon/profit/config', 'amazon/profit/config/index', NULL, '', 114, 1, '/pages/config/configmain.jsp', b'1', NULL, NULL, NULL, 'c3edc4d9-ab14-11e6-bab5-00e04c023f0e'),
	(104, '公告发布', 22, NULL, '/sys/notify', 'sys/notify/index', NULL, '', 89, 1, NULL, b'1', NULL, NULL, NULL, 'c75fca6b-8570-47a8-8d31-4f34256d1598'),
	(105, '代码生成', 22, NULL, '/sys/gen', 'sys/gen/index', NULL, '', 90, 1, NULL, b'1', NULL, NULL, NULL, 'd01db224-ae10-4995-a2ae-74be34754ec3'),
	(106, '销售计划', 2, NULL, '/amazon/sales/forecast', 'amazon/sales/forecast/index', NULL, '', 317, 1, '/salepreform/view.do', b'1', NULL, NULL, NULL, '3a089e9e-ab14-11e6-bab5-00e04c023f0e'),
	(107, '每日库存', 3003, NULL, '/erp/inventory/daily', 'erp/warehouse/inventory/daily/index', NULL, '', 352, 1, '/pages/inventory/inventoryByday.jsp', b'1', NULL, NULL, NULL, 'd2630d32-a11f-4bf0-8795-d1e01267ddd0'),
	(108, '我的应用', 5, NULL, NULL, NULL, NULL, '', 617, 1, NULL, b'1', NULL, NULL, NULL, 'd46d7376-5189-11ec-9957-98039b06df68'),
	(110, 'SKU配对', 129, NULL, '/amazon/listing/relation', 'amazon/listing/relation_msku/index', NULL, '', 323, 1, '/productInfo/viewMsku.do', b'1', NULL, NULL, NULL, 'b97ed6fc-2211-49b8-b641-20e0043200ad'),
	(111, '销售周报', 48, NULL, NULL, NULL, NULL, '', 72, 1, '/saleweek/view.do', b'1', NULL, NULL, NULL, 'e1f3e4cd-f5d1-11eb-94be-00e04c023f0e'),
	(113, 'FBA中心配置', 22, NULL, '/amazon/inbound/fbacenter', 'amazon/inbound/fbacenter', NULL, '', 17, 1, NULL, b'1', NULL, NULL, NULL, 'e7aeaa2c-c590-11e6-bab5-00e04c023f0e'),
	(114, '销量详情', 2, NULL, '/amazon/sales/details', 'amazon/sales/details/index', NULL, '', 316, 1, '/product/showOrderSummary.do', b'1', NULL, NULL, NULL, '3a089e9e-ab14-11e6-bab5-00e04c023f0e'),
	(115, '广告报表下载', 3, NULL, '/amazon/a/download', 'amazon/advertisement/download/index', NULL, '', 414, 1, '/advReport/downloadview.do', b'1', NULL, NULL, NULL, 'eeb317c8-44fc-4e45-af9d-43a9b66f8cb3'),
	(116, '业绩报告', 4, NULL, '/finance/performanpce', 'amazon/payment/performanpce/index', NULL, '', 515, 1, 'pages/profit/user_sales_rank_report.jsp', b'1', NULL, NULL, '2023-07-12 11:24:10', '00d42d7d-db12-11e7-969d-00e04c023f0e'),
	(118, '数据迁移', 22, NULL, '/sys/movedata', 'sys/movedata/index', NULL, '', 619, 1, NULL, b'1', NULL, '2022-09-23 15:29:13', '2022-09-23 15:29:22', 'f7fb4f71-01ac-485d-8263-c22bc32c4139'),
	(121, '销售', 0, NULL, NULL, NULL, 'SalesReport', '', 2, 1, NULL, b'1', NULL, NULL, NULL, '3a089e9e-ab14-11e6-bab5-00e04c023f0e'),
	(122, '账号管理', 5, NULL, '/sys/subuser', 'sys/subUser/index', NULL, '', 615, 1, NULL, b'1', NULL, NULL, NULL, 'fd0fff3c-9fcd-45b7-a9e7-1f64e23e27da'),
	(123, 'VAT', 13, NULL, ' ', '', NULL, '', 20, 1, '', b'1', NULL, NULL, '2024-09-09 15:54:02', '08bf14e4-0287-46e2-925f-48bd925df6a7'),
	(124, 'VAT发票', 123, NULL, '/service/VatInvioce', 'amazon/service/VatInvioce/index', NULL, '', 120, 1, '', b'1', NULL, NULL, NULL, '08bf14e4-0287-46e2-925f-48bd925df6a7'),
	(125, '辅料管理', 128, NULL, '/erp/material/consumable', 'erp/baseinfo/material/consumable', NULL, '', 56, 1, '', b'1', NULL, NULL, NULL, 'b97ed6fc-2211-49b8-b641-20e0043200ad'),
	(126, '基础产品', 16, NULL, ' ', NULL, '', '', 71, 1, NULL, b'1', NULL, NULL, '2024-09-09 15:35:20', 'b97ed6fc-2211-49b8-b641-20e0043200ad'),
	(127, '产品属性', 16, NULL, ' ', NULL, '', '', 72, 1, NULL, b'1', NULL, NULL, '2024-09-09 15:35:43', 'b97ed6fc-2211-49b8-b641-20e0043200ad'),
	(128, '辅料包材', 16, NULL, NULL, NULL, '', '', 73, 1, NULL, b'1', NULL, NULL, NULL, 'b97ed6fc-2211-49b8-b641-20e0043200ad'),
	(129, '平台配对', 16, NULL, ' ', NULL, '', '', 74, 1, NULL, b'1', NULL, NULL, '2024-09-09 15:36:08', 'b97ed6fc-2211-49b8-b641-20e0043200ad'),
	(131, '退货订单', 8, NULL, '/amazon/sale/order/refund', 'amazon/order/refund/index', NULL, '', 316, 1, NULL, b'1', NULL, NULL, NULL, '3a089e9e-ab14-11e6-bab5-00e04c023f0e'),
	(132, '评论', 13, NULL, '', '', NULL, '', 21, 1, '', b'1', NULL, NULL, NULL, '08bf14e4-0287-46e2-925f-48bd925df6a7'),
	(133, ' 分类广告', 61, NULL, NULL, NULL, NULL, '', 40, 1, NULL, b'1', NULL, NULL, NULL, '5f0c468a-94a9-463f-bf27-fb7c6e8ecf56'),
	(134, '移除订单', 8, NULL, '/amazon/sale/order/remove', 'amazon/order/remove/index', '', '', 4005, 1, '', NULL, NULL, NULL, NULL, '3a089e9e-ab14-11e6-bab5-00e04c023f0e'),
	(141, '发货地址', 12, NULL, '/amazon/address', 'amazon/address/index', NULL, '', 218, 1, NULL, b'1', NULL, NULL, NULL, '094c6f1e-43be-411c-8c8c-36fd80111eb1'),
	(142, 'FBA库存', 1113, NULL, '/amazon/inventory/fba', 'amazon/inventory/fba/detail', NULL, '', 4001, 1, NULL, b'1', NULL, NULL, NULL, '094c6f1e-43be-411c-8c8c-36fd80111eb1'),
	(163, '调价队列', 2, NULL, '/amazon/sale/priceadjust', 'amazon/listing/price_adjust/index', NULL, '', 313, 1, '', b'1', NULL, NULL, NULL, '3a089e9e-ab14-11e6-bab5-00e04c023f0e'),
	(199, '采购', 0, NULL, NULL, NULL, 'ShoppingBag', '', 3, 1, NULL, b'1', NULL, NULL, NULL, '23af9ac3-0cc6-45d8-ac67-bd00ef37271a'),
	(202, '采购入库明细', 299, NULL, '/erp/purchase/storageDetail', 'erp/purchase/report/receive/index', NULL, '', 332, 1, NULL, b'1', NULL, NULL, NULL, '23af9ac3-0cc6-45d8-ac67-bd00ef37271a'),
	(212, '海外仓', 225, NULL, '/erp/warehouse/oversea', 'erp/warehouse/base/index', NULL, '', 212, 1, '/warehouse/listpage.do', b'1', NULL, NULL, NULL, 'aa534e6d-1b7a-46df-8aba-98da7486f446'),
	(213, '备货单', 225, NULL, '/erp/warehouse/overseas/stock', 'erp/warehouse/overseas/stock/index', NULL, '', 213, 1, '/warehouse/listpage.do', b'1', NULL, NULL, NULL, 'aa534e6d-1b7a-46df-8aba-98da7486f446'),
	(214, '配置', 84, NULL, ' ', NULL, NULL, '', 53, 1, '', b'1', NULL, NULL, '2024-09-09 15:53:20', '00d42d7d-db12-11e7-969d-00e04c023f0e'),
	(215, '库位库存', 30, NULL, '/erp/warehouse/shelf/inv', 'erp/warehouse/shelf/inv/index', '', '', 216, 1, '', NULL, NULL, NULL, NULL, 'aa534e6d-1b7a-46df-8aba-98da7486f446'),
	(216, '本地账目', 84, NULL, ' ', NULL, NULL, '', 51, 1, '', b'1', NULL, NULL, '2024-09-09 15:52:53', '00d42d7d-db12-11e7-969d-00e04c023f0e'),
	(217, '其它费用', 216, NULL, '/finance/costSharing', 'amazon/payment/costSharing/index', NULL, '', 1, 1, '', b'1', NULL, NULL, '2022-10-28 15:39:41', '00d42d7d-db12-11e7-969d-00e04c023f0e'),
	(218, '批次成本', 216, NULL, '/finance/jobCosting', 'amazon/payment/jobCosting/index', NULL, '', 2, 1, '', b'1', NULL, NULL, '2022-10-28 15:39:41', '00d42d7d-db12-11e7-969d-00e04c023f0e'),
	(219, '汇率管理', 214, NULL, '/finance/exchangeRate', 'erp/finance/exchangeRate/index', NULL, '', 5, 1, '', b'1', NULL, NULL, '2022-10-28 15:39:41', '00d42d7d-db12-11e7-969d-00e04c023f0e'),
	(220, '电子电器用量', 66611, NULL, '/customized/chelsea/electronics', 'customized/chelsea/electronics/index', '', '', 73, 1, '', NULL, NULL, NULL, NULL, 'aa534e6d-1b7a-46df-8aba-98da7486f446'),
	(225, '海外仓管理', 63, NULL, NULL, NULL, NULL, '', 22, 1, NULL, b'1', NULL, NULL, NULL, '18cca274-23bc-4af7-92a6-2d6a85abb8df'),
	(226, '多渠道订单', 225, NULL, '/erp/order', 'erp/warehouse/overseas/order/index', NULL, '', 214, 1, NULL, b'1', NULL, NULL, NULL, '18cca274-23bc-4af7-92a6-2d6a85abb8df'),
	(236, '请款单', 306, NULL, '/finance/paymentRequest', 'erp/finance/paymentRequest/index', NULL, '', 345, 1, '', b'1', NULL, NULL, '2022-10-28 15:39:41', '23af9ac3-0cc6-45d8-ac67-bd00ef37271a'),
	(237, '采购换货单', 306, NULL, '/erp/purchase/change', 'erp/purchase/change/index', NULL, '', 346, 1, '', b'1', NULL, NULL, '2022-10-28 15:39:41', '23af9ac3-0cc6-45d8-ac67-bd00ef37271a'),
	(238, '发货准备', 306, NULL, '/erp/purchase/consumable', 'erp/purchase/consumable/index', NULL, '', 347, 1, '', b'1', NULL, NULL, '2022-10-28 15:39:41', '23af9ac3-0cc6-45d8-ac67-bd00ef37271a'),
	(241, '广告管理', 133, NULL, '/amazon/manager', 'amazon/advertisement/manager/index', NULL, '', 412, 1, '/advManager/view.do', b'1', NULL, NULL, NULL, '360a7833-0689-4846-8a3f-2c7bd8583a86'),
	(242, '广告操作记录', 133, NULL, '/amazon/a/record', 'amazon/advertisement/operation_record/index', NULL, '', 413, 1, NULL, b'1', NULL, NULL, NULL, '360a7833-0689-4846-8a3f-2c7bd8583a86'),
	(261, '物流绑定', 5, NULL, '/erp/thirdparty', 'erp/thirdparty/index', NULL, '', 613, 1, '', b'1', NULL, NULL, NULL, '08bf14e4-0287-46e2-925f-48bd925df6a7'),
	(271, '货件处理', 11, NULL, '/erp/shipv2/shipment_handing', 'erp/shipv2/shipment_handing/list/index', NULL, '', 247, 1, '/shipFormtrace/listpage.do', b'1', NULL, NULL, NULL, '094c6f1e-43be-411c-8c8c-36fd80111eb1'),
	(299, '采购报表', 199, NULL, NULL, NULL, NULL, '', 46, 1, NULL, b'1', NULL, NULL, NULL, '23af9ac3-0cc6-45d8-ac67-bd00ef37271a'),
	(306, '采购管理', 199, NULL, ' ', NULL, NULL, '', 45, 1, NULL, b'1', NULL, NULL, '2024-09-09 15:39:49', '23af9ac3-0cc6-45d8-ac67-bd00ef37271a'),
	(307, '供应协同', 199, NULL, ' ', NULL, NULL, '', 45, 1, NULL, b'1', NULL, NULL, '2024-09-09 15:41:02', '23af9ac3-0cc6-45d8-ac67-bd00ef37271a'),
	(317, '角色权限', 5, NULL, '/sys/ruleAuth', 'sys/ruleAuth/index', NULL, '', 616, 1, '/pages/config/role_list.jsp', b'1', NULL, NULL, NULL, 'fd0fff3c-9fcd-45b7-a9e7-1f64e23e27da'),
	(361, '发货单', 11, NULL, '/erp/shipv2/shipment_add/list', 'erp/shipv2/shipment_add/list/index', NULL, '', 246, 1, '/shipForm/listpage.do', b'1', NULL, NULL, NULL, '094c6f1e-43be-411c-8c8c-36fd80111eb1'),
	(401, '店铺利润', 4, NULL, '/finance/profitGroup', 'amazon/payment/profitReport/profitGroup/index', NULL, '', 510, 1, NULL, b'1', NULL, NULL, '2023-07-12 11:24:10', '00d42d7d-db12-11e7-969d-00e04c023f0e'),
	(402, '月度结算', 4, NULL, '/finance/profitMonth', 'amazon/payment/monthReport/index', NULL, '', 512, 1, NULL, b'1', NULL, NULL, '2023-07-12 11:24:10', '00d42d7d-db12-11e7-969d-00e04c023f0e'),
	(403, '账期SKU', 4, NULL, '/finance/settlementsku', 'amazon/payment/settlement_sku/index', NULL, '', 512, 1, NULL, b'1', NULL, NULL, '2023-07-12 11:24:10', '00d42d7d-db12-11e7-969d-00e04c023f0e'),
	(781, '采购时效', 299, NULL, '/erp/purchase/time', 'erp/purchase/report/time/index', NULL, '', 3136, 1, '/pages/inventory_report/purchase_payrec_sum.jsp', b'1', NULL, NULL, NULL, '23af9ac3-0cc6-45d8-ac67-bd00ef37271a'),
	(961, '上下架明细', 3003, NULL, '/erp/inventory/shelf/operator', 'erp/warehouse/shelf/operator/index', NULL, '', 354, 1, '', b'1', NULL, NULL, NULL, NULL),
	(971, '赔偿费用', 4, NULL, '/amazon/report/reimbursements', 'amazon/report/reimbursements_fee/index', NULL, '', 620, 1, NULL, b'1', NULL, NULL, NULL, '00d42d7d-db12-11e7-969d-00e04c023f0e'),
	(972, 'FBA仓储费', 4, NULL, '/amazon/report/storage', 'amazon/report/storage_fee/index', NULL, '', 621, 1, NULL, b'1', NULL, NULL, NULL, '00d42d7d-db12-11e7-969d-00e04c023f0e'),
	(973, '账期未结算', 4, NULL, '/amazon/report/open', 'amazon/report/open/index', NULL, '', 621, 1, NULL, b'1', NULL, NULL, NULL, '00d42d7d-db12-11e7-969d-00e04c023f0e'),
	(1010, '系统', 0, NULL, NULL, NULL, 'Config', '', 40, 1, NULL, b'1', NULL, NULL, '2022-09-23 19:20:52', 'a68e5f1e-ab14-11e6-bab5-00e04c023f0e'),
	(1061, '商品搜索', 2, NULL, '/amazon/listing/catalog', 'amazon/listing/catalog/index', NULL, '', 318, 1, '/salepreform/view.do', b'1', NULL, NULL, NULL, '3a089e9e-ab14-11e6-bab5-00e04c023f0e'),
	(1113, '报表分析', 10, NULL, '', NULL, 'Commodity', '', 7, 1, NULL, b'1', NULL, NULL, NULL, '094c6f1e-43be-411c-8c8c-36fd80111eb1'),
	(1211, '物流报价', 10, NULL, ' ', NULL, 'Commodity', '', 4, 1, NULL, b'1', NULL, NULL, '2024-09-09 15:46:27', '094c6f1e-43be-411c-8c8c-36fd80111eb1'),
	(1251, '箱子管理', 128, NULL, '/erp/material/package', 'erp/baseinfo/material/package', NULL, '', 57, 1, '', b'1', NULL, NULL, NULL, 'b97ed6fc-2211-49b8-b641-20e0043200ad'),
	(2001, '促销报告', 2, NULL, '/amazon/report/performance', 'amazon/report/performance/index', NULL, '', 319, 1, NULL, b'1', NULL, NULL, NULL, NULL),
	(2002, '透明计划', 2, NULL, '/amazon/transparency/manager', 'amazon/transparency/manager/index', NULL, '', 320, 1, NULL, b'1', NULL, NULL, NULL, NULL),
	(2132, '补发货规划', 225, NULL, '/erp/warehouse/overseas/plan', 'erp/warehouse/overseas/plan/index', NULL, '', 215, 1, '/warehouse/listpage.do', b'1', NULL, NULL, NULL, 'aa534e6d-1b7a-46df-8aba-98da7486f446'),
	(2133, '单独备货', 225, NULL, '/erp/warehouse/overseas/simpleplan', 'erp/warehouse/overseas/simpleplan/index', NULL, '', 217, 1, '/warehouse/listpage.do', b'1', NULL, NULL, NULL, 'aa534e6d-1b7a-46df-8aba-98da7486f446'),
	(2201, '数据字典', 22, NULL, '/sys/dict', 'sys/dict/index', NULL, '', 14, 1, NULL, b'1', NULL, NULL, NULL, '89077900-c45a-11e6-bab5-00e04c023f0e'),
	(3001, '仓库地址', 30, NULL, '/erp/warehouse/address', 'erp/warehouse/address/index', NULL, '', 214, 1, '', b'1', NULL, '2022-10-29 10:04:02', '2022-10-29 10:04:03', 'aa534e6d-1b7a-46df-8aba-98da7486f446'),
	(3003, '报表', 63, NULL, ' ', NULL, NULL, '', 28, 1, NULL, b'1', NULL, NULL, '2024-09-09 15:44:24', '18cca274-23bc-4af7-92a6-2d6a85abb8df'),
	(4000, '发货统计(旧)', 1113, NULL, '/amazon/ship/report', 'amazon/report/ship/ship_summary/index', NULL, '', 40041, 1, NULL, b'1', NULL, NULL, NULL, '094c6f1e-43be-411c-8c8c-36fd80111eb1'),
	(4001, '费用分摊(旧)', 1113, NULL, '/amazon/shipfee/report', 'amazon/report/ship/fee_summary/index', NULL, '', 40051, 1, NULL, b'1', NULL, NULL, NULL, '094c6f1e-43be-411c-8c8c-36fd80111eb1'),
	(4002, '发货详情(旧)', 1113, NULL, '/amazon/shipdetail/report', 'amazon/report/ship/detail/index', NULL, '', 40031, 1, NULL, b'1', NULL, NULL, NULL, '094c6f1e-43be-411c-8c8c-36fd80111eb1'),
	(4003, '发货时效', 1113, NULL, '/amazon/shipdetail/time', 'amazon/report/ship/time/index', NULL, '', 4009, 1, NULL, b'1', NULL, NULL, NULL, '094c6f1e-43be-411c-8c8c-36fd80111eb1'),
	(6101, '部门管理', 5, NULL, '/sys/dept', 'sys/dept/index', '', '', 618, 1, NULL, b'1', NULL, NULL, NULL, NULL),
	(6103, '本地滞销', 3003, NULL, '/erp/inventory/report/unsalable', 'erp/warehouse/inventory/report/unsalable/index', NULL, '', 356, 1, '/pages/inventory_report/inventory_turnover_rate.jsp', b'1', NULL, NULL, NULL, '230270d9-98f7-11e7-8bdb-00e04c023f0e'),
	(6104, '费用分摊', 225, NULL, '/erp/inventory/report/fee', 'erp/warehouse/fee/index', NULL, '', 357, 1, '/pages/inventory_report/inventory_turnover_rate.jsp', b'1', NULL, NULL, NULL, '230270d9-98f7-11e7-8bdb-00e04c023f0e'),
	(6161, '发货日历', 11, NULL, '/sys/holiday', 'sys/holiday/index', '', '', 619, 1, '', b'0', NULL, NULL, NULL, NULL),
	(10121, 'FBM发货', 10, NULL, '', NULL, 'Commodity', '', 8, 1, NULL, b'1', NULL, NULL, NULL, '094c6f1e-43be-411c-8c8c-36fd80111eb1'),
	(10612, '透明计划授权', 5, NULL, '/amazon/transparency/auth', 'amazon/transparency/auth/index', NULL, '', 614, 1, '/pages/shop/shop.jsp', b'1', NULL, NULL, NULL, 'bd48cc5e-ab14-11e6-bab5-00e04c023f0e'),
	(40001, '发货统计(新)', 1113, NULL, '/amazon/ship/report_new', 'amazon/report/shipv2/ship_summary/index', NULL, '', 4007, 1, NULL, b'1', NULL, NULL, NULL, '094c6f1e-43be-411c-8c8c-36fd80111eb1'),
	(40002, '发货详情(新)', 1113, NULL, '/amazon/shipdetail/new/report', 'amazon/report/shipv2/detail/index', NULL, '', 4006, 1, NULL, b'1', NULL, NULL, NULL, '094c6f1e-43be-411c-8c8c-36fd80111eb1'),
	(40011, '费用分摊(新)', 1113, NULL, '/amazon/shipfee/report_new', 'amazon/report/ship/fee_summary_new/index', NULL, '', 4008, 1, NULL, b'1', NULL, NULL, NULL, '094c6f1e-43be-411c-8c8c-36fd80111eb1'),
	(44307, '采购报价单', 307, NULL, '/erp/baseinfo/quote/price', 'erp/baseinfo/quote/index', '', '', 213, 1, '', b'0', NULL, NULL, NULL, NULL),
	(66600, '跟卖', 48, NULL, NULL, NULL, NULL, '', 71, 1, '', b'1', NULL, NULL, NULL, '4371c442-e609-11eb-a844-00e04c023f0e'),
	(66601, '跟卖管理', 66600, NULL, '/customized/follow', 'customized/amazon_follow_ui/index', NULL, '', 718, 1, NULL, b'1', NULL, NULL, NULL, '147ff39c-e9f9-11eb-a844-00e04c023f0e'),
	(66611, '生产', 48, NULL, NULL, NULL, NULL, '', 74, 1, '', b'1', NULL, NULL, NULL, '4371c442-e609-11eb-a844-00e04c023f0e'),
	(66612, '生产计划', 66611, NULL, '/customized/chelsea/plan', 'customized/chelsea/plan/index', NULL, '', 74, 1, '', b'1', NULL, NULL, NULL, '4371c442-e609-11eb-a844-00e04c023f0e'),
	(101211, 'FBM订单', 10121, NULL, '/amazon/ship/order', 'amazon/order/fbm/index', 'Commodity', '', 5, 1, NULL, b'1', NULL, NULL, NULL, '094c6f1e-43be-411c-8c8c-36fd80111eb1'),
	(101215, '海关信息', 12, NULL, '/amazon/product/customs', 'amazon/listing/product_customs/index', NULL, '', 221, 1, NULL, b'1', NULL, NULL, NULL, '094c6f1e-43be-411c-8c8c-36fd80111eb1'),
	(101216, '手动订单', 8, NULL, '/amazon/sale/order/fulfillment', 'amazon/order/fulfillment/index', '', '', 4006, 1, '', NULL, NULL, NULL, NULL, '3a089e9e-ab14-11e6-bab5-00e04c023f0e'),
	(666114, '多渠道管理', 66611, NULL, '/chelsea/order', 'customized/chelsea/order/index', NULL, '', 90, 1, NULL, b'1', NULL, NULL, NULL, '18cca274-23bc-4af7-92a6-2d6a85abb8df'),
	(1012151, '集中询价', 1211, NULL, '/erp/shipment/quote', 'erp/shipv2/quote/quote', NULL, '', 221, 1, NULL, b'1', NULL, NULL, NULL, '094c6f1e-43be-411c-8c8c-36fd80111eb1'),
	(1012152, '报价单', 1211, NULL, '/erp/shipment/quote_order', 'erp/shipv2/quote/order', NULL, '', 222, 1, NULL, b'1', NULL, NULL, NULL, '094c6f1e-43be-411c-8c8c-36fd80111eb1'),
	(1012153, '关联设置', 1211, NULL, '/erp/shipment/quote_set', 'erp/shipv2/quote/setting', NULL, '', 224, 1, NULL, b'1', NULL, NULL, NULL, '094c6f1e-43be-411c-8c8c-36fd80111eb1'),
	(1012154, '绩效', 13, NULL, '', '', NULL, '', 22, 1, '', b'1', NULL, NULL, NULL, '08bf14e4-0287-46e2-925f-48bd925df6a7'),
	(1012155, '店铺绩效', 1012154, NULL, '/report/seller', 'amazon/report/performance/seller/index', NULL, '', 22, 1, '', b'1', NULL, NULL, NULL, '08bf14e4-0287-46e2-925f-48bd925df6a7'),
	(1012156, '渠道管理', 1211, NULL, '/erp/shipment/channel', 'erp/shipv2/quote/channel', '', '', 223, 1, '', NULL, NULL, NULL, NULL, NULL),
	(1012158, '销售预测', 66611, NULL, '/customized/chelsea/forecast', 'customized/chelsea/forecast/index', '', '', 75, 1, '', NULL, NULL, '2025-02-11 17:37:48', '2025-02-11 17:37:48', NULL),
	(1012159, '库存管理', 66611, NULL, '/customized/chelsea/inventory', 'customized/chelsea/inventory/index', '', '', 76, 1, '', NULL, NULL, '2025-02-11 17:37:48', '2025-02-11 17:37:48', NULL),
	(1012160, '销售管理', 66611, NULL, '/customized/chelsea/sale', 'customized/chelsea/sale/index', '', '', 77, 1, '', NULL, NULL, '2025-02-11 17:37:48', '2025-02-11 17:37:48', NULL),
	(1012161, '成本核算', 66611, NULL, '/customized/chelsea/finance', 'customized/chelsea/finance/index', '', '', 78, 1, '', NULL, NULL, '2025-02-11 17:37:48', '2025-02-11 17:37:48', NULL),
	(1012169, '海外仓库存', 225, NULL, '/erp/oversea/inv', 'erp/warehouse/overseas/inv/index', NULL, '', 216, 1, NULL, b'1', NULL, NULL, NULL, '18cca274-23bc-4af7-92a6-2d6a85abb8df'),
	(1012171, '工具', 81, NULL, '', '', 'calculator', '', 12, 1, NULL, b'1', NULL, NULL, NULL, '94a71ce4-ab14-11e6-bab5-00e04c023f0e'),
	(1012172, 'AI问答', 1012171, NULL, '/sys/deepseek', 'sys/deepseek/index', NULL, '', 11, 1, '', b'1', NULL, NULL, '2024-09-09 15:12:07', '94a71ce4-ab14-11e6-bab5-00e04c023f0e'),
	(1012173, '团队公告', 1012171, NULL, '/sys/notepad', 'sys/notepad/index', NULL, '', 11, 1, '', b'1', NULL, NULL, '2024-09-09 15:12:07', '94a71ce4-ab14-11e6-bab5-00e04c023f0e'),
	(1012174, '凭证管理', 84, NULL, '', NULL, '', '', 1, 1, '', NULL, NULL, '2025-11-13 14:05:07', '2025-11-13 14:05:07', NULL),
	(1012175, '凭证录入', 1012174, NULL, '/fin/voucher/create', 'finance/vouchers/create/index', '', '', 1, 1, '', NULL, NULL, '2025-11-13 14:06:39', '2025-11-13 14:06:39', NULL),
	(1012176, '查凭证', 1012174, NULL, '/fin/voucher/list', 'finance/vouchers/list/index', '', '', 2, 1, '', NULL, NULL, '2025-11-13 14:07:54', '2025-11-13 14:07:54', NULL),
	(1012177, '科目管理', 214, NULL, '/fin/subjects', 'finance/subjects/index', '', '', 1, 1, '', NULL, NULL, '2025-11-13 14:06:39', '2025-11-13 14:06:39', NULL),
	(1012178, '辅助核算', 214, NULL, '/fin/auxiliary/item', 'finance/auxiliary/items/index', '', '', 2, 1, '', NULL, NULL, '2025-11-13 14:06:39', '2025-11-13 14:06:39', NULL),
	(1012179, '账簿管理', 84, NULL, '', NULL, '', '', 2, 1, '', NULL, NULL, '2025-11-13 14:05:07', '2025-11-13 14:05:07', NULL),
	(1012180, '总账目', 1012179, NULL, '/fin/ledger/general', 'finance/ledger/general/index', '', '', 1, 1, '', NULL, NULL, '2025-11-13 14:23:15', '2025-11-13 14:23:15', NULL),
	(1012181, '明细账', 1012179, NULL, '/fin/ledger/detail', 'finance/ledger/detail/index', '', '', 2, 1, '', NULL, NULL, '2025-11-13 14:23:53', '2025-11-13 14:23:53', NULL),
	(1012182, '财务报表', 84, NULL, '', NULL, '', '', 3, 1, '', NULL, NULL, '2025-11-13 14:24:56', '2025-11-13 14:24:56', NULL),
	(1012183, '报表项目', 1012182, NULL, '/fin/report/items', 'finance/report/items/index', '', '', 1, 1, '', NULL, NULL, '2025-11-13 14:26:51', '2025-11-13 14:26:51', NULL),
	(1012184, '报表模板', 1012182, NULL, '/fin/report/templates', 'finance/report/templates/index', '', '', 1, 1, '', NULL, NULL, '2025-11-13 14:27:34', '2025-11-13 14:27:34', NULL),
	(1012185, '会计期间', 214, NULL, '/fin/periods', 'finance/periods/index', '', '', 3, 1, '', NULL, NULL, '2025-11-13 15:04:58', '2025-11-13 15:04:58', NULL);

/*!40103 SET TIME_ZONE=IFNULL(@OLD_TIME_ZONE, 'system') */;
/*!40101 SET SQL_MODE=IFNULL(@OLD_SQL_MODE, '') */;
/*!40014 SET FOREIGN_KEY_CHECKS=IFNULL(@OLD_FOREIGN_KEY_CHECKS, 1) */;
/*!40101 SET CHARACTER_SET_CLIENT=@OLD_CHARACTER_SET_CLIENT */;
/*!40111 SET SQL_NOTES=IFNULL(@OLD_SQL_NOTES, 1) */;
-- --------------------------------------------------------
-- 主机:                           wimoor.rwlb.rds.aliyuncs.com
-- 服务器版本:                        8.0.36 - Source distribution
-- 服务器操作系统:                      Linux
-- HeidiSQL 版本:                  12.6.0.6765
-- --------------------------------------------------------

/*!40101 SET @OLD_CHARACTER_SET_CLIENT=@@CHARACTER_SET_CLIENT */;
/*!40101 SET NAMES utf8 */;
/*!50503 SET NAMES utf8mb4 */;
/*!40103 SET @OLD_TIME_ZONE=@@TIME_ZONE */;
/*!40103 SET TIME_ZONE='+00:00' */;
/*!40014 SET @OLD_FOREIGN_KEY_CHECKS=@@FOREIGN_KEY_CHECKS, FOREIGN_KEY_CHECKS=0 */;
/*!40101 SET @OLD_SQL_MODE=@@SQL_MODE, SQL_MODE='NO_AUTO_VALUE_ON_ZERO' */;
/*!40111 SET @OLD_SQL_NOTES=@@SQL_NOTES, SQL_NOTES=0 */;

-- 导出  表 db_admin.t_sys_permission 结构
CREATE TABLE IF NOT EXISTS `t_sys_permission` (
  `id` bigint NOT NULL AUTO_INCREMENT COMMENT '主键',
  `name` varchar(64) CHARACTER SET utf8mb4 COLLATE utf8mb4_bin DEFAULT NULL COMMENT '权限名称',
  `menu_id` int DEFAULT NULL COMMENT '菜单模块ID\r\n',
  `url_perm` varchar(128) CHARACTER SET utf8mb4 COLLATE utf8mb4_bin DEFAULT NULL COMMENT 'URL权限标识',
  `btn_perm` varchar(64) CHARACTER SET utf8mb4 COLLATE utf8mb4_bin DEFAULT NULL COMMENT '按钮权限标识',
  `gmt_create` datetime DEFAULT NULL,
  `gmt_modified` datetime DEFAULT NULL,
  PRIMARY KEY (`id`),
  KEY `id` (`id`,`name`),
  KEY `id_2` (`id`,`name`)
) ENGINE=InnoDB AUTO_INCREMENT=1697438074115891206 DEFAULT CHARSET=utf8mb4 COLLATE=utf8mb4_bin ROW_FORMAT=DYNAMIC COMMENT='权限表';

-- 正在导出表  db_admin.t_sys_permission 的数据：~14 rows (大约)
INSERT IGNORE INTO `t_sys_permission` (`id`, `name`, `menu_id`, `url_perm`, `btn_perm`, `gmt_create`, `gmt_modified`) VALUES
	(1590216687451979778, '库位编辑', 7, 'POST:/erp/v1/warehouse/shelf/add', 'erp:wh:shelf:add', '2022-11-09 13:36:18', '2022-11-09 13:36:18'),
	(1627577448918474754, '删除1688授权', 26, 'GET:/erp/api/v1/purchase1688/delete', 'erp:purchase:open1688:delete', '2023-02-20 15:54:37', '2023-02-20 15:54:37'),
	(1628579022289592322, '导出', 98, 'GET:/erp/api/v1/material/downloadMaterialList', 'erp:material:download', '2023-02-23 10:14:31', '2023-02-23 10:14:31'),
	(1628580738779144193, '导出', 44, 'GET:/erp/api/v1/customer/downloadCustomerList', 'erp:customer:download', '2023-02-23 10:21:20', '2023-02-23 10:21:20'),
	(1648888310276505601, '本地已完成', 27, 'GET:/amazon/api/v1/shipForm/marketShipped', 'amz:ship:localdone', '2023-04-20 11:16:23', '2023-04-20 11:16:23'),
	(1648888789660286977, '删除货件', 27, 'GET:/erp/api/v1/shipForm/disableShipment', 'amz:ship:delete', '2023-04-20 11:18:17', '2023-04-20 11:18:17'),
	(1656144687886938114, '确认出库(含耗材)', 27, 'POST:/erp/api/v1/shipForm/saveInventoryConsumable', 'amz:ship:conship', '2023-05-10 11:50:38', '2023-05-10 11:50:38'),
	(1656145342726844417, '确认出库', 27, 'GET:/amazon/api/v1/shipForm/marketAmazonShipped', 'amz:ship:shipdone', '2023-05-10 11:53:14', '2023-05-10 11:53:14'),
	(1697432618920222722, '添加加工单', 70, 'POST:/erp/api/v1/assembly/saveData', 'erp:po:ass:add', '2023-09-01 10:14:08', '2023-09-01 10:14:08'),
	(1697433107619553281, '入库操作', 70, 'GET:/erp/api/v1/assembly/saveRecord', 'erp:po:ass:in', '2023-09-01 10:16:04', '2023-09-01 10:16:04'),
	(1697437139805315073, '修改单据数量', 70, 'GET:/erp/api/v1/assembly/changeAssAmount', 'erp:po:ass:update', '2023-09-01 10:32:06', '2023-09-01 10:32:06'),
	(1697438074115891202, '终止单据', 70, 'GET:/erp/api/v1/assembly/stopAssemblyEvent', 'erp:po:ass:stop', '2023-09-01 10:35:48', '2023-09-01 10:35:48'),
	(1697438074115891203, '查看产品信息', 1012151, 'POST:/quote/api/v1/quote/supplier/addsupplier', 'erp:pi:list:item', '2023-09-01 10:35:48', '2023-09-01 10:35:48'),
	(1697438074115891205, '查看物流连接', 1012153, 'POST:/quote/api/v1/quote/supplier/addsupplier', 'erp:pi:supplier:link', '2023-09-01 10:35:48', '2023-09-01 10:35:48');

/*!40103 SET TIME_ZONE=IFNULL(@OLD_TIME_ZONE, 'system') */;
/*!40101 SET SQL_MODE=IFNULL(@OLD_SQL_MODE, '') */;
/*!40014 SET FOREIGN_KEY_CHECKS=IFNULL(@OLD_FOREIGN_KEY_CHECKS, 1) */;
/*!40101 SET CHARACTER_SET_CLIENT=@OLD_CHARACTER_SET_CLIENT */;
/*!40111 SET SQL_NOTES=IFNULL(@OLD_SQL_NOTES, 1) */;
REPLACE INTO `t_sys_quartz_task` (`id`, `name`, `fgroup`, `priority`, `description`, `cron`, `server`, `bean`, `method`, `parameter`, `path`, `isdelete`, `createdate`) VALUES (1, '阿里云巴巴订单跟踪', '阿里巴巴', 75, '物流信息跟踪', '0 55 23 * * ?', 'wimoor-erp', 'PurchaseFormController', 'refreshAlibabaOrder', '', 'http://wimoor-erp/erp/api/v1/purchase_form/refreshAlibabaOrder', b'0', '2022-05-09 11:23:14');
REPLACE INTO `t_sys_quartz_task` (`id`, `name`, `fgroup`, `priority`, `description`, `cron`, `server`, `bean`, `method`, `parameter`, `path`, `isdelete`, `createdate`) VALUES (2, '亚马逊订单跟踪', '亚马逊订单', 65, '亚马逊订单', '0 0/6 * * * ?', 'wimoor-amazon', 'ordersController', 'refreshOrderAction', '', 'http://wimoor-amazon/amazon/api/v0/orders/refreshOrder', b'0', '2022-06-09 14:10:28');
REPLACE INTO `t_sys_quartz_task` (`id`, `name`, `fgroup`, `priority`, `description`, `cron`, `server`, `bean`, `method`, `parameter`, `path`, `isdelete`, `createdate`) VALUES (3, '亚马逊订单详情跟踪', '亚马逊订单', 64, '亚马逊订单详情', '0/20 * * * * ?', 'wimoor-amazon', 'ordersController', 'refreshOrdersItemAction', '', 'http://wimoor-amazon/amazon/api/v0/orders/refreshOrdersItem', b'0', '2022-06-09 14:10:29');
REPLACE INTO `t_sys_quartz_task` (`id`, `name`, `fgroup`, `priority`, `description`, `cron`, `server`, `bean`, `method`, `parameter`, `path`, `isdelete`, `createdate`) VALUES (4, '订单购买', '亚马逊报表', 100, '亚马逊订单报表', '0 20 5,6,7 * * ?', 'wimoor-amazon', 'reportController', 'requestReportAction', 'GET_FLAT_FILE_ALL_ORDERS_DATA_BY_ORDER_DATE_GENERAL', 'http://wimoor-amazon/amazon/api/v1/report/requestReport/GET_FLAT_FILE_ALL_ORDERS_DATA_BY_ORDER_DATE_GENERAL', b'0', '2022-06-09 14:13:43');
REPLACE INTO `t_sys_quartz_task` (`id`, `name`, `fgroup`, `priority`, `description`, `cron`, `server`, `bean`, `method`, `parameter`, `path`, `isdelete`, `createdate`) VALUES (5, '订单更新', '亚马逊报表', 99, '订单更新报表', '27 25 2,3 * * ?', 'wimoor-amazon', 'reportController', 'requestReportAction', 'GET_FLAT_FILE_ALL_ORDERS_DATA_BY_LAST_UPDATE_GENERAL', 'http://wimoor-amazon/amazon/api/v1/report/requestReport/GET_FLAT_FILE_ALL_ORDERS_DATA_BY_LAST_UPDATE_GENERAL', b'0', '2022-06-09 14:15:48');
REPLACE INTO `t_sys_quartz_task` (`id`, `name`, `fgroup`, `priority`, `description`, `cron`, `server`, `bean`, `method`, `parameter`, `path`, `isdelete`, `createdate`) VALUES (6, '退货', '亚马逊报表', 97, '退货报表', '38 10 19 * * ?', 'wimoor-amazon', 'reportController', 'requestReportAction', 'GET_FBA_FULFILLMENT_CUSTOMER_RETURNS_DATA', 'http://wimoor-amazon/amazon/api/v1/report/requestReport/GET_FBA_FULFILLMENT_CUSTOMER_RETURNS_DATA', b'0', '2022-06-09 14:15:48');
REPLACE INTO `t_sys_quartz_task` (`id`, `name`, `fgroup`, `priority`, `description`, `cron`, `server`, `bean`, `method`, `parameter`, `path`, `isdelete`, `createdate`) VALUES (7, '订单发货', '亚马逊报表', 96, '订单发货报表', '43 50 21 * * ?', 'wimoor-amazon', 'reportController', 'requestReportAction', 'GET_AMAZON_FULFILLED_SHIPMENTS_DATA_GENERAL', 'http://wimoor-amazon/amazon/api/v1/report/requestReport/GET_AMAZON_FULFILLED_SHIPMENTS_DATA_GENERAL', b'0', '2022-06-09 14:16:43');
REPLACE INTO `t_sys_quartz_task` (`id`, `name`, `fgroup`, `priority`, `description`, `cron`, `server`, `bean`, `method`, `parameter`, `path`, `isdelete`, `createdate`) VALUES (8, '移除', '亚马逊报表', 95, '订单移除报表', '55 30 19 * * ?', 'wimoor-amazon', 'reportController', 'requestReportAction', 'GET_FBA_FULFILLMENT_REMOVAL_ORDER_DETAIL_DATA', 'http://wimoor-amazon/amazon/api/v1/report/requestReport/GET_FBA_FULFILLMENT_REMOVAL_ORDER_DETAIL_DATA', b'0', '2022-06-09 14:35:44');
REPLACE INTO `t_sys_quartz_task` (`id`, `name`, `fgroup`, `priority`, `description`, `cron`, `server`, `bean`, `method`, `parameter`, `path`, `isdelete`, `createdate`) VALUES (9, '订单', '亚马逊汇总', 72, '订单汇总', '0 5/30 * * * ?', 'wimoor-amazon', 'reportController', 'summaryOrderReportAction', '', 'http://wimoor-amazon/amazon/api/v1/report/summaryOrderReport', b'0', '2022-06-09 14:35:45');
REPLACE INTO `t_sys_quartz_task` (`id`, `name`, `fgroup`, `priority`, `description`, `cron`, `server`, `bean`, `method`, `parameter`, `path`, `isdelete`, `createdate`) VALUES (10, '库存', '亚马逊报表', 98, '亚马逊库存报表', '10 5 4,6,8,10,13 * * ?', 'wimoor-amazon', 'reportController', 'requestReportAction', 'GET_FBA_MYI_UNSUPPRESSED_INVENTORY_DATA', 'http://wimoor-amazon/amazon/api/v1/report/requestReport/GET_FBA_MYI_UNSUPPRESSED_INVENTORY_DATA', b'0', '2022-06-09 14:35:46');
REPLACE INTO `t_sys_quartz_task` (`id`, `name`, `fgroup`, `priority`, `description`, `cron`, `server`, `bean`, `method`, `parameter`, `path`, `isdelete`, `createdate`) VALUES (11, '仓库健康(删除）', '亚马逊报表', 94, '亚马逊库存健康报表', '35 12 1 * * ?', 'wimoor-amazon', 'reportController', 'requestReportAction', 'GET_FBA_FULFILLMENT_INVENTORY_HEALTH_DATA', 'http://wimoor-amazon/amazon/api/v1/report/requestReport/GET_FBA_FULFILLMENT_INVENTORY_HEALTH_DATA', b'1', '2022-06-09 14:35:47');
REPLACE INTO `t_sys_quartz_task` (`id`, `name`, `fgroup`, `priority`, `description`, `cron`, `server`, `bean`, `method`, `parameter`, `path`, `isdelete`, `createdate`) VALUES (12, '更新处理', '亚马逊报表', 68, '亚马逊报表更新处理', '0 2/5 * * * ?', 'wimoor-amazon', 'reportController', 'refreshReportAction', '', 'http://wimoor-amazon/amazon/api/v1/report/refreshReport', b'0', '2022-06-09 14:35:48');
REPLACE INTO `t_sys_quartz_task` (`id`, `name`, `fgroup`, `priority`, `description`, `cron`, `server`, `bean`, `method`, `parameter`, `path`, `isdelete`, `createdate`) VALUES (13, '账期', '亚马逊报表', 93, '亚马逊账期报表', '55 30 20 * * ?', 'wimoor-amazon', 'reportController', 'requestReportAction', 'GET_V2_SETTLEMENT_REPORT_DATA_FLAT_FILE_V2', 'http://wimoor-amazon/amazon/api/v1/report/requestReport/GET_V2_SETTLEMENT_REPORT_DATA_FLAT_FILE_V2', b'0', '2022-06-09 14:35:49');
REPLACE INTO `t_sys_quartz_task` (`id`, `name`, `fgroup`, `priority`, `description`, `cron`, `server`, `bean`, `method`, `parameter`, `path`, `isdelete`, `createdate`) VALUES (14, '商品分类', '亚马逊报表', 92, '亚马逊商品分类报表', '0 41 13 ? * 1L', 'wimoor-amazon', 'reportController', 'requestReportAction', 'GET_XML_BROWSE_TREE_DATA', 'http://wimoor-amazon/amazon/api/v1/report/requestReport/GET_XML_BROWSE_TREE_DATA', b'1', '2022-06-09 14:35:50');
REPLACE INTO `t_sys_quartz_task` (`id`, `name`, `fgroup`, `priority`, `description`, `cron`, `server`, `bean`, `method`, `parameter`, `path`, `isdelete`, `createdate`) VALUES (15, 'FBA费用', '亚马逊报表', 91, '亚马逊FBA费用报表', '10 25,41 2 * * ?', 'wimoor-amazon', 'reportController', 'requestReportAction', 'GET_FBA_ESTIMATED_FBA_FEES_TXT_DATA', 'http://wimoor-amazon/amazon/api/v1/report/requestReport/GET_FBA_ESTIMATED_FBA_FEES_TXT_DATA', b'0', '2022-06-09 14:35:51');
REPLACE INTO `t_sys_quartz_task` (`id`, `name`, `fgroup`, `priority`, `description`, `cron`, `server`, `bean`, `method`, `parameter`, `path`, `isdelete`, `createdate`) VALUES (16, '仓储费', '亚马逊报表', 90, '亚马逊仓储费报表', '20 40 22 * * ?', 'wimoor-amazon', 'reportController', 'requestReportAction', 'GET_FBA_STORAGE_FEE_CHARGES_DATA', 'http://wimoor-amazon/amazon/api/v1/report/requestReport/GET_FBA_STORAGE_FEE_CHARGES_DATA', b'0', '2022-06-09 14:35:51');
REPLACE INTO `t_sys_quartz_task` (`id`, `name`, `fgroup`, `priority`, `description`, `cron`, `server`, `bean`, `method`, `parameter`, `path`, `isdelete`, `createdate`) VALUES (17, '长期仓储费', '亚马逊报表', 89, '亚马逊长期仓储费报表', '30 30 12 * * ?', 'wimoor-amazon', 'reportController', 'requestReportAction', 'GET_FBA_FULFILLMENT_LONGTERM_STORAGE_FEE_CHARGES_DATA', 'http://wimoor-amazon/amazon/api/v1/report/requestReport/GET_FBA_FULFILLMENT_LONGTERM_STORAGE_FEE_CHARGES_DATA', b'0', '2022-06-09 14:35:52');
REPLACE INTO `t_sys_quartz_task` (`id`, `name`, `fgroup`, `priority`, `description`, `cron`, `server`, `bean`, `method`, `parameter`, `path`, `isdelete`, `createdate`) VALUES (18, '上架商品', '亚马逊报表', 88, '亚马逊上架商品报表', '40 10 21 * * ?', 'wimoor-amazon', 'reportController', 'requestReportAction', 'GET_FLAT_FILE_OPEN_LISTINGS_DATA', 'http://wimoor-amazon/amazon/api/v1/report/requestReport/GET_FLAT_FILE_OPEN_LISTINGS_DATA', b'0', '2022-06-09 14:35:53');
REPLACE INTO `t_sys_quartz_task` (`id`, `name`, `fgroup`, `priority`, `description`, `cron`, `server`, `bean`, `method`, `parameter`, `path`, `isdelete`, `createdate`) VALUES (19, '全部商品', '亚马逊报表', 87, '亚马逊全部商品报表', '5 30 23 * * ?', 'wimoor-amazon', 'reportController', 'requestReportAction', 'GET_MERCHANT_LISTINGS_ALL_DATA', 'http://wimoor-amazon/amazon/api/v1/report/requestReport/GET_MERCHANT_LISTINGS_ALL_DATA', b'0', '2022-06-09 14:35:54');
REPLACE INTO `t_sys_quartz_task` (`id`, `name`, `fgroup`, `priority`, `description`, `cron`, `server`, `bean`, `method`, `parameter`, `path`, `isdelete`, `createdate`) VALUES (21, '提交处理', '亚马逊Feed', 73, '亚马逊Feed数据提交', '0 0/5 * * * ?', 'wimoor-amazon', 'feedController', 'processAction', '', 'http://wimoor-amazon/amazon/api/v0/feed/process', b'0', '2022-06-09 14:37:35');
REPLACE INTO `t_sys_quartz_task` (`id`, `name`, `fgroup`, `priority`, `description`, `cron`, `server`, `bean`, `method`, `parameter`, `path`, `isdelete`, `createdate`) VALUES (22, '流量汇总', '亚马逊汇总', 77, '汇总客户提交的流量报表', '0 10 0 * * ?', 'wimoor-amazon', 'amzProductPageviewsController', 'refreshSummaryAction', '', 'http://wimoor-amazon/amazon/api/v1/report/product/amzProductPageviews/refreshSummary', b'0', '2022-06-28 15:23:35');
REPLACE INTO `t_sys_quartz_task` (`id`, `name`, `fgroup`, `priority`, `description`, `cron`, `server`, `bean`, `method`, `parameter`, `path`, `isdelete`, `createdate`) VALUES (23, '流量上传迁移', '亚马逊汇总', 74, '客户提交的流量报表迁移模拟队列', '0 1/10 * * * ?', 'wimoor-amazon', 'amzProductPageviewsController', 'refreshDownloadAction', '', 'http://wimoor-amazon/amazon/api/v1/report/product/amzProductPageviews/refreshDownload', b'0', '2022-06-28 15:27:58');
REPLACE INTO `t_sys_quartz_task` (`id`, `name`, `fgroup`, `priority`, `description`, `cron`, `server`, `bean`, `method`, `parameter`, `path`, `isdelete`, `createdate`) VALUES (24, '预留库存', '亚马逊报表', 76, '亚马逊预留库存报表', '0 45 5,7,9 * * ?', 'wimoor-amazon', 'reportController', 'requestReportAction', 'GET_RESERVED_INVENTORY_DATA', 'http://wimoor-amazon/amazon/api/v1/report/requestReport/GET_RESERVED_INVENTORY_DATA', b'0', '2022-06-28 18:54:18');
REPLACE INTO `t_sys_quartz_task` (`id`, `name`, `fgroup`, `priority`, `description`, `cron`, `server`, `bean`, `method`, `parameter`, `path`, `isdelete`, `createdate`) VALUES (25, '报表申请', '亚马逊广告', 67, '亚马逊广告报表申请', '55 20 0,1,2,3,4,5,6,7,22,23  * * ?', 'wimoor-amazon-adv', 'schedulingConfigController', 'requestReport', '', 'http://wimoor-amazon-adv/amazonadv/api/v1/advschedule/requestReport', b'0', '2022-07-04 16:40:51');
REPLACE INTO `t_sys_quartz_task` (`id`, `name`, `fgroup`, `priority`, `description`, `cron`, `server`, `bean`, `method`, `parameter`, `path`, `isdelete`, `createdate`) VALUES (26, '报表读取-日', '亚马逊广告', 70, '亚马逊广告报表读取', '0 0/10 0,1,2,3,4,5,6,7,8,20,21,22,23  * * ?', 'wimoor-amazon-adv', 'schedulingConfigController', 'readReport', '', 'http://wimoor-amazon-adv/amazonadv/api/v1/advschedule/readReport', b'0', '2022-07-04 16:40:52');
REPLACE INTO `t_sys_quartz_task` (`id`, `name`, `fgroup`, `priority`, `description`, `cron`, `server`, `bean`, `method`, `parameter`, `path`, `isdelete`, `createdate`) VALUES (27, '快照申请', '亚马逊广告', 66, '亚马逊广告快照申请', '45 45 0,1,2,3,4,5,6,7,22,23 * * ?', 'wimoor-amazon-adv', 'schedulingConfigController', 'requestSnapshot', '', 'http://wimoor-amazon-adv/amazonadv/api/v1/advschedule/requestSnapshot', b'0', '2022-07-04 16:40:52');
REPLACE INTO `t_sys_quartz_task` (`id`, `name`, `fgroup`, `priority`, `description`, `cron`, `server`, `bean`, `method`, `parameter`, `path`, `isdelete`, `createdate`) VALUES (28, '快照读取', '亚马逊广告', 69, '亚马逊广告快照读取', '30 0/12 * * * ?', 'wimoor-amazon-adv', 'schedulingConfigController', 'readSnapshot', '', 'http://wimoor-amazon-adv/amazonadv/api/v1/advschedule/readSnapshot', b'0', '2022-07-04 16:47:12');
REPLACE INTO `t_sys_quartz_task` (`id`, `name`, `fgroup`, `priority`, `description`, `cron`, `server`, `bean`, `method`, `parameter`, `path`, `isdelete`, `createdate`) VALUES (29, '账期未出账', '亚马逊财务', 83, '亚马逊财务账期未出账', '0 37 0/6 * * ?', 'wimoor-amazon', 'amzFinAccountController', 'refreshAmzFin', '', 'http://wimoor-amazon/amazon/api/v1/amzFinAccount/refreshAmzFin', b'0', '2022-05-09 11:23:14');
REPLACE INTO `t_sys_quartz_task` (`id`, `name`, `fgroup`, `priority`, `description`, `cron`, `server`, `bean`, `method`, `parameter`, `path`, `isdelete`, `createdate`) VALUES (30, '更新Portfolios', '亚马逊广告', 84, '亚马逊广告更新Portfolios', '40 30 5 * * ?', 'wimoor-amazon-adv', 'schedulingConfigController', 'refreshListPortfolios', '', 'http://wimoor-amazon-adv/amazonadv/api/v1/advschedule/refreshListPortfolios', b'0', '2022-07-05 09:00:58');
REPLACE INTO `t_sys_quartz_task` (`id`, `name`, `fgroup`, `priority`, `description`, `cron`, `server`, `bean`, `method`, `parameter`, `path`, `isdelete`, `createdate`) VALUES (31, 'Remind', '亚马逊广告', 85, '亚马逊广告提醒', '38 30 1 * * ?', 'wimoor-amazon-adv', 'schedulingConfigController', 'refreshRemaindAction', '', 'http://wimoor-amazon-adv/amazonadv/api/v1/advschedule/refreshRemaind', b'0', '2022-07-05 09:12:20');
REPLACE INTO `t_sys_quartz_task` (`id`, `name`, `fgroup`, `priority`, `description`, `cron`, `server`, `bean`, `method`, `parameter`, `path`, `isdelete`, `createdate`) VALUES (32, '更新商品对象', '亚马逊商品', 63, '亚马逊产品更新商品对象', '0/10 * 19-23 * * ?', 'wimoor-amazon', 'amzProductRefreshController', 'refreshAction', '', 'http://wimoor-amazon/amazon/api/v1/report/product/amzProductRefresh/refresh', b'0', '2022-07-14 10:46:11');
REPLACE INTO `t_sys_quartz_task` (`id`, `name`, `fgroup`, `priority`, `description`, `cron`, `server`, `bean`, `method`, `parameter`, `path`, `isdelete`, `createdate`) VALUES (33, '更新关系', '亚马逊商品', 62, '亚马逊产品更新关系', '0/30 * * * * ?', 'wimoor-amazon', 'amzProductRefreshController', 'refreshCatalogAction', '', 'http://wimoor-amazon/amazon/api/v1/report/product/amzProductRefresh/refreshCatalog', b'0', '2022-07-14 10:46:12');
REPLACE INTO `t_sys_quartz_task` (`id`, `name`, `fgroup`, `priority`, `description`, `cron`, `server`, `bean`, `method`, `parameter`, `path`, `isdelete`, `createdate`) VALUES (34, '价格', '亚马逊商品', 50, '亚马逊商品价格', '0 2/3 * * * ?', 'wimoor-amazon', 'amzProductRefreshController', 'refreshPriceAction', '', 'http://wimoor-amazon/amazon/api/v1/report/product/amzProductRefresh/refreshPrice', b'0', '2022-07-14 10:47:42');
REPLACE INTO `t_sys_quartz_task` (`id`, `name`, `fgroup`, `priority`, `description`, `cron`, `server`, `bean`, `method`, `parameter`, `path`, `isdelete`, `createdate`) VALUES (35, '授权迁移', '亚马逊权限', 59, '亚马逊权限授权迁移', '0 37 0/5 * * ?', 'wimoor-amazon', 'amazonAuthorityController', 'getRefreshTokenAction', '', 'http://wimoor-amazon/amazon/api/v1/amzauthority/getRefreshToken', b'0', '2022-07-15 09:39:57');
REPLACE INTO `t_sys_quartz_task` (`id`, `name`, `fgroup`, `priority`, `description`, `cron`, `server`, `bean`, `method`, `parameter`, `path`, `isdelete`, `createdate`) VALUES (36, '处理报表', '亚马逊报表', 71, '亚马逊报表处理', '0 1/10 * * * ?', 'wimoor-amazon', 'reportController', 'processReportAction', '', 'http://wimoor-amazon/amazon/api/v1/report/processReport', b'0', '2022-07-18 13:07:58');
REPLACE INTO `t_sys_quartz_task` (`id`, `name`, `fgroup`, `priority`, `description`, `cron`, `server`, `bean`, `method`, `parameter`, `path`, `isdelete`, `createdate`) VALUES (37, '店铺绩效', '亚马逊报表', 82, '亚马逊店铺绩效报表', '43 50 0 * * ?', 'wimoor-amazon', 'reportController', 'requestReportAction', 'GET_V2_SELLER_PERFORMANCE_REPORT', 'http://wimoor-amazon/amazon/api/v1/report/requestReport/GET_V2_SELLER_PERFORMANCE_REPORT', b'0', '2022-07-20 13:41:24');
REPLACE INTO `t_sys_quartz_task` (`id`, `name`, `fgroup`, `priority`, `description`, `cron`, `server`, `bean`, `method`, `parameter`, `path`, `isdelete`, `createdate`) VALUES (38, '今日订单迁移', '亚马逊订单', 81, '亚马逊订单迁移归档', '43 10 23 * * ?', 'wimoor-amazon', 'ordersController', 'removeOrdersDataArchiveAction', '', 'http://wimoor-amazon/amazon/api/v0/orders/removeOrdersDataArchive', b'0', '2022-07-21 15:21:26');
REPLACE INTO `t_sys_quartz_task` (`id`, `name`, `fgroup`, `priority`, `description`, `cron`, `server`, `bean`, `method`, `parameter`, `path`, `isdelete`, `createdate`) VALUES (39, '广告数据汇总', '亚马逊产品', 111, '亚马逊广告数据汇总', '43 40 3 * * ?', 'wimoor-amazon', 'productInOptController', 'refreshAllProductAdvAction', '', 'http://wimoor-amazon/amazon/api/v1/report/product/productInOpt/refreshAllProductAdv', b'0', '2022-07-21 19:35:47');
REPLACE INTO `t_sys_quartz_task` (`id`, `name`, `fgroup`, `priority`, `description`, `cron`, `server`, `bean`, `method`, `parameter`, `path`, `isdelete`, `createdate`) VALUES (40, '站点获取', '亚马逊授权', 79, '亚马逊站点授权', '43 40 19 * * ?', 'wimoor-amazon', 'amazonSellerMarketController', 'refreshMarket', '', 'http://wimoor-amazon/amazon/api/v1/amazonSellerMarket/refreshMarket', b'0', '2022-07-23 17:16:15');
REPLACE INTO `t_sys_quartz_task` (`id`, `name`, `fgroup`, `priority`, `description`, `cron`, `server`, `bean`, `method`, `parameter`, `path`, `isdelete`, `createdate`) VALUES (41, '新增productRefresh', '亚马逊商品', 78, '亚马逊商品productRefresh', '43 20 1 * * ?', 'wimoor-amazon', 'amzProductRefreshController', 'insertAction', '', 'http://wimoor-amazon/amazon/api/v1/report/product/amzProductRefresh/insert', b'0', '2022-07-26 11:16:56');
REPLACE INTO `t_sys_quartz_task` (`id`, `name`, `fgroup`, `priority`, `description`, `cron`, `server`, `bean`, `method`, `parameter`, `path`, `isdelete`, `createdate`) VALUES (66, '更新商品对象2', '亚马逊商品', 63, '亚马逊产品更新商品对象2', '0 0/1 * * * ?', 'wimoor-amazon', 'amzProductRefreshController', 'refreshAction', '', 'http://wimoor-amazon/amazon/api/v1/report/product/amzProductRefresh/refresh', b'0', '2022-07-14 10:46:11');
REPLACE INTO `t_sys_quartz_task` (`id`, `name`, `fgroup`, `priority`, `description`, `cron`, `server`, `bean`, `method`, `parameter`, `path`, `isdelete`, `createdate`) VALUES (67, '消息订阅', '亚马逊消息', 58, '亚马逊消息订阅', '0 5 13 * * ?', 'wimoor-amazon', 'amzNotificationsController', 'refreshSubscriptionsAction', '', 'http://wimoor-amazon/amazon/api/v1/amzNotifications/refreshSubscriptions', b'0', '2022-08-06 14:52:18');
REPLACE INTO `t_sys_quartz_task` (`id`, `name`, `fgroup`, `priority`, `description`, `cron`, `server`, `bean`, `method`, `parameter`, `path`, `isdelete`, `createdate`) VALUES (110, '流量', '亚马逊报表', 93, '亚马逊流量报表', '20 10 20,21 * * ?', 'wimoor-amazon', 'reportController', 'requestReportAction', 'GET_SALES_AND_TRAFFIC_REPORT', 'http://wimoor-amazon/amazon/api/v1/report/requestReport/GET_SALES_AND_TRAFFIC_REPORT', b'0', '2022-06-09 14:35:49');
REPLACE INTO `t_sys_quartz_task` (`id`, `name`, `fgroup`, `priority`, `description`, `cron`, `server`, `bean`, `method`, `parameter`, `path`, `isdelete`, `createdate`) VALUES (111, '发票', '亚马逊报表', 80, '亚马逊发票报表', '55 50 19 * * ?', 'wimoor-amazon', 'reportController', 'requestReportAction', 'GET_FLAT_FILE_ORDER_REPORT_DATA_INVOICING', 'http://wimoor-amazon/amazon/api/v1/report/requestReport/GET_FLAT_FILE_ORDER_REPORT_DATA_INVOICING', b'0', '2022-08-26 15:34:06');
REPLACE INTO `t_sys_quartz_task` (`id`, `name`, `fgroup`, `priority`, `description`, `cron`, `server`, `bean`, `method`, `parameter`, `path`, `isdelete`, `createdate`) VALUES (112, '发货跟踪', '亚马逊FBA', 81, '亚马逊FBA接受更新', '55 0 19 * * ?', 'wimoor-amazon', 'ShipFormController', 'refreshShipmentAction', '', 'http://wimoor-amazon/amazon/api/v1/shipForm/refreshShipment', b'0', '2022-08-26 15:34:06');
REPLACE INTO `t_sys_quartz_task` (`id`, `name`, `fgroup`, `priority`, `description`, `cron`, `server`, `bean`, `method`, `parameter`, `path`, `isdelete`, `createdate`) VALUES (120, '欧洲库存', '亚马逊报表', 98, '亚马逊欧洲库存报表', '10 40 6 * * ?', 'wimoor-amazon', 'reportController', 'requestReportAction', 'GET_AFN_INVENTORY_DATA_BY_COUNTRY', 'http://wimoor-amazon/amazon/api/v1/report/requestReport/GET_AFN_INVENTORY_DATA_BY_COUNTRY', b'0', '2022-06-09 14:35:46');
REPLACE INTO `t_sys_quartz_task` (`id`, `name`, `fgroup`, `priority`, `description`, `cron`, `server`, `bean`, `method`, `parameter`, `path`, `isdelete`, `createdate`) VALUES (130, '新滞销', '亚马逊报表', 110, '亚马逊库龄报表', '0 30 19 * * ?', 'wimoor-amazon', 'reportController', 'requestReportAction', 'GET_FBA_INVENTORY_PLANNING_DATA', 'http://wimoor-amazon/amazon/api/v1/report/requestReport/GET_FBA_INVENTORY_PLANNING_DATA', b'0', '2022-06-09 14:35:47');
REPLACE INTO `t_sys_quartz_task` (`id`, `name`, `fgroup`, `priority`, `description`, `cron`, `server`, `bean`, `method`, `parameter`, `path`, `isdelete`, `createdate`) VALUES (131, '轻小', '亚马逊报表', 94, '亚马逊轻小报表', '0 12 20,21 * * ?', 'wimoor-amazon', 'reportController', 'requestReportAction', 'GET_FBA_UNO_INVENTORY_DATA', 'http://wimoor-amazon/amazon/api/v1/report/requestReport/GET_FBA_UNO_INVENTORY_DATA', b'0', '2022-06-09 14:35:47');
REPLACE INTO `t_sys_quartz_task` (`id`, `name`, `fgroup`, `priority`, `description`, `cron`, `server`, `bean`, `method`, `parameter`, `path`, `isdelete`, `createdate`) VALUES (133, '库存行为', '亚马逊报表', 50, '亚马逊库存行为报表', '20 0,10 22 * * ?', 'wimoor-amazon', 'reportController', 'requestReportAction', 'GET_LEDGER_DETAIL_VIEW_DATA', 'http://wimoor-amazon/amazon/api/v1/report/requestReport/GET_LEDGER_DETAIL_VIEW_DATA', b'0', '2022-06-09 14:35:49');
REPLACE INTO `t_sys_quartz_task` (`id`, `name`, `fgroup`, `priority`, `description`, `cron`, `server`, `bean`, `method`, `parameter`, `path`, `isdelete`, `createdate`) VALUES (134, '库存行为汇总', '亚马逊报表', 40, '亚马逊库存行为汇总报表', '20 20,30 2 * * ?', 'wimoor-amazon', 'reportController', 'requestReportAction', 'GET_LEDGER_SUMMARY_VIEW_DATA', 'http://wimoor-amazon/amazon/api/v1/report/requestReport/GET_LEDGER_SUMMARY_VIEW_DATA', b'0', '2022-06-09 14:35:49');
REPLACE INTO `t_sys_quartz_task` (`id`, `name`, `fgroup`, `priority`, `description`, `cron`, `server`, `bean`, `method`, `parameter`, `path`, `isdelete`, `createdate`) VALUES (135, '亚马逊销售计划', '亚马逊订单', 65, '亚马逊订单', '0 20 8 * * ?', 'wimoor-amazon', 'amzProductSalesPlanController', 'refreshData', '', 'http://wimoor-amazon/amazon/api/v1/product/salesplan/refreshPlanData', b'0', '2022-06-09 14:10:28');
REPLACE INTO `t_sys_quartz_task` (`id`, `name`, `fgroup`, `priority`, `description`, `cron`, `server`, `bean`, `method`, `parameter`, `path`, `isdelete`, `createdate`) VALUES (136, '周转报告', '进销存', 101, '仓库周转报告', '0 15 15 ? * SUN', 'wimoor-erp', 'inventoryReportController', 'monthSummaryAction', '', 'http://wimoor-erp/erp/api/v1/inventory/report/monthsummary', b'0', '2023-08-29 18:01:52');
REPLACE INTO `t_sys_quartz_task` (`id`, `name`, `fgroup`, `priority`, `description`, `cron`, `server`, `bean`, `method`, `parameter`, `path`, `isdelete`, `createdate`) VALUES (137, '汇率', '亚马逊模块', 5, '自动汇率日结', '0 10 1 * * ?', 'wimoor-amazon', 'CalculateProfitController', 'updateExchangeRateAction', '', 'http://wimoor-amazon/amazon/api/v1/profit/detail/updateExchangeRate', b'0', '2023-09-04 09:54:58');
REPLACE INTO `t_sys_quartz_task` (`id`, `name`, `fgroup`, `priority`, `description`, `cron`, `server`, `bean`, `method`, `parameter`, `path`, `isdelete`, `createdate`) VALUES (138, '报表申请2', '亚马逊广告', 67, '亚马逊广告报表申请', '0 12 8,10,11,12,13,14,15,16,17 ? * SUN', 'wimoor-amazon-adv', 'schedulingConfigController', 'requestReport', '', 'http://wimoor-amazon-adv/amazonadv/api/v1/advschedule/requestReport', b'0', '2022-07-04 16:40:51');
REPLACE INTO `t_sys_quartz_task` (`id`, `name`, `fgroup`, `priority`, `description`, `cron`, `server`, `bean`, `method`, `parameter`, `path`, `isdelete`, `createdate`) VALUES (139, '报表读取-2', '亚马逊广告', 70, '亚马逊广告报表读取', '0 0/10 8,10,11,12,13,14,15,16,17 ? * SUN', 'wimoor-amazon-adv', 'schedulingConfigController', 'readReport', '', 'http://wimoor-amazon-adv/amazonadv/api/v1/advschedule/readReport', b'0', '2022-07-04 16:40:52');
REPLACE INTO `t_sys_quartz_task` (`id`, `name`, `fgroup`, `priority`, `description`, `cron`, `server`, `bean`, `method`, `parameter`, `path`, `isdelete`, `createdate`) VALUES (140, '账期详情', '亚马逊财务', 83, '亚马逊财务账期未出账', '0 17 0/3 * * ?', 'wimoor-amazon', 'amzFinAccountController', 'refreshAmzFinData', '', 'http://wimoor-amazon/amazon/api/v1/amzFinAccount/refreshAmzFinData', b'0', '2022-05-09 11:23:14');
REPLACE INTO `t_sys_quartz_task` (`id`, `name`, `fgroup`, `priority`, `description`, `cron`, `server`, `bean`, `method`, `parameter`, `path`, `isdelete`, `createdate`) VALUES (141, '周邮件', '亚马逊财务', 183, '亚马逊财务', '0 5 8 ? * MON', 'wimoor-amazon', 'amzFinAccountController', 'refreshAmzFinData', '', 'http://wimoor-amazon/amazon/api/v1/amzFinAccount/sendWeekEmail', b'0', '2022-05-09 11:23:14');
REPLACE INTO `t_sys_quartz_task` (`id`, `name`, `fgroup`, `priority`, `description`, `cron`, `server`, `bean`, `method`, `parameter`, `path`, `isdelete`, `createdate`) VALUES (142, '月邮件', '亚马逊财务', 184, '亚马逊财务', '0 35 8 1 * ?', 'wimoor-amazon', 'amzFinAccountController', 'refreshAmzFinData', '', 'http://wimoor-amazon/amazon/api/v1/amzFinAccount/sendMonthEmail', b'0', '2022-05-09 11:23:14');
REPLACE INTO `t_sys_quartz_task` (`id`, `name`, `fgroup`, `priority`, `description`, `cron`, `server`, `bean`, `method`, `parameter`, `path`, `isdelete`, `createdate`) VALUES (143, '报销费报表', '亚马逊报表', 100, '亚马逊报销费报表', '55 0 8 * * ?', 'wimoor-amazon', 'reportController', 'requestReportAction', 'GET_FBA_REIMBURSEMENTS_DATA', 'http://wimoor-amazon/amazon/api/v1/report/requestReport/GET_FBA_REIMBURSEMENTS_DATA', b'0', '2022-06-09 14:13:43');
REPLACE INTO `t_sys_quartz_task` (`id`, `name`, `fgroup`, `priority`, `description`, `cron`, `server`, `bean`, `method`, `parameter`, `path`, `isdelete`, `createdate`) VALUES (226, '报表读取-夜', '亚马逊广告', 70, '亚马逊广告报表读取', '0 0/30 9,10,11,12,13,14,15,16,17,18,19  * * ?', 'wimoor-amazon-adv', 'schedulingConfigController', 'readReport', '', 'http://wimoor-amazon-adv/amazonadv/api/v1/advschedule/readReport', b'0', '2022-07-04 16:40:52');
REPLACE INTO `t_sys_quartz_task` (`id`, `name`, `fgroup`, `priority`, `description`, `cron`, `server`, `bean`, `method`, `parameter`, `path`, `isdelete`, `createdate`) VALUES (227, '消息注册', '亚马逊消息', 58, '亚马逊消息注册', '0 5 13 23 8 2024', 'wimoor-amazon', 'amzNotificationsController', 'refreshSubscriptionsAction', '', 'http://wimoor-amazon/amazon/api/v1/amzNotifications/refreshDestination', b'1', '2022-08-06 14:52:18');
REPLACE INTO `t_sys_quartz_task` (`id`, `name`, `fgroup`, `priority`, `description`, `cron`, `server`, `bean`, `method`, `parameter`, `path`, `isdelete`, `createdate`) VALUES (228, '优惠券', '亚马逊报表', 110, '优惠券报表', '0 30 15 * * ?', 'wimoor-amazon', 'reportController', 'requestReportAction', 'GET_COUPON_PERFORMANCE_REPORT', 'http://wimoor-amazon/amazon/api/v1/report/requestReport/GET_COUPON_PERFORMANCE_REPORT', b'0', '2022-06-09 14:35:47');
REPLACE INTO `t_sys_quartz_task` (`id`, `name`, `fgroup`, `priority`, `description`, `cron`, `server`, `bean`, `method`, `parameter`, `path`, `isdelete`, `createdate`) VALUES (229, '促销报告', '亚马逊报表', 110, '促销报告', '0 30 16 * * ?', 'wimoor-amazon', 'reportController', 'requestReportAction', 'GET_PROMOTION_PERFORMANCE_REPORT', 'http://wimoor-amazon/amazon/api/v1/report/requestReport/GET_PROMOTION_PERFORMANCE_REPORT', b'0', '2022-06-09 14:35:47');
REPLACE INTO `t_sys_quartz_task` (`id`, `name`, `fgroup`, `priority`, `description`, `cron`, `server`, `bean`, `method`, `parameter`, `path`, `isdelete`, `createdate`) VALUES (230, '差评报告', '亚马逊报表', 110, '差评报告', '0 30 17 * * ?', 'wimoor-amazon', 'reportController', 'requestReportAction', 'GET_SELLER_FEEDBACK_DATA', 'http://wimoor-amazon/amazon/api/v1/report/requestReport/GET_SELLER_FEEDBACK_DATA', b'0', '2022-06-09 14:35:47');
REPLACE INTO `t_sys_query_field` (`fquery`, `ffield`, `title`, `titleTooltip`, `width`, `findex`, `formatter`, `footerFormatter`, `sortable`, `valign`, `align`, `createdate`) VALUES ('advadgroups', 'ACOS', 'Acos', NULL, '100', 14, 'fomatFloatFormatter', NULL, b'1', NULL, NULL, '2019-01-18 17:15:35');
REPLACE INTO `t_sys_query_field` (`fquery`, `ffield`, `title`, `titleTooltip`, `width`, `findex`, `formatter`, `footerFormatter`, `sortable`, `valign`, `align`, `createdate`) VALUES ('advadgroups', 'CSRT', '转化率', NULL, '100', 16, 'fomatFloatFormatter', NULL, b'1', NULL, NULL, '2019-01-18 17:15:37');
REPLACE INTO `t_sys_query_field` (`fquery`, `ffield`, `title`, `titleTooltip`, `width`, `findex`, `formatter`, `footerFormatter`, `sortable`, `valign`, `align`, `createdate`) VALUES ('advadgroups', 'CTR', '点击率', NULL, '100', 8, 'fomatFloatFormatter', NULL, b'1', NULL, NULL, '2019-01-24 09:32:29');
REPLACE INTO `t_sys_query_field` (`fquery`, `ffield`, `title`, `titleTooltip`, `width`, `findex`, `formatter`, `footerFormatter`, `sortable`, `valign`, `align`, `createdate`) VALUES ('advadgroups', 'ROAS', 'RoAs', NULL, '100', 15, 'floatFormatter', NULL, b'1', NULL, NULL, '2019-01-18 17:15:35');
REPLACE INTO `t_sys_query_field` (`fquery`, `ffield`, `title`, `titleTooltip`, `width`, `findex`, `formatter`, `footerFormatter`, `sortable`, `valign`, `align`, `createdate`) VALUES ('advadgroups', 'attributedConversions', '广告转化量--其它商品', NULL, '180', 20, NULL, NULL, NULL, NULL, NULL, '2019-01-24 10:37:14');
REPLACE INTO `t_sys_query_field` (`fquery`, `ffield`, `title`, `titleTooltip`, `width`, `findex`, `formatter`, `footerFormatter`, `sortable`, `valign`, `align`, `createdate`) VALUES ('advadgroups', 'attributedConversionsSameSKU', '广告转化量--目标商品', NULL, '180', 19, NULL, NULL, NULL, NULL, NULL, '2019-01-24 10:37:14');
REPLACE INTO `t_sys_query_field` (`fquery`, `ffield`, `title`, `titleTooltip`, `width`, `findex`, `formatter`, `footerFormatter`, `sortable`, `valign`, `align`, `createdate`) VALUES ('advadgroups', 'attributedSales', '广告贡献销售额-其它商品', NULL, '180', 18, NULL, NULL, NULL, NULL, NULL, '2019-01-24 10:37:14');
REPLACE INTO `t_sys_query_field` (`fquery`, `ffield`, `title`, `titleTooltip`, `width`, `findex`, `formatter`, `footerFormatter`, `sortable`, `valign`, `align`, `createdate`) VALUES ('advadgroups', 'attributedSalesSameSKU', '广告贡献销售额-目标商品', NULL, '180', 17, NULL, NULL, NULL, NULL, NULL, '2019-01-24 10:37:14');
REPLACE INTO `t_sys_query_field` (`fquery`, `ffield`, `title`, `titleTooltip`, `width`, `findex`, `formatter`, `footerFormatter`, `sortable`, `valign`, `align`, `createdate`) VALUES ('advadgroups', 'attributedUnitsOrdered', '销售订单', NULL, '120', 13, NULL, NULL, b'1', NULL, NULL, NULL);
REPLACE INTO `t_sys_query_field` (`fquery`, `ffield`, `title`, `titleTooltip`, `width`, `findex`, `formatter`, `footerFormatter`, `sortable`, `valign`, `align`, `createdate`) VALUES ('advadgroups', 'avgcost', '每次点击费用', NULL, '120', 9, 'FloatFormatter', NULL, NULL, NULL, NULL, '2019-01-24 09:32:29');
REPLACE INTO `t_sys_query_field` (`fquery`, `ffield`, `title`, `titleTooltip`, `width`, `findex`, `formatter`, `footerFormatter`, `sortable`, `valign`, `align`, `createdate`) VALUES ('advadgroups', 'campaignName', '广告活动', NULL, '200', 1, 'subCampaignsFormatter', NULL, NULL, NULL, NULL, '2019-01-24 10:37:14');
REPLACE INTO `t_sys_query_field` (`fquery`, `ffield`, `title`, `titleTooltip`, `width`, `findex`, `formatter`, `footerFormatter`, `sortable`, `valign`, `align`, `createdate`) VALUES ('advadgroups', 'clicks', '点击次数', NULL, '100', 7, NULL, NULL, b'1', NULL, NULL, '2019-01-24 09:32:29');
REPLACE INTO `t_sys_query_field` (`fquery`, `ffield`, `title`, `titleTooltip`, `width`, `findex`, `formatter`, `footerFormatter`, `sortable`, `valign`, `align`, `createdate`) VALUES ('advadgroups', 'cost', '花费', NULL, '120', 10, NULL, NULL, b'1', NULL, NULL, '2019-01-24 09:32:29');
REPLACE INTO `t_sys_query_field` (`fquery`, `ffield`, `title`, `titleTooltip`, `width`, `findex`, `formatter`, `footerFormatter`, `sortable`, `valign`, `align`, `createdate`) VALUES ('advadgroups', 'defaultBid', '默认竞价', NULL, '100', 4, 'adgroupsbidFormatter', NULL, NULL, NULL, NULL, NULL);
REPLACE INTO `t_sys_query_field` (`fquery`, `ffield`, `title`, `titleTooltip`, `width`, `findex`, `formatter`, `footerFormatter`, `sortable`, `valign`, `align`, `createdate`) VALUES ('advadgroups', 'impressions', '曝光量', NULL, '100', 6, NULL, NULL, b'1', NULL, NULL, '2019-01-24 09:32:29');
REPLACE INTO `t_sys_query_field` (`fquery`, `ffield`, `title`, `titleTooltip`, `width`, `findex`, `formatter`, `footerFormatter`, `sortable`, `valign`, `align`, `createdate`) VALUES ('advadgroups', 'remark', '备注', NULL, '180', 21, 'remarkFormatter', NULL, NULL, NULL, NULL, NULL);
REPLACE INTO `t_sys_query_field` (`fquery`, `ffield`, `title`, `titleTooltip`, `width`, `findex`, `formatter`, `footerFormatter`, `sortable`, `valign`, `align`, `createdate`) VALUES ('advadgroups', 'rulename', '分时策略', NULL, '180', 2, NULL, NULL, NULL, NULL, NULL, NULL);
REPLACE INTO `t_sys_query_field` (`fquery`, `ffield`, `title`, `titleTooltip`, `width`, `findex`, `formatter`, `footerFormatter`, `sortable`, `valign`, `align`, `createdate`) VALUES ('advadgroups', 'suggestBid', '建议竞价', NULL, '100', 3, 'adgroupsuggestFormatter', NULL, NULL, NULL, NULL, '2019-01-24 10:37:14');
REPLACE INTO `t_sys_query_field` (`fquery`, `ffield`, `title`, `titleTooltip`, `width`, `findex`, `formatter`, `footerFormatter`, `sortable`, `valign`, `align`, `createdate`) VALUES ('advadgroups', 'sumSales', '广告贡献的销售额', NULL, '180', 11, NULL, NULL, NULL, NULL, NULL, '2019-01-24 09:32:29');
REPLACE INTO `t_sys_query_field` (`fquery`, `ffield`, `title`, `titleTooltip`, `width`, `findex`, `formatter`, `footerFormatter`, `sortable`, `valign`, `align`, `createdate`) VALUES ('advadgroups', 'sumUnits', '销售数量', NULL, '120', 12, NULL, NULL, b'1', NULL, NULL, '2019-01-24 09:32:29');
REPLACE INTO `t_sys_query_field` (`fquery`, `ffield`, `title`, `titleTooltip`, `width`, `findex`, `formatter`, `footerFormatter`, `sortable`, `valign`, `align`, `createdate`) VALUES ('advadproduct', 'ACOS', 'Acos', NULL, '100', 12, 'fomatFloatFormatter', NULL, b'1', NULL, NULL, '2019-01-25 11:01:15');
REPLACE INTO `t_sys_query_field` (`fquery`, `ffield`, `title`, `titleTooltip`, `width`, `findex`, `formatter`, `footerFormatter`, `sortable`, `valign`, `align`, `createdate`) VALUES ('advadproduct', 'CSRT', '转化率', NULL, '100', 14, 'fomatFloatFormatter', NULL, b'1', NULL, NULL, '2019-01-25 11:01:15');
REPLACE INTO `t_sys_query_field` (`fquery`, `ffield`, `title`, `titleTooltip`, `width`, `findex`, `formatter`, `footerFormatter`, `sortable`, `valign`, `align`, `createdate`) VALUES ('advadproduct', 'CTR', '点击率', NULL, '100', 6, 'fomatFloatFormatter', NULL, b'1', NULL, NULL, '2019-01-25 11:01:15');
REPLACE INTO `t_sys_query_field` (`fquery`, `ffield`, `title`, `titleTooltip`, `width`, `findex`, `formatter`, `footerFormatter`, `sortable`, `valign`, `align`, `createdate`) VALUES ('advadproduct', 'ROAS', 'RoAs', NULL, '100', 13, 'floatFormatter', NULL, NULL, NULL, NULL, '2019-01-25 11:01:15');
REPLACE INTO `t_sys_query_field` (`fquery`, `ffield`, `title`, `titleTooltip`, `width`, `findex`, `formatter`, `footerFormatter`, `sortable`, `valign`, `align`, `createdate`) VALUES ('advadproduct', 'adGroupName', '广告组', NULL, '200', 2, 'subAdgroupFormatter', NULL, NULL, NULL, NULL, NULL);
REPLACE INTO `t_sys_query_field` (`fquery`, `ffield`, `title`, `titleTooltip`, `width`, `findex`, `formatter`, `footerFormatter`, `sortable`, `valign`, `align`, `createdate`) VALUES ('advadproduct', 'attributedConversions', '广告转化量--其它商品', NULL, '180', 18, NULL, NULL, NULL, NULL, NULL, '2019-01-18 17:15:42');
REPLACE INTO `t_sys_query_field` (`fquery`, `ffield`, `title`, `titleTooltip`, `width`, `findex`, `formatter`, `footerFormatter`, `sortable`, `valign`, `align`, `createdate`) VALUES ('advadproduct', 'attributedConversionsSameSKU', '广告转化量--目标商品', NULL, '180', 17, NULL, NULL, NULL, NULL, NULL, '2019-01-18 17:15:42');
REPLACE INTO `t_sys_query_field` (`fquery`, `ffield`, `title`, `titleTooltip`, `width`, `findex`, `formatter`, `footerFormatter`, `sortable`, `valign`, `align`, `createdate`) VALUES ('advadproduct', 'attributedSales', '广告贡献销售额-其它商品', NULL, '180', 16, NULL, NULL, NULL, NULL, NULL, '2019-01-18 17:15:42');
REPLACE INTO `t_sys_query_field` (`fquery`, `ffield`, `title`, `titleTooltip`, `width`, `findex`, `formatter`, `footerFormatter`, `sortable`, `valign`, `align`, `createdate`) VALUES ('advadproduct', 'attributedSalesSameSKU', '广告贡献销售额-目标商品', NULL, '180', 15, NULL, NULL, NULL, NULL, NULL, '2019-01-18 17:15:42');
REPLACE INTO `t_sys_query_field` (`fquery`, `ffield`, `title`, `titleTooltip`, `width`, `findex`, `formatter`, `footerFormatter`, `sortable`, `valign`, `align`, `createdate`) VALUES ('advadproduct', 'attributedUnitsOrdered', '销售订单', NULL, '100', 11, NULL, NULL, b'1', NULL, NULL, '2019-01-18 17:15:39');
REPLACE INTO `t_sys_query_field` (`fquery`, `ffield`, `title`, `titleTooltip`, `width`, `findex`, `formatter`, `footerFormatter`, `sortable`, `valign`, `align`, `createdate`) VALUES ('advadproduct', 'avgcost', '每次点击费用', NULL, '100', 7, 'FloatFormatter', NULL, NULL, NULL, NULL, '2019-01-25 11:01:15');
REPLACE INTO `t_sys_query_field` (`fquery`, `ffield`, `title`, `titleTooltip`, `width`, `findex`, `formatter`, `footerFormatter`, `sortable`, `valign`, `align`, `createdate`) VALUES ('advadproduct', 'campaignName', '广告活动', NULL, '200', 1, 'subCampaignsFormatter', NULL, NULL, NULL, NULL, NULL);
REPLACE INTO `t_sys_query_field` (`fquery`, `ffield`, `title`, `titleTooltip`, `width`, `findex`, `formatter`, `footerFormatter`, `sortable`, `valign`, `align`, `createdate`) VALUES ('advadproduct', 'clicks', '点击次数', NULL, '100', 5, NULL, NULL, b'1', NULL, NULL, '2019-01-25 11:01:15');
REPLACE INTO `t_sys_query_field` (`fquery`, `ffield`, `title`, `titleTooltip`, `width`, `findex`, `formatter`, `footerFormatter`, `sortable`, `valign`, `align`, `createdate`) VALUES ('advadproduct', 'cost', '花费', NULL, '100', 8, NULL, NULL, b'1', NULL, NULL, '2019-01-25 11:01:15');
REPLACE INTO `t_sys_query_field` (`fquery`, `ffield`, `title`, `titleTooltip`, `width`, `findex`, `formatter`, `footerFormatter`, `sortable`, `valign`, `align`, `createdate`) VALUES ('advadproduct', 'impressions', '曝光量', NULL, '100', 4, NULL, NULL, b'1', NULL, NULL, '2019-01-25 11:01:15');
REPLACE INTO `t_sys_query_field` (`fquery`, `ffield`, `title`, `titleTooltip`, `width`, `findex`, `formatter`, `footerFormatter`, `sortable`, `valign`, `align`, `createdate`) VALUES ('advadproduct', 'remark', '备注', NULL, '120', 19, 'remarkFormatter', NULL, NULL, NULL, NULL, NULL);
REPLACE INTO `t_sys_query_field` (`fquery`, `ffield`, `title`, `titleTooltip`, `width`, `findex`, `formatter`, `footerFormatter`, `sortable`, `valign`, `align`, `createdate`) VALUES ('advadproduct', 'sumSales', '广告贡献的销售额', NULL, '150', 9, NULL, NULL, NULL, NULL, NULL, '2019-01-25 11:01:15');
REPLACE INTO `t_sys_query_field` (`fquery`, `ffield`, `title`, `titleTooltip`, `width`, `findex`, `formatter`, `footerFormatter`, `sortable`, `valign`, `align`, `createdate`) VALUES ('advadproduct', 'sumUnits', '销售数量', NULL, '100', 10, NULL, NULL, b'1', NULL, NULL, '2019-01-25 11:01:15');
REPLACE INTO `t_sys_query_field` (`fquery`, `ffield`, `title`, `titleTooltip`, `width`, `findex`, `formatter`, `footerFormatter`, `sortable`, `valign`, `align`, `createdate`) VALUES ('advcampaigns', 'ACOS', 'Acos', NULL, '100', 17, 'fomatFloatFormatter', 'ACOS', b'1', NULL, NULL, '2019-01-18 17:15:35');
REPLACE INTO `t_sys_query_field` (`fquery`, `ffield`, `title`, `titleTooltip`, `width`, `findex`, `formatter`, `footerFormatter`, `sortable`, `valign`, `align`, `createdate`) VALUES ('advcampaigns', 'CSRT', '转化率', NULL, '100', 19, 'fomatFloatFormatter', 'CSRT', b'1', NULL, NULL, '2019-01-18 17:15:37');
REPLACE INTO `t_sys_query_field` (`fquery`, `ffield`, `title`, `titleTooltip`, `width`, `findex`, `formatter`, `footerFormatter`, `sortable`, `valign`, `align`, `createdate`) VALUES ('advcampaigns', 'CTR', '点击率', NULL, '100', 11, 'fomatFloatFormatter', 'CTR', b'1', NULL, NULL, '2019-01-18 17:15:37');
REPLACE INTO `t_sys_query_field` (`fquery`, `ffield`, `title`, `titleTooltip`, `width`, `findex`, `formatter`, `footerFormatter`, `sortable`, `valign`, `align`, `createdate`) VALUES ('advcampaigns', 'ROAS', 'RoAs', NULL, '100', 18, 'floatFormatter', 'ROAS', NULL, NULL, NULL, '2019-01-18 17:15:37');
REPLACE INTO `t_sys_query_field` (`fquery`, `ffield`, `title`, `titleTooltip`, `width`, `findex`, `formatter`, `footerFormatter`, `sortable`, `valign`, `align`, `createdate`) VALUES ('advcampaigns', 'attributedConversions', '广告转化量--其它商品', NULL, '180', 23, NULL, 'attributedConversions', NULL, NULL, NULL, '2019-01-18 17:15:42');
REPLACE INTO `t_sys_query_field` (`fquery`, `ffield`, `title`, `titleTooltip`, `width`, `findex`, `formatter`, `footerFormatter`, `sortable`, `valign`, `align`, `createdate`) VALUES ('advcampaigns', 'attributedConversionsSameSKU', '广告转化量--目标商品', NULL, '180', 22, NULL, 'attributedConversionsSameSKU', NULL, NULL, NULL, '2019-01-18 17:15:42');
REPLACE INTO `t_sys_query_field` (`fquery`, `ffield`, `title`, `titleTooltip`, `width`, `findex`, `formatter`, `footerFormatter`, `sortable`, `valign`, `align`, `createdate`) VALUES ('advcampaigns', 'attributedSales', '广告贡献销售额-其它商品', NULL, '180', 21, NULL, 'attributedSales', NULL, NULL, NULL, '2019-01-18 17:15:42');
REPLACE INTO `t_sys_query_field` (`fquery`, `ffield`, `title`, `titleTooltip`, `width`, `findex`, `formatter`, `footerFormatter`, `sortable`, `valign`, `align`, `createdate`) VALUES ('advcampaigns', 'attributedSalesSameSKU', '广告贡献销售额-目标商品', NULL, '180', 20, NULL, 'attributedSalesSameSKU', NULL, NULL, NULL, '2019-01-18 17:15:42');
REPLACE INTO `t_sys_query_field` (`fquery`, `ffield`, `title`, `titleTooltip`, `width`, `findex`, `formatter`, `footerFormatter`, `sortable`, `valign`, `align`, `createdate`) VALUES ('advcampaigns', 'attributedUnitsOrdered', '销售订单', NULL, '100', 16, NULL, 'attributedUnitsOrdered', b'1', NULL, NULL, '2019-01-18 17:15:39');
REPLACE INTO `t_sys_query_field` (`fquery`, `ffield`, `title`, `titleTooltip`, `width`, `findex`, `formatter`, `footerFormatter`, `sortable`, `valign`, `align`, `createdate`) VALUES ('advcampaigns', 'avgcost', '每次点击费用', NULL, '120', 12, 'FloatFormatter', 'avgcost', NULL, NULL, NULL, '2019-01-18 17:15:40');
REPLACE INTO `t_sys_query_field` (`fquery`, `ffield`, `title`, `titleTooltip`, `width`, `findex`, `formatter`, `footerFormatter`, `sortable`, `valign`, `align`, `createdate`) VALUES ('advcampaigns', 'bidding', '动态竞价', NULL, '170', 8, 'bidplusFormatter', NULL, NULL, NULL, NULL, NULL);
REPLACE INTO `t_sys_query_field` (`fquery`, `ffield`, `title`, `titleTooltip`, `width`, `findex`, `formatter`, `footerFormatter`, `sortable`, `valign`, `align`, `createdate`) VALUES ('advcampaigns', 'budget', '预算', NULL, '100', 7, 'budgetFormatter', NULL, NULL, NULL, NULL, NULL);
REPLACE INTO `t_sys_query_field` (`fquery`, `ffield`, `title`, `titleTooltip`, `width`, `findex`, `formatter`, `footerFormatter`, `sortable`, `valign`, `align`, `createdate`) VALUES ('advcampaigns', 'clicks', '点击次数', NULL, '100', 10, NULL, 'clicks', b'1', NULL, NULL, '2019-01-18 17:15:35');
REPLACE INTO `t_sys_query_field` (`fquery`, `ffield`, `title`, `titleTooltip`, `width`, `findex`, `formatter`, `footerFormatter`, `sortable`, `valign`, `align`, `createdate`) VALUES ('advcampaigns', 'cost', '花费', NULL, '100', 13, NULL, 'cost', b'1', NULL, NULL, '2019-01-18 17:15:43');
REPLACE INTO `t_sys_query_field` (`fquery`, `ffield`, `title`, `titleTooltip`, `width`, `findex`, `formatter`, `footerFormatter`, `sortable`, `valign`, `align`, `createdate`) VALUES ('advcampaigns', 'endDate', '结束日期', NULL, '120', 6, 'enddatesFormatter', NULL, b'1', NULL, NULL, '2019-01-18 17:15:33');
REPLACE INTO `t_sys_query_field` (`fquery`, `ffield`, `title`, `titleTooltip`, `width`, `findex`, `formatter`, `footerFormatter`, `sortable`, `valign`, `align`, `createdate`) VALUES ('advcampaigns', 'impressions', '曝光量', NULL, '100', 9, NULL, 'impressions', b'1', NULL, NULL, '2019-01-18 17:15:33');
REPLACE INTO `t_sys_query_field` (`fquery`, `ffield`, `title`, `titleTooltip`, `width`, `findex`, `formatter`, `footerFormatter`, `sortable`, `valign`, `align`, `createdate`) VALUES ('advcampaigns', 'portfolioid', '投资组合', NULL, '120', 2, 'portfolioidFormatter', NULL, NULL, NULL, NULL, '2019-01-18 17:15:33');
REPLACE INTO `t_sys_query_field` (`fquery`, `ffield`, `title`, `titleTooltip`, `width`, `findex`, `formatter`, `footerFormatter`, `sortable`, `valign`, `align`, `createdate`) VALUES ('advcampaigns', 'remark', '备注', NULL, '240', 24, 'remarkFormatter', '', NULL, NULL, NULL, NULL);
REPLACE INTO `t_sys_query_field` (`fquery`, `ffield`, `title`, `titleTooltip`, `width`, `findex`, `formatter`, `footerFormatter`, `sortable`, `valign`, `align`, `createdate`) VALUES ('advcampaigns', 'rulename', '分时策略', NULL, '100', 3, NULL, NULL, NULL, NULL, NULL, '2019-01-18 17:15:33');
REPLACE INTO `t_sys_query_field` (`fquery`, `ffield`, `title`, `titleTooltip`, `width`, `findex`, `formatter`, `footerFormatter`, `sortable`, `valign`, `align`, `createdate`) VALUES ('advcampaigns', 'startDate', '开始日期', NULL, '120', 5, 'startDateFormatter', NULL, b'1', NULL, NULL, '2019-01-18 17:15:33');
REPLACE INTO `t_sys_query_field` (`fquery`, `ffield`, `title`, `titleTooltip`, `width`, `findex`, `formatter`, `footerFormatter`, `sortable`, `valign`, `align`, `createdate`) VALUES ('advcampaigns', 'sumSales', '广告贡献的销售额', NULL, '150', 14, NULL, 'sumSales', NULL, NULL, NULL, '2019-01-18 17:15:42');
REPLACE INTO `t_sys_query_field` (`fquery`, `ffield`, `title`, `titleTooltip`, `width`, `findex`, `formatter`, `footerFormatter`, `sortable`, `valign`, `align`, `createdate`) VALUES ('advcampaigns', 'sumUnits', '销售数量', NULL, '100', 15, NULL, 'sumUnits', b'1', NULL, NULL, '2019-01-18 17:15:38');
REPLACE INTO `t_sys_query_field` (`fquery`, `ffield`, `title`, `titleTooltip`, `width`, `findex`, `formatter`, `footerFormatter`, `sortable`, `valign`, `align`, `createdate`) VALUES ('advcampaigns', 'targetingType', '投放', NULL, '100', 4, 'camsautoFormatter', NULL, NULL, NULL, NULL, '2019-01-18 17:15:33');
REPLACE INTO `t_sys_query_field` (`fquery`, `ffield`, `title`, `titleTooltip`, `width`, `findex`, `formatter`, `footerFormatter`, `sortable`, `valign`, `align`, `createdate`) VALUES ('advkeywords', 'ACOS', 'Acos', NULL, '100', 15, 'fomatFloatFormatter', NULL, b'1', NULL, NULL, '2019-01-25 11:01:15');
REPLACE INTO `t_sys_query_field` (`fquery`, `ffield`, `title`, `titleTooltip`, `width`, `findex`, `formatter`, `footerFormatter`, `sortable`, `valign`, `align`, `createdate`) VALUES ('advkeywords', 'CSRT', '转化率', NULL, '100', 17, 'fomatFloatFormatter', NULL, b'1', NULL, NULL, '2019-01-25 11:01:15');
REPLACE INTO `t_sys_query_field` (`fquery`, `ffield`, `title`, `titleTooltip`, `width`, `findex`, `formatter`, `footerFormatter`, `sortable`, `valign`, `align`, `createdate`) VALUES ('advkeywords', 'CTR', '点击率', NULL, '100', 9, 'fomatFloatFormatter', NULL, b'1', NULL, NULL, '2019-01-25 11:01:15');
REPLACE INTO `t_sys_query_field` (`fquery`, `ffield`, `title`, `titleTooltip`, `width`, `findex`, `formatter`, `footerFormatter`, `sortable`, `valign`, `align`, `createdate`) VALUES ('advkeywords', 'ROAS', 'RoAs', NULL, '100', 16, 'floatFormatter', NULL, NULL, NULL, NULL, '2019-01-25 11:01:15');
REPLACE INTO `t_sys_query_field` (`fquery`, `ffield`, `title`, `titleTooltip`, `width`, `findex`, `formatter`, `footerFormatter`, `sortable`, `valign`, `align`, `createdate`) VALUES ('advkeywords', 'adGroupName', '广告组', NULL, '200', 2, 'subAdgroupFormatter', NULL, NULL, NULL, NULL, '2019-01-25 11:01:15');
REPLACE INTO `t_sys_query_field` (`fquery`, `ffield`, `title`, `titleTooltip`, `width`, `findex`, `formatter`, `footerFormatter`, `sortable`, `valign`, `align`, `createdate`) VALUES ('advkeywords', 'attributedConversions', '广告转化量--其它商品', NULL, '180', 21, NULL, NULL, NULL, NULL, NULL, '2019-01-18 17:15:42');
REPLACE INTO `t_sys_query_field` (`fquery`, `ffield`, `title`, `titleTooltip`, `width`, `findex`, `formatter`, `footerFormatter`, `sortable`, `valign`, `align`, `createdate`) VALUES ('advkeywords', 'attributedConversionsSameSKU', '广告转化量--目标商品', NULL, '180', 20, NULL, NULL, NULL, NULL, NULL, '2019-01-18 17:15:42');
REPLACE INTO `t_sys_query_field` (`fquery`, `ffield`, `title`, `titleTooltip`, `width`, `findex`, `formatter`, `footerFormatter`, `sortable`, `valign`, `align`, `createdate`) VALUES ('advkeywords', 'attributedSales', '广告贡献销售额-其它商品', NULL, '180', 19, NULL, NULL, NULL, NULL, NULL, '2019-01-18 17:15:42');
REPLACE INTO `t_sys_query_field` (`fquery`, `ffield`, `title`, `titleTooltip`, `width`, `findex`, `formatter`, `footerFormatter`, `sortable`, `valign`, `align`, `createdate`) VALUES ('advkeywords', 'attributedSalesSameSKU', '广告贡献销售额-目标商品', NULL, '180', 18, NULL, NULL, NULL, NULL, NULL, '2019-01-18 17:15:42');
REPLACE INTO `t_sys_query_field` (`fquery`, `ffield`, `title`, `titleTooltip`, `width`, `findex`, `formatter`, `footerFormatter`, `sortable`, `valign`, `align`, `createdate`) VALUES ('advkeywords', 'attributedUnitsOrdered', '销售订单', NULL, '100', 14, NULL, NULL, b'1', NULL, NULL, '2019-01-18 17:15:39');
REPLACE INTO `t_sys_query_field` (`fquery`, `ffield`, `title`, `titleTooltip`, `width`, `findex`, `formatter`, `footerFormatter`, `sortable`, `valign`, `align`, `createdate`) VALUES ('advkeywords', 'avgcost', '每次点击费用', NULL, '100', 10, 'FloatFormatter', NULL, NULL, NULL, NULL, '2019-01-25 11:01:15');
REPLACE INTO `t_sys_query_field` (`fquery`, `ffield`, `title`, `titleTooltip`, `width`, `findex`, `formatter`, `footerFormatter`, `sortable`, `valign`, `align`, `createdate`) VALUES ('advkeywords', 'bid', '关键词竞价', NULL, '100', 5, 'keybidFormatter', NULL, NULL, NULL, NULL, '2019-01-25 11:01:15');
REPLACE INTO `t_sys_query_field` (`fquery`, `ffield`, `title`, `titleTooltip`, `width`, `findex`, `formatter`, `footerFormatter`, `sortable`, `valign`, `align`, `createdate`) VALUES ('advkeywords', 'campaignName', '广告活动', NULL, '200', 1, 'subCampaignsFormatter', NULL, NULL, NULL, NULL, '2019-01-25 11:01:15');
REPLACE INTO `t_sys_query_field` (`fquery`, `ffield`, `title`, `titleTooltip`, `width`, `findex`, `formatter`, `footerFormatter`, `sortable`, `valign`, `align`, `createdate`) VALUES ('advkeywords', 'clicks', '点击次数', NULL, '100', 8, NULL, NULL, b'1', NULL, NULL, '2019-01-25 11:01:15');
REPLACE INTO `t_sys_query_field` (`fquery`, `ffield`, `title`, `titleTooltip`, `width`, `findex`, `formatter`, `footerFormatter`, `sortable`, `valign`, `align`, `createdate`) VALUES ('advkeywords', 'cost', '花费', NULL, '100', 11, NULL, NULL, b'1', NULL, NULL, '2019-01-25 11:01:15');
REPLACE INTO `t_sys_query_field` (`fquery`, `ffield`, `title`, `titleTooltip`, `width`, `findex`, `formatter`, `footerFormatter`, `sortable`, `valign`, `align`, `createdate`) VALUES ('advkeywords', 'impressions', '曝光量', NULL, '100', 7, NULL, NULL, b'1', NULL, NULL, '2019-01-25 11:01:15');
REPLACE INTO `t_sys_query_field` (`fquery`, `ffield`, `title`, `titleTooltip`, `width`, `findex`, `formatter`, `footerFormatter`, `sortable`, `valign`, `align`, `createdate`) VALUES ('advkeywords', 'matchType', '匹配类型', NULL, '100', 3, 'keymatchFormatter', NULL, NULL, NULL, NULL, '2019-01-25 11:01:15');
REPLACE INTO `t_sys_query_field` (`fquery`, `ffield`, `title`, `titleTooltip`, `width`, `findex`, `formatter`, `footerFormatter`, `sortable`, `valign`, `align`, `createdate`) VALUES ('advkeywords', 'remark', '备注', NULL, '120', 22, 'remarkFormatter', NULL, NULL, NULL, NULL, '2019-01-25 11:01:15');
REPLACE INTO `t_sys_query_field` (`fquery`, `ffield`, `title`, `titleTooltip`, `width`, `findex`, `formatter`, `footerFormatter`, `sortable`, `valign`, `align`, `createdate`) VALUES ('advkeywords', 'sumSales', '广告贡献的销售额', NULL, '150', 12, NULL, NULL, NULL, NULL, NULL, '2019-01-25 11:01:15');
REPLACE INTO `t_sys_query_field` (`fquery`, `ffield`, `title`, `titleTooltip`, `width`, `findex`, `formatter`, `footerFormatter`, `sortable`, `valign`, `align`, `createdate`) VALUES ('advkeywords', 'sumUnits', '销售数量', NULL, '100', 13, NULL, NULL, b'1', NULL, NULL, '2019-01-25 11:01:15');
REPLACE INTO `t_sys_query_field` (`fquery`, `ffield`, `title`, `titleTooltip`, `width`, `findex`, `formatter`, `footerFormatter`, `sortable`, `valign`, `align`, `createdate`) VALUES ('advkeywords1', 'suggestBid', '建议竞价', NULL, '120', 4, 'keysuggestFormatter', NULL, NULL, NULL, NULL, '2019-01-25 11:01:15');
REPLACE INTO `t_sys_query_field` (`fquery`, `ffield`, `title`, `titleTooltip`, `width`, `findex`, `formatter`, `footerFormatter`, `sortable`, `valign`, `align`, `createdate`) VALUES ('advsearchtargets', 'ACOS', 'Acos', NULL, '100', 15, 'fomatFloatFormatter', NULL, b'1', NULL, NULL, '2019-01-18 17:15:35');
REPLACE INTO `t_sys_query_field` (`fquery`, `ffield`, `title`, `titleTooltip`, `width`, `findex`, `formatter`, `footerFormatter`, `sortable`, `valign`, `align`, `createdate`) VALUES ('advsearchtargets', 'CSRT', '转化率', NULL, '100', 17, 'fomatFloatFormatter', NULL, b'1', NULL, NULL, '2019-01-18 17:15:37');
REPLACE INTO `t_sys_query_field` (`fquery`, `ffield`, `title`, `titleTooltip`, `width`, `findex`, `formatter`, `footerFormatter`, `sortable`, `valign`, `align`, `createdate`) VALUES ('advsearchtargets', 'CTR', '点击率', NULL, '100', 9, 'fomatFloatFormatter', NULL, b'1', NULL, NULL, '2019-01-24 09:32:29');
REPLACE INTO `t_sys_query_field` (`fquery`, `ffield`, `title`, `titleTooltip`, `width`, `findex`, `formatter`, `footerFormatter`, `sortable`, `valign`, `align`, `createdate`) VALUES ('advsearchtargets', 'ROAS', 'RoAs', NULL, '100', 16, 'floatFormatter', NULL, b'1', NULL, NULL, '2019-01-18 17:15:35');
REPLACE INTO `t_sys_query_field` (`fquery`, `ffield`, `title`, `titleTooltip`, `width`, `findex`, `formatter`, `footerFormatter`, `sortable`, `valign`, `align`, `createdate`) VALUES ('advsearchtargets', 'adGroupName', '广告组', NULL, '200', 1, 'stTargetadGroupFormatter', NULL, NULL, NULL, NULL, '2019-02-23 10:20:15');
REPLACE INTO `t_sys_query_field` (`fquery`, `ffield`, `title`, `titleTooltip`, `width`, `findex`, `formatter`, `footerFormatter`, `sortable`, `valign`, `align`, `createdate`) VALUES ('advsearchtargets', 'attributedConversions', '广告转化量--其它商品', NULL, '180', 18, NULL, NULL, NULL, NULL, NULL, '2019-01-24 10:37:14');
REPLACE INTO `t_sys_query_field` (`fquery`, `ffield`, `title`, `titleTooltip`, `width`, `findex`, `formatter`, `footerFormatter`, `sortable`, `valign`, `align`, `createdate`) VALUES ('advsearchtargets', 'attributedConversionsSameSKU', '广告转化量--目标商品', NULL, '180', 19, NULL, NULL, NULL, NULL, NULL, '2019-01-24 10:37:14');
REPLACE INTO `t_sys_query_field` (`fquery`, `ffield`, `title`, `titleTooltip`, `width`, `findex`, `formatter`, `footerFormatter`, `sortable`, `valign`, `align`, `createdate`) VALUES ('advsearchtargets', 'attributedSales', '广告贡献销售额-其它商品', NULL, '180', 20, NULL, NULL, NULL, NULL, NULL, '2019-01-24 10:37:14');
REPLACE INTO `t_sys_query_field` (`fquery`, `ffield`, `title`, `titleTooltip`, `width`, `findex`, `formatter`, `footerFormatter`, `sortable`, `valign`, `align`, `createdate`) VALUES ('advsearchtargets', 'attributedSalesSameSKU', '广告贡献销售额-目标商品', NULL, '180', 21, NULL, NULL, NULL, NULL, NULL, '2019-01-24 10:37:14');
REPLACE INTO `t_sys_query_field` (`fquery`, `ffield`, `title`, `titleTooltip`, `width`, `findex`, `formatter`, `footerFormatter`, `sortable`, `valign`, `align`, `createdate`) VALUES ('advsearchtargets', 'attributedUnitsOrdered', '销售订单', '10', '100', 14, NULL, NULL, b'1', NULL, NULL, '2019-02-23 10:20:16');
REPLACE INTO `t_sys_query_field` (`fquery`, `ffield`, `title`, `titleTooltip`, `width`, `findex`, `formatter`, `footerFormatter`, `sortable`, `valign`, `align`, `createdate`) VALUES ('advsearchtargets', 'avgcost', '每次点击费用', NULL, '100', 10, 'FloatFormatter', NULL, NULL, NULL, NULL, '2019-01-24 09:32:29');
REPLACE INTO `t_sys_query_field` (`fquery`, `ffield`, `title`, `titleTooltip`, `width`, `findex`, `formatter`, `footerFormatter`, `sortable`, `valign`, `align`, `createdate`) VALUES ('advsearchtargets', 'campaignName', '广告活动', NULL, '200', 0, 'stTargetadGroupFormatter', NULL, NULL, NULL, NULL, '2019-02-23 10:20:15');
REPLACE INTO `t_sys_query_field` (`fquery`, `ffield`, `title`, `titleTooltip`, `width`, `findex`, `formatter`, `footerFormatter`, `sortable`, `valign`, `align`, `createdate`) VALUES ('advsearchtargets', 'clicks', '点击次数', NULL, '100', 8, NULL, NULL, b'1', NULL, NULL, '2019-01-24 09:32:29');
REPLACE INTO `t_sys_query_field` (`fquery`, `ffield`, `title`, `titleTooltip`, `width`, `findex`, `formatter`, `footerFormatter`, `sortable`, `valign`, `align`, `createdate`) VALUES ('advsearchtargets', 'cost', '花费', NULL, '100', 11, NULL, NULL, b'1', NULL, NULL, '2019-01-24 09:32:29');
REPLACE INTO `t_sys_query_field` (`fquery`, `ffield`, `title`, `titleTooltip`, `width`, `findex`, `formatter`, `footerFormatter`, `sortable`, `valign`, `align`, `createdate`) VALUES ('advsearchtargets', 'groupname', '商品投放/(店铺/站点)', NULL, '200', 2, 'stTargetsFormatter', NULL, NULL, NULL, NULL, '2019-02-23 10:20:13');
REPLACE INTO `t_sys_query_field` (`fquery`, `ffield`, `title`, `titleTooltip`, `width`, `findex`, `formatter`, `footerFormatter`, `sortable`, `valign`, `align`, `createdate`) VALUES ('advsearchtargets', 'impressions', '曝光量', NULL, '100', 7, NULL, NULL, b'1', NULL, NULL, '2019-01-24 09:32:29');
REPLACE INTO `t_sys_query_field` (`fquery`, `ffield`, `title`, `titleTooltip`, `width`, `findex`, `formatter`, `footerFormatter`, `sortable`, `valign`, `align`, `createdate`) VALUES ('advsearchtargets', 'sumSales', '广告贡献的销售额', NULL, '120', 12, NULL, NULL, NULL, NULL, NULL, '2019-01-24 09:32:29');
REPLACE INTO `t_sys_query_field` (`fquery`, `ffield`, `title`, `titleTooltip`, `width`, `findex`, `formatter`, `footerFormatter`, `sortable`, `valign`, `align`, `createdate`) VALUES ('advsearchtargets', 'sumUnits', '销售数量', NULL, '100', 13, NULL, NULL, b'1', NULL, NULL, '2019-01-24 09:32:29');
REPLACE INTO `t_sys_query_field` (`fquery`, `ffield`, `title`, `titleTooltip`, `width`, `findex`, `formatter`, `footerFormatter`, `sortable`, `valign`, `align`, `createdate`) VALUES ('advsearchtargets', 'targetingType', '匹配类型', NULL, '190', 3, 'shTargetmatchTypeFormatter', NULL, NULL, NULL, NULL, '2019-02-23 10:20:12');
REPLACE INTO `t_sys_query_field` (`fquery`, `ffield`, `title`, `titleTooltip`, `width`, `findex`, `formatter`, `footerFormatter`, `sortable`, `valign`, `align`, `createdate`) VALUES ('advsearchterms', 'ACOS', 'Acos', NULL, '100', 15, 'fomatFloatFormatter', NULL, b'1', NULL, NULL, '2019-01-18 17:15:35');
REPLACE INTO `t_sys_query_field` (`fquery`, `ffield`, `title`, `titleTooltip`, `width`, `findex`, `formatter`, `footerFormatter`, `sortable`, `valign`, `align`, `createdate`) VALUES ('advsearchterms', 'CSRT', '转化率', NULL, '100', 17, 'fomatFloatFormatter', NULL, b'1', NULL, NULL, '2019-01-18 17:15:37');
REPLACE INTO `t_sys_query_field` (`fquery`, `ffield`, `title`, `titleTooltip`, `width`, `findex`, `formatter`, `footerFormatter`, `sortable`, `valign`, `align`, `createdate`) VALUES ('advsearchterms', 'CTR', '点击率', NULL, '100', 9, 'fomatFloatFormatter', NULL, b'1', NULL, NULL, '2019-01-24 09:32:29');
REPLACE INTO `t_sys_query_field` (`fquery`, `ffield`, `title`, `titleTooltip`, `width`, `findex`, `formatter`, `footerFormatter`, `sortable`, `valign`, `align`, `createdate`) VALUES ('advsearchterms', 'ROAS', 'RoAs', NULL, '100', 16, 'floatFormatter', NULL, b'1', NULL, NULL, '2019-01-18 17:15:35');
REPLACE INTO `t_sys_query_field` (`fquery`, `ffield`, `title`, `titleTooltip`, `width`, `findex`, `formatter`, `footerFormatter`, `sortable`, `valign`, `align`, `createdate`) VALUES ('advsearchterms', 'adGroupName', '广告组', NULL, '200', 1, 'stadGroupFormatter', NULL, NULL, NULL, NULL, '2019-02-23 10:20:15');
REPLACE INTO `t_sys_query_field` (`fquery`, `ffield`, `title`, `titleTooltip`, `width`, `findex`, `formatter`, `footerFormatter`, `sortable`, `valign`, `align`, `createdate`) VALUES ('advsearchterms', 'attributedConversions', '广告转化量--其它商品', NULL, '180', 18, NULL, NULL, NULL, NULL, NULL, '2019-01-24 10:37:14');
REPLACE INTO `t_sys_query_field` (`fquery`, `ffield`, `title`, `titleTooltip`, `width`, `findex`, `formatter`, `footerFormatter`, `sortable`, `valign`, `align`, `createdate`) VALUES ('advsearchterms', 'attributedConversionsSameSKU', '广告转化量--目标商品', NULL, '180', 19, NULL, NULL, NULL, NULL, NULL, '2019-01-24 10:37:14');
REPLACE INTO `t_sys_query_field` (`fquery`, `ffield`, `title`, `titleTooltip`, `width`, `findex`, `formatter`, `footerFormatter`, `sortable`, `valign`, `align`, `createdate`) VALUES ('advsearchterms', 'attributedSales', '广告贡献销售额-其它商品', NULL, '180', 20, NULL, NULL, NULL, NULL, NULL, '2019-01-24 10:37:14');
REPLACE INTO `t_sys_query_field` (`fquery`, `ffield`, `title`, `titleTooltip`, `width`, `findex`, `formatter`, `footerFormatter`, `sortable`, `valign`, `align`, `createdate`) VALUES ('advsearchterms', 'attributedSalesSameSKU', '广告贡献销售额-目标商品', NULL, '180', 21, NULL, NULL, NULL, NULL, NULL, '2019-01-24 10:37:14');
REPLACE INTO `t_sys_query_field` (`fquery`, `ffield`, `title`, `titleTooltip`, `width`, `findex`, `formatter`, `footerFormatter`, `sortable`, `valign`, `align`, `createdate`) VALUES ('advsearchterms', 'attributedUnitsOrdered', '销售订单', '10', '100', 14, NULL, NULL, b'1', NULL, NULL, '2019-02-23 10:20:16');
REPLACE INTO `t_sys_query_field` (`fquery`, `ffield`, `title`, `titleTooltip`, `width`, `findex`, `formatter`, `footerFormatter`, `sortable`, `valign`, `align`, `createdate`) VALUES ('advsearchterms', 'avgcost', '每次点击费用', NULL, '100', 10, 'FloatFormatter', NULL, NULL, NULL, NULL, '2019-01-24 09:32:29');
REPLACE INTO `t_sys_query_field` (`fquery`, `ffield`, `title`, `titleTooltip`, `width`, `findex`, `formatter`, `footerFormatter`, `sortable`, `valign`, `align`, `createdate`) VALUES ('advsearchterms', 'campaignName', '广告活动', NULL, '200', 0, 'stadGroupFormatter', NULL, NULL, NULL, NULL, '2019-02-23 10:20:15');
REPLACE INTO `t_sys_query_field` (`fquery`, `ffield`, `title`, `titleTooltip`, `width`, `findex`, `formatter`, `footerFormatter`, `sortable`, `valign`, `align`, `createdate`) VALUES ('advsearchterms', 'clicks', '点击次数', NULL, '100', 8, NULL, NULL, b'1', NULL, NULL, '2019-01-24 09:32:29');
REPLACE INTO `t_sys_query_field` (`fquery`, `ffield`, `title`, `titleTooltip`, `width`, `findex`, `formatter`, `footerFormatter`, `sortable`, `valign`, `align`, `createdate`) VALUES ('advsearchterms', 'cost', '花费', NULL, '100', 11, NULL, NULL, b'1', NULL, NULL, '2019-01-24 09:32:29');
REPLACE INTO `t_sys_query_field` (`fquery`, `ffield`, `title`, `titleTooltip`, `width`, `findex`, `formatter`, `footerFormatter`, `sortable`, `valign`, `align`, `createdate`) VALUES ('advsearchterms', 'impressions', '曝光量', NULL, '100', 7, NULL, NULL, b'1', NULL, NULL, '2019-01-24 09:32:29');
REPLACE INTO `t_sys_query_field` (`fquery`, `ffield`, `title`, `titleTooltip`, `width`, `findex`, `formatter`, `footerFormatter`, `sortable`, `valign`, `align`, `createdate`) VALUES ('advsearchterms', 'keywordText', '关键词(店铺/站点)', NULL, '150', 2, 'stKeywordsFormatter', NULL, NULL, NULL, NULL, '2019-02-23 10:20:13');
REPLACE INTO `t_sys_query_field` (`fquery`, `ffield`, `title`, `titleTooltip`, `width`, `findex`, `formatter`, `footerFormatter`, `sortable`, `valign`, `align`, `createdate`) VALUES ('advsearchterms', 'matchType', '匹配类型', NULL, '150', 3, 'shmatchTypeFormatter', NULL, NULL, NULL, NULL, '2019-02-23 10:20:12');
REPLACE INTO `t_sys_query_field` (`fquery`, `ffield`, `title`, `titleTooltip`, `width`, `findex`, `formatter`, `footerFormatter`, `sortable`, `valign`, `align`, `createdate`) VALUES ('advsearchterms', 'sumSales', '广告贡献的销售额', NULL, '150', 12, NULL, NULL, NULL, NULL, NULL, '2019-01-24 09:32:29');
REPLACE INTO `t_sys_query_field` (`fquery`, `ffield`, `title`, `titleTooltip`, `width`, `findex`, `formatter`, `footerFormatter`, `sortable`, `valign`, `align`, `createdate`) VALUES ('advsearchterms', 'sumUnits', '销售数量', NULL, '100', 13, NULL, NULL, b'1', NULL, NULL, '2019-01-24 09:32:29');
REPLACE INTO `t_sys_query_field` (`fquery`, `ffield`, `title`, `titleTooltip`, `width`, `findex`, `formatter`, `footerFormatter`, `sortable`, `valign`, `align`, `createdate`) VALUES ('advtargets', 'ACOS', 'Acos', NULL, '100', 14, 'fomatFloatFormatter', NULL, b'1', NULL, NULL, '2019-01-25 11:01:15');
REPLACE INTO `t_sys_query_field` (`fquery`, `ffield`, `title`, `titleTooltip`, `width`, `findex`, `formatter`, `footerFormatter`, `sortable`, `valign`, `align`, `createdate`) VALUES ('advtargets', 'CSRT', '转化率', NULL, '100', 16, 'fomatFloatFormatter', NULL, b'1', NULL, NULL, '2019-01-25 11:01:15');
REPLACE INTO `t_sys_query_field` (`fquery`, `ffield`, `title`, `titleTooltip`, `width`, `findex`, `formatter`, `footerFormatter`, `sortable`, `valign`, `align`, `createdate`) VALUES ('advtargets', 'CTR', '点击率', NULL, '100', 8, 'fomatFloatFormatter', NULL, b'1', NULL, NULL, '2019-01-25 11:01:15');
REPLACE INTO `t_sys_query_field` (`fquery`, `ffield`, `title`, `titleTooltip`, `width`, `findex`, `formatter`, `footerFormatter`, `sortable`, `valign`, `align`, `createdate`) VALUES ('advtargets', 'ROAS', 'RoAs', NULL, '100', 15, 'floatFormatter', NULL, NULL, NULL, NULL, '2019-01-25 11:01:15');
REPLACE INTO `t_sys_query_field` (`fquery`, `ffield`, `title`, `titleTooltip`, `width`, `findex`, `formatter`, `footerFormatter`, `sortable`, `valign`, `align`, `createdate`) VALUES ('advtargets', 'adGroupName', '广告组', NULL, '200', 2, 'subAdgroupFormatter', NULL, NULL, NULL, NULL, NULL);
REPLACE INTO `t_sys_query_field` (`fquery`, `ffield`, `title`, `titleTooltip`, `width`, `findex`, `formatter`, `footerFormatter`, `sortable`, `valign`, `align`, `createdate`) VALUES ('advtargets', 'attributedConversions', '广告转化量--其它商品', NULL, '180', 20, NULL, NULL, NULL, NULL, NULL, '2019-01-18 17:15:42');
REPLACE INTO `t_sys_query_field` (`fquery`, `ffield`, `title`, `titleTooltip`, `width`, `findex`, `formatter`, `footerFormatter`, `sortable`, `valign`, `align`, `createdate`) VALUES ('advtargets', 'attributedConversionsSameSKU', '广告转化量--目标商品', NULL, '180', 19, NULL, NULL, NULL, NULL, NULL, '2019-01-18 17:15:42');
REPLACE INTO `t_sys_query_field` (`fquery`, `ffield`, `title`, `titleTooltip`, `width`, `findex`, `formatter`, `footerFormatter`, `sortable`, `valign`, `align`, `createdate`) VALUES ('advtargets', 'attributedSales', '广告贡献销售额-其它商品', NULL, '180', 18, NULL, NULL, NULL, NULL, NULL, '2019-01-18 17:15:42');
REPLACE INTO `t_sys_query_field` (`fquery`, `ffield`, `title`, `titleTooltip`, `width`, `findex`, `formatter`, `footerFormatter`, `sortable`, `valign`, `align`, `createdate`) VALUES ('advtargets', 'attributedSalesSameSKU', '广告贡献销售额-目标商品', NULL, '180', 17, NULL, NULL, NULL, NULL, NULL, '2019-01-18 17:15:42');
REPLACE INTO `t_sys_query_field` (`fquery`, `ffield`, `title`, `titleTooltip`, `width`, `findex`, `formatter`, `footerFormatter`, `sortable`, `valign`, `align`, `createdate`) VALUES ('advtargets', 'attributedUnitsOrdered', '销售订单', NULL, '100', 13, NULL, NULL, b'1', NULL, NULL, '2019-01-18 17:15:39');
REPLACE INTO `t_sys_query_field` (`fquery`, `ffield`, `title`, `titleTooltip`, `width`, `findex`, `formatter`, `footerFormatter`, `sortable`, `valign`, `align`, `createdate`) VALUES ('advtargets', 'avgcost', '每次点击费用', NULL, '100', 9, 'FloatFormatter', NULL, NULL, NULL, NULL, '2019-01-25 11:01:15');
REPLACE INTO `t_sys_query_field` (`fquery`, `ffield`, `title`, `titleTooltip`, `width`, `findex`, `formatter`, `footerFormatter`, `sortable`, `valign`, `align`, `createdate`) VALUES ('advtargets', 'bid', '商品投放竞价', NULL, '120', 5, 'tagbidFormatter', NULL, NULL, NULL, NULL, NULL);
REPLACE INTO `t_sys_query_field` (`fquery`, `ffield`, `title`, `titleTooltip`, `width`, `findex`, `formatter`, `footerFormatter`, `sortable`, `valign`, `align`, `createdate`) VALUES ('advtargets', 'campaignName', '广告活动', NULL, '200', 1, 'subCampaignsFormatter', NULL, NULL, NULL, NULL, NULL);
REPLACE INTO `t_sys_query_field` (`fquery`, `ffield`, `title`, `titleTooltip`, `width`, `findex`, `formatter`, `footerFormatter`, `sortable`, `valign`, `align`, `createdate`) VALUES ('advtargets', 'clicks', '点击次数', NULL, '100', 7, NULL, NULL, b'1', NULL, NULL, '2019-01-25 11:01:15');
REPLACE INTO `t_sys_query_field` (`fquery`, `ffield`, `title`, `titleTooltip`, `width`, `findex`, `formatter`, `footerFormatter`, `sortable`, `valign`, `align`, `createdate`) VALUES ('advtargets', 'cost', '花费', NULL, '100', 10, NULL, NULL, b'1', NULL, NULL, '2019-01-25 11:01:15');
REPLACE INTO `t_sys_query_field` (`fquery`, `ffield`, `title`, `titleTooltip`, `width`, `findex`, `formatter`, `footerFormatter`, `sortable`, `valign`, `align`, `createdate`) VALUES ('advtargets', 'expressionType', '匹配类型', NULL, '100', 3, 'tagmatchFormatter', NULL, NULL, NULL, NULL, NULL);
REPLACE INTO `t_sys_query_field` (`fquery`, `ffield`, `title`, `titleTooltip`, `width`, `findex`, `formatter`, `footerFormatter`, `sortable`, `valign`, `align`, `createdate`) VALUES ('advtargets', 'impressions', '曝光量', NULL, '100', 6, NULL, NULL, b'1', NULL, NULL, '2019-01-25 11:01:15');
REPLACE INTO `t_sys_query_field` (`fquery`, `ffield`, `title`, `titleTooltip`, `width`, `findex`, `formatter`, `footerFormatter`, `sortable`, `valign`, `align`, `createdate`) VALUES ('advtargets', 'remark', '备注', NULL, '120', 21, 'remarkFormatter', NULL, NULL, NULL, NULL, NULL);
REPLACE INTO `t_sys_query_field` (`fquery`, `ffield`, `title`, `titleTooltip`, `width`, `findex`, `formatter`, `footerFormatter`, `sortable`, `valign`, `align`, `createdate`) VALUES ('advtargets', 'sumSales', '广告贡献的销售额', NULL, '120', 11, NULL, NULL, NULL, NULL, NULL, '2019-01-25 11:01:15');
REPLACE INTO `t_sys_query_field` (`fquery`, `ffield`, `title`, `titleTooltip`, `width`, `findex`, `formatter`, `footerFormatter`, `sortable`, `valign`, `align`, `createdate`) VALUES ('advtargets', 'sumUnits', '销售数量', NULL, '100', 12, NULL, NULL, b'1', NULL, NULL, '2019-01-25 11:01:15');
REPLACE INTO `t_sys_query_field` (`fquery`, `ffield`, `title`, `titleTooltip`, `width`, `findex`, `formatter`, `footerFormatter`, `sortable`, `valign`, `align`, `createdate`) VALUES ('advtargets1', 'suggestBid', '建议竞价', NULL, '120', 4, 'targetsuggestFormatter', NULL, NULL, NULL, NULL, '2019-07-26 19:24:40');
REPLACE INTO `t_sys_query_field` (`fquery`, `ffield`, `title`, `titleTooltip`, `width`, `findex`, `formatter`, `footerFormatter`, `sortable`, `valign`, `align`, `createdate`) VALUES ('analysistarget', 'acoas', 'AcoAs', NULL, NULL, 15, 'rate', NULL, NULL, NULL, NULL, '2019-08-24 14:03:32');
REPLACE INTO `t_sys_query_field` (`fquery`, `ffield`, `title`, `titleTooltip`, `width`, `findex`, `formatter`, `footerFormatter`, `sortable`, `valign`, `align`, `createdate`) VALUES ('analysistarget', 'acos', 'Acos', NULL, NULL, 14, 'rate', NULL, NULL, NULL, NULL, '2019-08-24 14:03:30');
REPLACE INTO `t_sys_query_field` (`fquery`, `ffield`, `title`, `titleTooltip`, `width`, `findex`, `formatter`, `footerFormatter`, `sortable`, `valign`, `align`, `createdate`) VALUES ('analysistarget', 'aups', '广告销量占比', NULL, NULL, 19, 'rate', NULL, NULL, NULL, NULL, NULL);
REPLACE INTO `t_sys_query_field` (`fquery`, `ffield`, `title`, `titleTooltip`, `width`, `findex`, `formatter`, `footerFormatter`, `sortable`, `valign`, `align`, `createdate`) VALUES ('analysistarget', 'aus', '广告销量', NULL, NULL, 18, 'num', NULL, NULL, NULL, NULL, NULL);
REPLACE INTO `t_sys_query_field` (`fquery`, `ffield`, `title`, `titleTooltip`, `width`, `findex`, `formatter`, `footerFormatter`, `sortable`, `valign`, `align`, `createdate`) VALUES ('analysistarget', 'bbp', '购物车比例', NULL, NULL, 3, 'rate', NULL, NULL, NULL, NULL, '2019-08-24 14:03:31');
REPLACE INTO `t_sys_query_field` (`fquery`, `ffield`, `title`, `titleTooltip`, `width`, `findex`, `formatter`, `footerFormatter`, `sortable`, `valign`, `align`, `createdate`) VALUES ('analysistarget', 'cks', '广告点击量', NULL, NULL, 9, 'num', NULL, NULL, NULL, NULL, '2019-08-24 14:03:29');
REPLACE INTO `t_sys_query_field` (`fquery`, `ffield`, `title`, `titleTooltip`, `width`, `findex`, `formatter`, `footerFormatter`, `sortable`, `valign`, `align`, `createdate`) VALUES ('analysistarget', 'cpc', '广告点击花费', NULL, NULL, 13, 'num', NULL, NULL, NULL, NULL, '2019-08-24 14:03:29');
REPLACE INTO `t_sys_query_field` (`fquery`, `ffield`, `title`, `titleTooltip`, `width`, `findex`, `formatter`, `footerFormatter`, `sortable`, `valign`, `align`, `createdate`) VALUES ('analysistarget', 'cr', '广告转化率', NULL, NULL, 16, 'rate', NULL, NULL, NULL, NULL, '2019-08-24 14:03:28');
REPLACE INTO `t_sys_query_field` (`fquery`, `ffield`, `title`, `titleTooltip`, `width`, `findex`, `formatter`, `footerFormatter`, `sortable`, `valign`, `align`, `createdate`) VALUES ('analysistarget', 'ctr', '广告点击率', NULL, NULL, 11, 'rate', NULL, NULL, NULL, NULL, '2019-08-24 14:03:27');
REPLACE INTO `t_sys_query_field` (`fquery`, `ffield`, `title`, `titleTooltip`, `width`, `findex`, `formatter`, `footerFormatter`, `sortable`, `valign`, `align`, `createdate`) VALUES ('analysistarget', 'imp', '广告展示量', NULL, NULL, 10, 'num', NULL, NULL, NULL, NULL, '2019-08-24 14:03:26');
REPLACE INTO `t_sys_query_field` (`fquery`, `ffield`, `title`, `titleTooltip`, `width`, `findex`, `formatter`, `footerFormatter`, `sortable`, `valign`, `align`, `createdate`) VALUES ('analysistarget', 'ods', '订单数', NULL, NULL, 6, 'num', NULL, NULL, NULL, NULL, '2019-08-21 17:15:31');
REPLACE INTO `t_sys_query_field` (`fquery`, `ffield`, `title`, `titleTooltip`, `width`, `findex`, `formatter`, `footerFormatter`, `sortable`, `valign`, `align`, `createdate`) VALUES ('analysistarget', 'osp', '销售转化率', NULL, NULL, 4, 'rate', NULL, NULL, NULL, NULL, '2019-08-24 14:03:19');
REPLACE INTO `t_sys_query_field` (`fquery`, `ffield`, `title`, `titleTooltip`, `width`, `findex`, `formatter`, `footerFormatter`, `sortable`, `valign`, `align`, `createdate`) VALUES ('analysistarget', 'pgv', '页面浏览数量', NULL, NULL, 2, 'num', NULL, NULL, NULL, NULL, '2019-08-24 14:03:20');
REPLACE INTO `t_sys_query_field` (`fquery`, `ffield`, `title`, `titleTooltip`, `width`, `findex`, `formatter`, `footerFormatter`, `sortable`, `valign`, `align`, `createdate`) VALUES ('analysistarget', 'pts', '商品总销售额', NULL, NULL, 8, 'num', NULL, NULL, NULL, NULL, NULL);
REPLACE INTO `t_sys_query_field` (`fquery`, `ffield`, `title`, `titleTooltip`, `width`, `findex`, `formatter`, `footerFormatter`, `sortable`, `valign`, `align`, `createdate`) VALUES ('analysistarget', 'rnk', '产品排名', NULL, NULL, 7, 'num', NULL, NULL, NULL, NULL, '2019-08-24 14:03:22');
REPLACE INTO `t_sys_query_field` (`fquery`, `ffield`, `title`, `titleTooltip`, `width`, `findex`, `formatter`, `footerFormatter`, `sortable`, `valign`, `align`, `createdate`) VALUES ('analysistarget', 'ses', '访问人数', NULL, NULL, 1, 'num', NULL, NULL, NULL, NULL, '2019-08-24 14:03:22');
REPLACE INTO `t_sys_query_field` (`fquery`, `ffield`, `title`, `titleTooltip`, `width`, `findex`, `formatter`, `footerFormatter`, `sortable`, `valign`, `align`, `createdate`) VALUES ('analysistarget', 'spd', '广告花费', NULL, NULL, 12, 'num', NULL, NULL, NULL, NULL, '2019-08-24 14:03:24');
REPLACE INTO `t_sys_query_field` (`fquery`, `ffield`, `title`, `titleTooltip`, `width`, `findex`, `formatter`, `footerFormatter`, `sortable`, `valign`, `align`, `createdate`) VALUES ('analysistarget', 'tos', '广告销售额', NULL, NULL, 17, 'num', NULL, NULL, NULL, NULL, '2019-08-24 14:03:25');
REPLACE INTO `t_sys_query_field` (`fquery`, `ffield`, `title`, `titleTooltip`, `width`, `findex`, `formatter`, `footerFormatter`, `sortable`, `valign`, `align`, `createdate`) VALUES ('analysistarget', 'uns', '销量', NULL, NULL, 5, 'num', NULL, NULL, NULL, NULL, '2019-08-21 17:00:51');
REPLACE INTO `t_sys_role_menu` (`role_id`, `menu_id`) VALUES (26138972975989600, 1);
REPLACE INTO `t_sys_role_menu` (`role_id`, `menu_id`) VALUES (26138972975989600, 2);
REPLACE INTO `t_sys_role_menu` (`role_id`, `menu_id`) VALUES (26138972975989600, 3);
REPLACE INTO `t_sys_role_menu` (`role_id`, `menu_id`) VALUES (26138972975989600, 4);
REPLACE INTO `t_sys_role_menu` (`role_id`, `menu_id`) VALUES (26138972975989600, 6);
REPLACE INTO `t_sys_role_menu` (`role_id`, `menu_id`) VALUES (26138972975989600, 7);
REPLACE INTO `t_sys_role_menu` (`role_id`, `menu_id`) VALUES (26138972975989600, 8);
REPLACE INTO `t_sys_role_menu` (`role_id`, `menu_id`) VALUES (26138972975989600, 9);
REPLACE INTO `t_sys_role_menu` (`role_id`, `menu_id`) VALUES (26138972975989600, 10);
REPLACE INTO `t_sys_role_menu` (`role_id`, `menu_id`) VALUES (26138972975989600, 11);
REPLACE INTO `t_sys_role_menu` (`role_id`, `menu_id`) VALUES (26138972975989600, 12);
REPLACE INTO `t_sys_role_menu` (`role_id`, `menu_id`) VALUES (26138972975989600, 13);
REPLACE INTO `t_sys_role_menu` (`role_id`, `menu_id`) VALUES (26138972975989600, 14);
REPLACE INTO `t_sys_role_menu` (`role_id`, `menu_id`) VALUES (26138972975989600, 16);
REPLACE INTO `t_sys_role_menu` (`role_id`, `menu_id`) VALUES (26138972975989600, 17);
REPLACE INTO `t_sys_role_menu` (`role_id`, `menu_id`) VALUES (26138972975989600, 18);
REPLACE INTO `t_sys_role_menu` (`role_id`, `menu_id`) VALUES (26138972975989600, 19);
REPLACE INTO `t_sys_role_menu` (`role_id`, `menu_id`) VALUES (26138972975989600, 20);
REPLACE INTO `t_sys_role_menu` (`role_id`, `menu_id`) VALUES (26138972975989600, 21);
REPLACE INTO `t_sys_role_menu` (`role_id`, `menu_id`) VALUES (26138972975989600, 22);
REPLACE INTO `t_sys_role_menu` (`role_id`, `menu_id`) VALUES (26138972975989600, 23);
REPLACE INTO `t_sys_role_menu` (`role_id`, `menu_id`) VALUES (26138972975989600, 24);
REPLACE INTO `t_sys_role_menu` (`role_id`, `menu_id`) VALUES (26138972975989600, 26);
REPLACE INTO `t_sys_role_menu` (`role_id`, `menu_id`) VALUES (26138972975989600, 27);
REPLACE INTO `t_sys_role_menu` (`role_id`, `menu_id`) VALUES (26138972975989600, 28);
REPLACE INTO `t_sys_role_menu` (`role_id`, `menu_id`) VALUES (26138972975989600, 29);
REPLACE INTO `t_sys_role_menu` (`role_id`, `menu_id`) VALUES (26138972975989600, 30);
REPLACE INTO `t_sys_role_menu` (`role_id`, `menu_id`) VALUES (26138972975989600, 31);
REPLACE INTO `t_sys_role_menu` (`role_id`, `menu_id`) VALUES (26138972975989600, 32);
REPLACE INTO `t_sys_role_menu` (`role_id`, `menu_id`) VALUES (26138972975989600, 33);
REPLACE INTO `t_sys_role_menu` (`role_id`, `menu_id`) VALUES (26138972975989600, 34);
REPLACE INTO `t_sys_role_menu` (`role_id`, `menu_id`) VALUES (26138972975989600, 35);
REPLACE INTO `t_sys_role_menu` (`role_id`, `menu_id`) VALUES (26138972975989600, 36);
REPLACE INTO `t_sys_role_menu` (`role_id`, `menu_id`) VALUES (26138972975989600, 37);
REPLACE INTO `t_sys_role_menu` (`role_id`, `menu_id`) VALUES (26138972975989600, 38);
REPLACE INTO `t_sys_role_menu` (`role_id`, `menu_id`) VALUES (26138972975989600, 39);
REPLACE INTO `t_sys_role_menu` (`role_id`, `menu_id`) VALUES (26138972975989600, 40);
REPLACE INTO `t_sys_role_menu` (`role_id`, `menu_id`) VALUES (26138972975989600, 41);
REPLACE INTO `t_sys_role_menu` (`role_id`, `menu_id`) VALUES (26138972975989600, 42);
REPLACE INTO `t_sys_role_menu` (`role_id`, `menu_id`) VALUES (26138972975989600, 43);
REPLACE INTO `t_sys_role_menu` (`role_id`, `menu_id`) VALUES (26138972975989600, 44);
REPLACE INTO `t_sys_role_menu` (`role_id`, `menu_id`) VALUES (26138972975989600, 45);
REPLACE INTO `t_sys_role_menu` (`role_id`, `menu_id`) VALUES (26138972975989600, 46);
REPLACE INTO `t_sys_role_menu` (`role_id`, `menu_id`) VALUES (26138972975989600, 47);
REPLACE INTO `t_sys_role_menu` (`role_id`, `menu_id`) VALUES (26138972975989600, 48);
REPLACE INTO `t_sys_role_menu` (`role_id`, `menu_id`) VALUES (26138972975989600, 49);
REPLACE INTO `t_sys_role_menu` (`role_id`, `menu_id`) VALUES (26138972975989600, 50);
REPLACE INTO `t_sys_role_menu` (`role_id`, `menu_id`) VALUES (26138972975989600, 51);
REPLACE INTO `t_sys_role_menu` (`role_id`, `menu_id`) VALUES (26138972975989600, 52);
REPLACE INTO `t_sys_role_menu` (`role_id`, `menu_id`) VALUES (26138972975989600, 53);
REPLACE INTO `t_sys_role_menu` (`role_id`, `menu_id`) VALUES (26138972975989600, 54);
REPLACE INTO `t_sys_role_menu` (`role_id`, `menu_id`) VALUES (26138972975989600, 57);
REPLACE INTO `t_sys_role_menu` (`role_id`, `menu_id`) VALUES (26138972975989600, 58);
REPLACE INTO `t_sys_role_menu` (`role_id`, `menu_id`) VALUES (26138972975989600, 60);
REPLACE INTO `t_sys_role_menu` (`role_id`, `menu_id`) VALUES (26138972975989600, 61);
REPLACE INTO `t_sys_role_menu` (`role_id`, `menu_id`) VALUES (26138972975989600, 62);
REPLACE INTO `t_sys_role_menu` (`role_id`, `menu_id`) VALUES (26138972975989600, 63);
REPLACE INTO `t_sys_role_menu` (`role_id`, `menu_id`) VALUES (26138972975989600, 64);
REPLACE INTO `t_sys_role_menu` (`role_id`, `menu_id`) VALUES (26138972975989600, 65);
REPLACE INTO `t_sys_role_menu` (`role_id`, `menu_id`) VALUES (26138972975989600, 66);
REPLACE INTO `t_sys_role_menu` (`role_id`, `menu_id`) VALUES (26138972975989600, 69);
REPLACE INTO `t_sys_role_menu` (`role_id`, `menu_id`) VALUES (26138972975989600, 70);
REPLACE INTO `t_sys_role_menu` (`role_id`, `menu_id`) VALUES (26138972975989600, 71);
REPLACE INTO `t_sys_role_menu` (`role_id`, `menu_id`) VALUES (26138972975989600, 72);
REPLACE INTO `t_sys_role_menu` (`role_id`, `menu_id`) VALUES (26138972975989600, 73);
REPLACE INTO `t_sys_role_menu` (`role_id`, `menu_id`) VALUES (26138972975989600, 74);
REPLACE INTO `t_sys_role_menu` (`role_id`, `menu_id`) VALUES (26138972975989600, 75);
REPLACE INTO `t_sys_role_menu` (`role_id`, `menu_id`) VALUES (26138972975989600, 76);
REPLACE INTO `t_sys_role_menu` (`role_id`, `menu_id`) VALUES (26138972975989600, 77);
REPLACE INTO `t_sys_role_menu` (`role_id`, `menu_id`) VALUES (26138972975989600, 78);
REPLACE INTO `t_sys_role_menu` (`role_id`, `menu_id`) VALUES (26138972975989600, 79);
REPLACE INTO `t_sys_role_menu` (`role_id`, `menu_id`) VALUES (26138972975989600, 80);
REPLACE INTO `t_sys_role_menu` (`role_id`, `menu_id`) VALUES (26138972975989600, 81);
REPLACE INTO `t_sys_role_menu` (`role_id`, `menu_id`) VALUES (26138972975989600, 82);
REPLACE INTO `t_sys_role_menu` (`role_id`, `menu_id`) VALUES (26138972975989600, 83);
REPLACE INTO `t_sys_role_menu` (`role_id`, `menu_id`) VALUES (26138972975989600, 84);
REPLACE INTO `t_sys_role_menu` (`role_id`, `menu_id`) VALUES (26138972975989600, 85);
REPLACE INTO `t_sys_role_menu` (`role_id`, `menu_id`) VALUES (26138972975989600, 86);
REPLACE INTO `t_sys_role_menu` (`role_id`, `menu_id`) VALUES (26138972975989600, 88);
REPLACE INTO `t_sys_role_menu` (`role_id`, `menu_id`) VALUES (26138972975989600, 89);
REPLACE INTO `t_sys_role_menu` (`role_id`, `menu_id`) VALUES (26138972975989600, 90);
REPLACE INTO `t_sys_role_menu` (`role_id`, `menu_id`) VALUES (26138972975989600, 91);
REPLACE INTO `t_sys_role_menu` (`role_id`, `menu_id`) VALUES (26138972975989600, 92);
REPLACE INTO `t_sys_role_menu` (`role_id`, `menu_id`) VALUES (26138972975989600, 93);
REPLACE INTO `t_sys_role_menu` (`role_id`, `menu_id`) VALUES (26138972975989600, 94);
REPLACE INTO `t_sys_role_menu` (`role_id`, `menu_id`) VALUES (26138972975989600, 96);
REPLACE INTO `t_sys_role_menu` (`role_id`, `menu_id`) VALUES (26138972975989600, 97);
REPLACE INTO `t_sys_role_menu` (`role_id`, `menu_id`) VALUES (26138972975989600, 98);
REPLACE INTO `t_sys_role_menu` (`role_id`, `menu_id`) VALUES (26138972975989600, 99);
REPLACE INTO `t_sys_role_menu` (`role_id`, `menu_id`) VALUES (26138972975989600, 100);
REPLACE INTO `t_sys_role_menu` (`role_id`, `menu_id`) VALUES (26138972975989600, 101);
REPLACE INTO `t_sys_role_menu` (`role_id`, `menu_id`) VALUES (26138972975989600, 102);
REPLACE INTO `t_sys_role_menu` (`role_id`, `menu_id`) VALUES (26138972975989600, 103);
REPLACE INTO `t_sys_role_menu` (`role_id`, `menu_id`) VALUES (26138972975989600, 104);
REPLACE INTO `t_sys_role_menu` (`role_id`, `menu_id`) VALUES (26138972975989600, 105);
REPLACE INTO `t_sys_role_menu` (`role_id`, `menu_id`) VALUES (26138972975989600, 106);
REPLACE INTO `t_sys_role_menu` (`role_id`, `menu_id`) VALUES (26138972975989600, 107);
REPLACE INTO `t_sys_role_menu` (`role_id`, `menu_id`) VALUES (26138972975989600, 109);
REPLACE INTO `t_sys_role_menu` (`role_id`, `menu_id`) VALUES (26138972975989600, 110);
REPLACE INTO `t_sys_role_menu` (`role_id`, `menu_id`) VALUES (26138972975989600, 111);
REPLACE INTO `t_sys_role_menu` (`role_id`, `menu_id`) VALUES (26138972975989600, 112);
REPLACE INTO `t_sys_role_menu` (`role_id`, `menu_id`) VALUES (26138972975989600, 113);
REPLACE INTO `t_sys_role_menu` (`role_id`, `menu_id`) VALUES (26138972975989600, 114);
REPLACE INTO `t_sys_role_menu` (`role_id`, `menu_id`) VALUES (26138972975989600, 115);
REPLACE INTO `t_sys_role_menu` (`role_id`, `menu_id`) VALUES (26138972975989600, 116);
REPLACE INTO `t_sys_role_menu` (`role_id`, `menu_id`) VALUES (26138972975989600, 117);
REPLACE INTO `t_sys_role_menu` (`role_id`, `menu_id`) VALUES (26138972975989600, 118);
REPLACE INTO `t_sys_role_menu` (`role_id`, `menu_id`) VALUES (26138972975989600, 119);
REPLACE INTO `t_sys_role_menu` (`role_id`, `menu_id`) VALUES (26138972975989600, 120);
REPLACE INTO `t_sys_role_menu` (`role_id`, `menu_id`) VALUES (26138972975989600, 121);
REPLACE INTO `t_sys_role_menu` (`role_id`, `menu_id`) VALUES (26138972975989600, 122);
REPLACE INTO `t_sys_role_menu` (`role_id`, `menu_id`) VALUES (26138972975989600, 123);
REPLACE INTO `t_sys_role_menu` (`role_id`, `menu_id`) VALUES (26138972975989600, 124);
REPLACE INTO `t_sys_role_menu` (`role_id`, `menu_id`) VALUES (26138972975989600, 125);
REPLACE INTO `t_sys_role_menu` (`role_id`, `menu_id`) VALUES (26138972975989600, 126);
REPLACE INTO `t_sys_role_menu` (`role_id`, `menu_id`) VALUES (26138972975989600, 127);
REPLACE INTO `t_sys_role_menu` (`role_id`, `menu_id`) VALUES (26138972975989600, 128);
REPLACE INTO `t_sys_role_menu` (`role_id`, `menu_id`) VALUES (26138972975989600, 129);
REPLACE INTO `t_sys_role_menu` (`role_id`, `menu_id`) VALUES (26138972975989600, 131);
REPLACE INTO `t_sys_role_menu` (`role_id`, `menu_id`) VALUES (26138972975989600, 132);
REPLACE INTO `t_sys_role_menu` (`role_id`, `menu_id`) VALUES (26138972975989600, 141);
REPLACE INTO `t_sys_role_menu` (`role_id`, `menu_id`) VALUES (26138972975989600, 163);
REPLACE INTO `t_sys_role_menu` (`role_id`, `menu_id`) VALUES (26138972975989600, 199);
REPLACE INTO `t_sys_role_menu` (`role_id`, `menu_id`) VALUES (26138972975989600, 202);
REPLACE INTO `t_sys_role_menu` (`role_id`, `menu_id`) VALUES (26138972975989600, 211);
REPLACE INTO `t_sys_role_menu` (`role_id`, `menu_id`) VALUES (26138972975989600, 212);
REPLACE INTO `t_sys_role_menu` (`role_id`, `menu_id`) VALUES (26138972975989600, 213);
REPLACE INTO `t_sys_role_menu` (`role_id`, `menu_id`) VALUES (26138972975989600, 215);
REPLACE INTO `t_sys_role_menu` (`role_id`, `menu_id`) VALUES (26138972975989600, 225);
REPLACE INTO `t_sys_role_menu` (`role_id`, `menu_id`) VALUES (26138972975989600, 236);
REPLACE INTO `t_sys_role_menu` (`role_id`, `menu_id`) VALUES (26138972975989600, 299);
REPLACE INTO `t_sys_role_menu` (`role_id`, `menu_id`) VALUES (26138972975989600, 306);
REPLACE INTO `t_sys_role_menu` (`role_id`, `menu_id`) VALUES (26138972975989600, 307);
REPLACE INTO `t_sys_role_menu` (`role_id`, `menu_id`) VALUES (26138972975989600, 317);
REPLACE INTO `t_sys_role_menu` (`role_id`, `menu_id`) VALUES (26138972975989600, 1010);
REPLACE INTO `t_sys_role_menu` (`role_id`, `menu_id`) VALUES (26138972975989600, 2201);
REPLACE INTO `t_sys_role_menu` (`role_id`, `menu_id`) VALUES (26138972975989600, 3001);
-- --------------------------------------------------------
-- 主机:                           rm-wz903sa454i2h35ik6o.mysql.rds.aliyuncs.com
-- 服务器版本:                        5.7.28-log - Source distribution
-- 服务器操作系统:                      Linux
-- HeidiSQL 版本:                  12.6.0.6765
-- --------------------------------------------------------

/*!40101 SET @OLD_CHARACTER_SET_CLIENT=@@CHARACTER_SET_CLIENT */;
/*!40101 SET NAMES utf8 */;
/*!50503 SET NAMES utf8mb4 */;
/*!40103 SET @OLD_TIME_ZONE=@@TIME_ZONE */;
/*!40103 SET TIME_ZONE='+00:00' */;
/*!40014 SET @OLD_FOREIGN_KEY_CHECKS=@@FOREIGN_KEY_CHECKS, FOREIGN_KEY_CHECKS=0 */;
/*!40101 SET @OLD_SQL_MODE=@@SQL_MODE, SQL_MODE='NO_AUTO_VALUE_ON_ZERO' */;
/*!40111 SET @OLD_SQL_NOTES=@@SQL_NOTES, SQL_NOTES=0 */;

-- 正在导出表  db_admin.t_sys_tariff_packages 的数据：~5 rows (大约)
DELETE FROM `t_sys_tariff_packages`;
INSERT INTO `t_sys_tariff_packages` (`id`, `name`, `roleId`, `isdefault`, `maxShopCount`, `maxProductCount`, `maxOrderCount`, `maxMember`, `maxProfitPlanCount`, `maxMarketCount`, `orderMemoryCount`, `dayOpenAdvCount`, `controlProductCount`, `anysisProductCount`, `yearprice`, `monthprice`, `lastUpdateTime`, `lastUpdateUser`) VALUES
	(0, '免费版', 26138972975989607, b'1', 100000000, 100000000, 1800, 3, 1, 100000000, '12', 50, 100000000, 100000000, 0.00, 0.00, '2019-03-11', 'aeaec5ff-ab13-11e6-bab5-00e04c023f0e'),
	(1, '入门版', 26138972975989587, b'0', 100000000, 100000000, 9000, 10, 2, 100000000, '36', 300, 100000000, 100000000, 380.00, 38.00, '2019-03-11', 'aeaec5ff-ab13-11e6-bab5-00e04c023f0e'),
	(2, '标准版', 26138972975989571, b'0', 100000000, 100000000, 30000, 50, 5, 100000000, '36', 3000, 100000000, 100000000, 899.00, 89.00, '2019-03-11', 'aeaec5ff-ab13-11e6-bab5-00e04c023f0e'),
	(3, '专业版', 26138972975989575, b'0', 100000000, 100000000, 60000, 100, 10, 100000000, '36', 8000, 100000000, 100000000, 1600.00, 140.00, '2019-03-11', 'aeaec5ff-ab13-11e6-bab5-00e04c023f0e'),
	(4, '旗舰版', 26138972975989596, b'0', 100000000, 100000000, 100000000, 100000000, 100000000, 100000000, '72', 100000000, 100000000, 100000000, 8000.00, 1000.00, '2019-03-11', 'aeaec5ff-ab13-11e6-bab5-00e04c023f0e');

/*!40103 SET TIME_ZONE=IFNULL(@OLD_TIME_ZONE, 'system') */;
/*!40101 SET SQL_MODE=IFNULL(@OLD_SQL_MODE, '') */;
/*!40014 SET FOREIGN_KEY_CHECKS=IFNULL(@OLD_FOREIGN_KEY_CHECKS, 1) */;
/*!40101 SET CHARACTER_SET_CLIENT=@OLD_CHARACTER_SET_CLIENT */;
/*!40111 SET SQL_NOTES=IFNULL(@OLD_SQL_NOTES, 1) */;
INSERT INTO `t_user` (`id`, `account`, `password`, `salt`, `leader_id`, `losingEffect`, `logicDelete`, `disable`, `isActive`, `hasEmail`, `member`, `passwordkey`, `lastlogintime`, `lastloginip`, `lastloginsession`, `opttime`, `createDate`, `ftype`, `oldid`, `deptid`) VALUES (26138972975759242, 'admin@wimoor.com', '348d576749fb860a238cac06f49d828d', 'a339598eb2ec5f757c47bb03dffb25b8', 26138972975759242, '2098-12-31', b'0', b'0', b'1', b'1', 0, NULL, '2022-10-27 09:36:56', '0:0:0:0:0:0:0:1', 'fbe5f44c-b49b-47aa-bd48-047290008ec2', NULL, '2016-11-01 00:00:00', 'email', NULL, NULL);

INSERT INTO `t_user_role` (`id`, `user_id`, `role_id`) VALUES (26138972975989807, 26138972975759242, 26138972975989600);
INSERT INTO `t_user_shop` (`id`, `user_id`, `shop_id`) VALUES (26138972975989613, 26138972975759242, 26138972975530053);
REPLACE INTO `t_userinfo` (`id`, `name`, `sex`, `picture`, `tel`, `company`, `email`, `remark`) VALUES (26138972975759242, '管理员', NULL, NULL, NULL, NULL, NULL, NULL);
